filename,filepath,class
0_left.jpg,E:\Main project\Batch 15\dataset\cataract\0_left.jpg,cataract
103_left.jpg,E:\Main project\Batch 15\dataset\cataract\103_left.jpg,cataract
1062_right.jpg,E:\Main project\Batch 15\dataset\cataract\1062_right.jpg,cataract
1083_left.jpg,E:\Main project\Batch 15\dataset\cataract\1083_left.jpg,cataract
1084_right.jpg,E:\Main project\Batch 15\dataset\cataract\1084_right.jpg,cataract
1102_left.jpg,E:\Main project\Batch 15\dataset\cataract\1102_left.jpg,cataract
1102_right.jpg,E:\Main project\Batch 15\dataset\cataract\1102_right.jpg,cataract
1115_left.jpg,E:\Main project\Batch 15\dataset\cataract\1115_left.jpg,cataract
1126_right.jpg,E:\Main project\Batch 15\dataset\cataract\1126_right.jpg,cataract
112_right.jpg,E:\Main project\Batch 15\dataset\cataract\112_right.jpg,cataract
1144_left.jpg,E:\Main project\Batch 15\dataset\cataract\1144_left.jpg,cataract
1144_right.jpg,E:\Main project\Batch 15\dataset\cataract\1144_right.jpg,cataract
1164_left.jpg,E:\Main project\Batch 15\dataset\cataract\1164_left.jpg,cataract
1167_right.jpg,E:\Main project\Batch 15\dataset\cataract\1167_right.jpg,cataract
119_left.jpg,E:\Main project\Batch 15\dataset\cataract\119_left.jpg,cataract
1285_left.jpg,E:\Main project\Batch 15\dataset\cataract\1285_left.jpg,cataract
1415_left.jpg,E:\Main project\Batch 15\dataset\cataract\1415_left.jpg,cataract
1415_right.jpg,E:\Main project\Batch 15\dataset\cataract\1415_right.jpg,cataract
1435_left.jpg,E:\Main project\Batch 15\dataset\cataract\1435_left.jpg,cataract
1444_left.jpg,E:\Main project\Batch 15\dataset\cataract\1444_left.jpg,cataract
1452_left.jpg,E:\Main project\Batch 15\dataset\cataract\1452_left.jpg,cataract
1454_right.jpg,E:\Main project\Batch 15\dataset\cataract\1454_right.jpg,cataract
1456_left.jpg,E:\Main project\Batch 15\dataset\cataract\1456_left.jpg,cataract
1460_right.jpg,E:\Main project\Batch 15\dataset\cataract\1460_right.jpg,cataract
1468_left.jpg,E:\Main project\Batch 15\dataset\cataract\1468_left.jpg,cataract
1483_right.jpg,E:\Main project\Batch 15\dataset\cataract\1483_right.jpg,cataract
1484_left.jpg,E:\Main project\Batch 15\dataset\cataract\1484_left.jpg,cataract
1484_right.jpg,E:\Main project\Batch 15\dataset\cataract\1484_right.jpg,cataract
1490_right.jpg,E:\Main project\Batch 15\dataset\cataract\1490_right.jpg,cataract
188_right.jpg,E:\Main project\Batch 15\dataset\cataract\188_right.jpg,cataract
1968_left.jpg,E:\Main project\Batch 15\dataset\cataract\1968_left.jpg,cataract
1987_left.jpg,E:\Main project\Batch 15\dataset\cataract\1987_left.jpg,cataract
1994_left.jpg,E:\Main project\Batch 15\dataset\cataract\1994_left.jpg,cataract
2052_left.jpg,E:\Main project\Batch 15\dataset\cataract\2052_left.jpg,cataract
2052_right.jpg,E:\Main project\Batch 15\dataset\cataract\2052_right.jpg,cataract
2074_right.jpg,E:\Main project\Batch 15\dataset\cataract\2074_right.jpg,cataract
2095_right.jpg,E:\Main project\Batch 15\dataset\cataract\2095_right.jpg,cataract
2096_right.jpg,E:\Main project\Batch 15\dataset\cataract\2096_right.jpg,cataract
2097_right.jpg,E:\Main project\Batch 15\dataset\cataract\2097_right.jpg,cataract
2098_left.jpg,E:\Main project\Batch 15\dataset\cataract\2098_left.jpg,cataract
2098_right.jpg,E:\Main project\Batch 15\dataset\cataract\2098_right.jpg,cataract
2099_left.jpg,E:\Main project\Batch 15\dataset\cataract\2099_left.jpg,cataract
2100_right.jpg,E:\Main project\Batch 15\dataset\cataract\2100_right.jpg,cataract
2101_left.jpg,E:\Main project\Batch 15\dataset\cataract\2101_left.jpg,cataract
2101_right.jpg,E:\Main project\Batch 15\dataset\cataract\2101_right.jpg,cataract
2103_left.jpg,E:\Main project\Batch 15\dataset\cataract\2103_left.jpg,cataract
2103_right.jpg,E:\Main project\Batch 15\dataset\cataract\2103_right.jpg,cataract
2104_left.jpg,E:\Main project\Batch 15\dataset\cataract\2104_left.jpg,cataract
2104_right.jpg,E:\Main project\Batch 15\dataset\cataract\2104_right.jpg,cataract
2105_left.jpg,E:\Main project\Batch 15\dataset\cataract\2105_left.jpg,cataract
2105_right.jpg,E:\Main project\Batch 15\dataset\cataract\2105_right.jpg,cataract
2106_right.jpg,E:\Main project\Batch 15\dataset\cataract\2106_right.jpg,cataract
2107_left.jpg,E:\Main project\Batch 15\dataset\cataract\2107_left.jpg,cataract
2108_left.jpg,E:\Main project\Batch 15\dataset\cataract\2108_left.jpg,cataract
2108_right.jpg,E:\Main project\Batch 15\dataset\cataract\2108_right.jpg,cataract
2109_left.jpg,E:\Main project\Batch 15\dataset\cataract\2109_left.jpg,cataract
2109_right.jpg,E:\Main project\Batch 15\dataset\cataract\2109_right.jpg,cataract
2110_left.jpg,E:\Main project\Batch 15\dataset\cataract\2110_left.jpg,cataract
2110_right.jpg,E:\Main project\Batch 15\dataset\cataract\2110_right.jpg,cataract
2111_left.jpg,E:\Main project\Batch 15\dataset\cataract\2111_left.jpg,cataract
2113_left.jpg,E:\Main project\Batch 15\dataset\cataract\2113_left.jpg,cataract
2113_right.jpg,E:\Main project\Batch 15\dataset\cataract\2113_right.jpg,cataract
2114_left.jpg,E:\Main project\Batch 15\dataset\cataract\2114_left.jpg,cataract
2114_right.jpg,E:\Main project\Batch 15\dataset\cataract\2114_right.jpg,cataract
2115_right.jpg,E:\Main project\Batch 15\dataset\cataract\2115_right.jpg,cataract
2116_left.jpg,E:\Main project\Batch 15\dataset\cataract\2116_left.jpg,cataract
2116_right.jpg,E:\Main project\Batch 15\dataset\cataract\2116_right.jpg,cataract
2117_left.jpg,E:\Main project\Batch 15\dataset\cataract\2117_left.jpg,cataract
2118_right.jpg,E:\Main project\Batch 15\dataset\cataract\2118_right.jpg,cataract
2119_right.jpg,E:\Main project\Batch 15\dataset\cataract\2119_right.jpg,cataract
2120_left.jpg,E:\Main project\Batch 15\dataset\cataract\2120_left.jpg,cataract
2120_right.jpg,E:\Main project\Batch 15\dataset\cataract\2120_right.jpg,cataract
2121_left.jpg,E:\Main project\Batch 15\dataset\cataract\2121_left.jpg,cataract
2122_left.jpg,E:\Main project\Batch 15\dataset\cataract\2122_left.jpg,cataract
2122_right.jpg,E:\Main project\Batch 15\dataset\cataract\2122_right.jpg,cataract
2123_left.jpg,E:\Main project\Batch 15\dataset\cataract\2123_left.jpg,cataract
2124_left.jpg,E:\Main project\Batch 15\dataset\cataract\2124_left.jpg,cataract
2125_left.jpg,E:\Main project\Batch 15\dataset\cataract\2125_left.jpg,cataract
2126_left.jpg,E:\Main project\Batch 15\dataset\cataract\2126_left.jpg,cataract
2126_right.jpg,E:\Main project\Batch 15\dataset\cataract\2126_right.jpg,cataract
2127_left.jpg,E:\Main project\Batch 15\dataset\cataract\2127_left.jpg,cataract
2127_right.jpg,E:\Main project\Batch 15\dataset\cataract\2127_right.jpg,cataract
2128_left.jpg,E:\Main project\Batch 15\dataset\cataract\2128_left.jpg,cataract
2128_right.jpg,E:\Main project\Batch 15\dataset\cataract\2128_right.jpg,cataract
2129_left.jpg,E:\Main project\Batch 15\dataset\cataract\2129_left.jpg,cataract
2129_right.jpg,E:\Main project\Batch 15\dataset\cataract\2129_right.jpg,cataract
2130_left.jpg,E:\Main project\Batch 15\dataset\cataract\2130_left.jpg,cataract
2130_right.jpg,E:\Main project\Batch 15\dataset\cataract\2130_right.jpg,cataract
2132_left.jpg,E:\Main project\Batch 15\dataset\cataract\2132_left.jpg,cataract
2133_left.jpg,E:\Main project\Batch 15\dataset\cataract\2133_left.jpg,cataract
2133_right.jpg,E:\Main project\Batch 15\dataset\cataract\2133_right.jpg,cataract
2134_left.jpg,E:\Main project\Batch 15\dataset\cataract\2134_left.jpg,cataract
2134_right.jpg,E:\Main project\Batch 15\dataset\cataract\2134_right.jpg,cataract
2135_left.jpg,E:\Main project\Batch 15\dataset\cataract\2135_left.jpg,cataract
2135_right.jpg,E:\Main project\Batch 15\dataset\cataract\2135_right.jpg,cataract
2136_left.jpg,E:\Main project\Batch 15\dataset\cataract\2136_left.jpg,cataract
2137_left.jpg,E:\Main project\Batch 15\dataset\cataract\2137_left.jpg,cataract
2137_right.jpg,E:\Main project\Batch 15\dataset\cataract\2137_right.jpg,cataract
2138_left.jpg,E:\Main project\Batch 15\dataset\cataract\2138_left.jpg,cataract
2138_right.jpg,E:\Main project\Batch 15\dataset\cataract\2138_right.jpg,cataract
2139_right.jpg,E:\Main project\Batch 15\dataset\cataract\2139_right.jpg,cataract
2140_left.jpg,E:\Main project\Batch 15\dataset\cataract\2140_left.jpg,cataract
2140_right.jpg,E:\Main project\Batch 15\dataset\cataract\2140_right.jpg,cataract
2141_right.jpg,E:\Main project\Batch 15\dataset\cataract\2141_right.jpg,cataract
2142_left.jpg,E:\Main project\Batch 15\dataset\cataract\2142_left.jpg,cataract
2142_right.jpg,E:\Main project\Batch 15\dataset\cataract\2142_right.jpg,cataract
2143_right.jpg,E:\Main project\Batch 15\dataset\cataract\2143_right.jpg,cataract
2144_left.jpg,E:\Main project\Batch 15\dataset\cataract\2144_left.jpg,cataract
2144_right.jpg,E:\Main project\Batch 15\dataset\cataract\2144_right.jpg,cataract
2145_left.jpg,E:\Main project\Batch 15\dataset\cataract\2145_left.jpg,cataract
2146_left.jpg,E:\Main project\Batch 15\dataset\cataract\2146_left.jpg,cataract
2146_right.jpg,E:\Main project\Batch 15\dataset\cataract\2146_right.jpg,cataract
2147_left.jpg,E:\Main project\Batch 15\dataset\cataract\2147_left.jpg,cataract
2149_right.jpg,E:\Main project\Batch 15\dataset\cataract\2149_right.jpg,cataract
2150_left.jpg,E:\Main project\Batch 15\dataset\cataract\2150_left.jpg,cataract
2150_right.jpg,E:\Main project\Batch 15\dataset\cataract\2150_right.jpg,cataract
2151_left.jpg,E:\Main project\Batch 15\dataset\cataract\2151_left.jpg,cataract
2151_right.jpg,E:\Main project\Batch 15\dataset\cataract\2151_right.jpg,cataract
2152_left.jpg,E:\Main project\Batch 15\dataset\cataract\2152_left.jpg,cataract
2153_left.jpg,E:\Main project\Batch 15\dataset\cataract\2153_left.jpg,cataract
2153_right.jpg,E:\Main project\Batch 15\dataset\cataract\2153_right.jpg,cataract
2154_left.jpg,E:\Main project\Batch 15\dataset\cataract\2154_left.jpg,cataract
2155_left.jpg,E:\Main project\Batch 15\dataset\cataract\2155_left.jpg,cataract
2155_right.jpg,E:\Main project\Batch 15\dataset\cataract\2155_right.jpg,cataract
2156_left.jpg,E:\Main project\Batch 15\dataset\cataract\2156_left.jpg,cataract
2157_left.jpg,E:\Main project\Batch 15\dataset\cataract\2157_left.jpg,cataract
2157_right.jpg,E:\Main project\Batch 15\dataset\cataract\2157_right.jpg,cataract
2158_left.jpg,E:\Main project\Batch 15\dataset\cataract\2158_left.jpg,cataract
2158_right.jpg,E:\Main project\Batch 15\dataset\cataract\2158_right.jpg,cataract
2159_left.jpg,E:\Main project\Batch 15\dataset\cataract\2159_left.jpg,cataract
2160_right.jpg,E:\Main project\Batch 15\dataset\cataract\2160_right.jpg,cataract
2161_right.jpg,E:\Main project\Batch 15\dataset\cataract\2161_right.jpg,cataract
2162_right.jpg,E:\Main project\Batch 15\dataset\cataract\2162_right.jpg,cataract
2163_left.jpg,E:\Main project\Batch 15\dataset\cataract\2163_left.jpg,cataract
2163_right.jpg,E:\Main project\Batch 15\dataset\cataract\2163_right.jpg,cataract
2164_left.jpg,E:\Main project\Batch 15\dataset\cataract\2164_left.jpg,cataract
2164_right.jpg,E:\Main project\Batch 15\dataset\cataract\2164_right.jpg,cataract
2165_right.jpg,E:\Main project\Batch 15\dataset\cataract\2165_right.jpg,cataract
2166_left.jpg,E:\Main project\Batch 15\dataset\cataract\2166_left.jpg,cataract
2167_left.jpg,E:\Main project\Batch 15\dataset\cataract\2167_left.jpg,cataract
2167_right.jpg,E:\Main project\Batch 15\dataset\cataract\2167_right.jpg,cataract
2168_left.jpg,E:\Main project\Batch 15\dataset\cataract\2168_left.jpg,cataract
2168_right.jpg,E:\Main project\Batch 15\dataset\cataract\2168_right.jpg,cataract
2169_left.jpg,E:\Main project\Batch 15\dataset\cataract\2169_left.jpg,cataract
2169_right.jpg,E:\Main project\Batch 15\dataset\cataract\2169_right.jpg,cataract
2170_left.jpg,E:\Main project\Batch 15\dataset\cataract\2170_left.jpg,cataract
2170_right.jpg,E:\Main project\Batch 15\dataset\cataract\2170_right.jpg,cataract
2171_left.jpg,E:\Main project\Batch 15\dataset\cataract\2171_left.jpg,cataract
2172_left.jpg,E:\Main project\Batch 15\dataset\cataract\2172_left.jpg,cataract
2173_right.jpg,E:\Main project\Batch 15\dataset\cataract\2173_right.jpg,cataract
2174_right.jpg,E:\Main project\Batch 15\dataset\cataract\2174_right.jpg,cataract
2175_left.jpg,E:\Main project\Batch 15\dataset\cataract\2175_left.jpg,cataract
2176_left.jpg,E:\Main project\Batch 15\dataset\cataract\2176_left.jpg,cataract
2176_right.jpg,E:\Main project\Batch 15\dataset\cataract\2176_right.jpg,cataract
2177_right.jpg,E:\Main project\Batch 15\dataset\cataract\2177_right.jpg,cataract
2178_left.jpg,E:\Main project\Batch 15\dataset\cataract\2178_left.jpg,cataract
2178_right.jpg,E:\Main project\Batch 15\dataset\cataract\2178_right.jpg,cataract
2179_left.jpg,E:\Main project\Batch 15\dataset\cataract\2179_left.jpg,cataract
2179_right.jpg,E:\Main project\Batch 15\dataset\cataract\2179_right.jpg,cataract
2180_left.jpg,E:\Main project\Batch 15\dataset\cataract\2180_left.jpg,cataract
2180_right.jpg,E:\Main project\Batch 15\dataset\cataract\2180_right.jpg,cataract
2181_left.jpg,E:\Main project\Batch 15\dataset\cataract\2181_left.jpg,cataract
2181_right.jpg,E:\Main project\Batch 15\dataset\cataract\2181_right.jpg,cataract
2182_left.jpg,E:\Main project\Batch 15\dataset\cataract\2182_left.jpg,cataract
2182_right.jpg,E:\Main project\Batch 15\dataset\cataract\2182_right.jpg,cataract
2183_left.jpg,E:\Main project\Batch 15\dataset\cataract\2183_left.jpg,cataract
2183_right.jpg,E:\Main project\Batch 15\dataset\cataract\2183_right.jpg,cataract
2184_left.jpg,E:\Main project\Batch 15\dataset\cataract\2184_left.jpg,cataract
2184_right.jpg,E:\Main project\Batch 15\dataset\cataract\2184_right.jpg,cataract
2185_left.jpg,E:\Main project\Batch 15\dataset\cataract\2185_left.jpg,cataract
2187_right.jpg,E:\Main project\Batch 15\dataset\cataract\2187_right.jpg,cataract
2189_left.jpg,E:\Main project\Batch 15\dataset\cataract\2189_left.jpg,cataract
2189_right.jpg,E:\Main project\Batch 15\dataset\cataract\2189_right.jpg,cataract
218_right.jpg,E:\Main project\Batch 15\dataset\cataract\218_right.jpg,cataract
2190_right.jpg,E:\Main project\Batch 15\dataset\cataract\2190_right.jpg,cataract
2191_right.jpg,E:\Main project\Batch 15\dataset\cataract\2191_right.jpg,cataract
2192_left.jpg,E:\Main project\Batch 15\dataset\cataract\2192_left.jpg,cataract
2192_right.jpg,E:\Main project\Batch 15\dataset\cataract\2192_right.jpg,cataract
2193_right.jpg,E:\Main project\Batch 15\dataset\cataract\2193_right.jpg,cataract
2194_left.jpg,E:\Main project\Batch 15\dataset\cataract\2194_left.jpg,cataract
2194_right.jpg,E:\Main project\Batch 15\dataset\cataract\2194_right.jpg,cataract
2195_left.jpg,E:\Main project\Batch 15\dataset\cataract\2195_left.jpg,cataract
2195_right.jpg,E:\Main project\Batch 15\dataset\cataract\2195_right.jpg,cataract
2196_right.jpg,E:\Main project\Batch 15\dataset\cataract\2196_right.jpg,cataract
2197_right.jpg,E:\Main project\Batch 15\dataset\cataract\2197_right.jpg,cataract
2198_left.jpg,E:\Main project\Batch 15\dataset\cataract\2198_left.jpg,cataract
2198_right.jpg,E:\Main project\Batch 15\dataset\cataract\2198_right.jpg,cataract
2199_left.jpg,E:\Main project\Batch 15\dataset\cataract\2199_left.jpg,cataract
2200_left.jpg,E:\Main project\Batch 15\dataset\cataract\2200_left.jpg,cataract
2201_right.jpg,E:\Main project\Batch 15\dataset\cataract\2201_right.jpg,cataract
2203_left.jpg,E:\Main project\Batch 15\dataset\cataract\2203_left.jpg,cataract
2203_right.jpg,E:\Main project\Batch 15\dataset\cataract\2203_right.jpg,cataract
2204_left.jpg,E:\Main project\Batch 15\dataset\cataract\2204_left.jpg,cataract
2205_right.jpg,E:\Main project\Batch 15\dataset\cataract\2205_right.jpg,cataract
2206_left.jpg,E:\Main project\Batch 15\dataset\cataract\2206_left.jpg,cataract
2206_right.jpg,E:\Main project\Batch 15\dataset\cataract\2206_right.jpg,cataract
2207_left.jpg,E:\Main project\Batch 15\dataset\cataract\2207_left.jpg,cataract
2207_right.jpg,E:\Main project\Batch 15\dataset\cataract\2207_right.jpg,cataract
2208_right.jpg,E:\Main project\Batch 15\dataset\cataract\2208_right.jpg,cataract
2209_left.jpg,E:\Main project\Batch 15\dataset\cataract\2209_left.jpg,cataract
2209_right.jpg,E:\Main project\Batch 15\dataset\cataract\2209_right.jpg,cataract
2210_left.jpg,E:\Main project\Batch 15\dataset\cataract\2210_left.jpg,cataract
2210_right.jpg,E:\Main project\Batch 15\dataset\cataract\2210_right.jpg,cataract
2211_left.jpg,E:\Main project\Batch 15\dataset\cataract\2211_left.jpg,cataract
2211_right.jpg,E:\Main project\Batch 15\dataset\cataract\2211_right.jpg,cataract
2212_left.jpg,E:\Main project\Batch 15\dataset\cataract\2212_left.jpg,cataract
2212_right.jpg,E:\Main project\Batch 15\dataset\cataract\2212_right.jpg,cataract
2213_left.jpg,E:\Main project\Batch 15\dataset\cataract\2213_left.jpg,cataract
2213_right.jpg,E:\Main project\Batch 15\dataset\cataract\2213_right.jpg,cataract
2215_left.jpg,E:\Main project\Batch 15\dataset\cataract\2215_left.jpg,cataract
2216_left.jpg,E:\Main project\Batch 15\dataset\cataract\2216_left.jpg,cataract
2216_right.jpg,E:\Main project\Batch 15\dataset\cataract\2216_right.jpg,cataract
2217_left.jpg,E:\Main project\Batch 15\dataset\cataract\2217_left.jpg,cataract
2217_right.jpg,E:\Main project\Batch 15\dataset\cataract\2217_right.jpg,cataract
2218_right.jpg,E:\Main project\Batch 15\dataset\cataract\2218_right.jpg,cataract
2219_left.jpg,E:\Main project\Batch 15\dataset\cataract\2219_left.jpg,cataract
2219_right.jpg,E:\Main project\Batch 15\dataset\cataract\2219_right.jpg,cataract
2220_right.jpg,E:\Main project\Batch 15\dataset\cataract\2220_right.jpg,cataract
2221_left.jpg,E:\Main project\Batch 15\dataset\cataract\2221_left.jpg,cataract
2221_right.jpg,E:\Main project\Batch 15\dataset\cataract\2221_right.jpg,cataract
2222_left.jpg,E:\Main project\Batch 15\dataset\cataract\2222_left.jpg,cataract
2223_left.jpg,E:\Main project\Batch 15\dataset\cataract\2223_left.jpg,cataract
2223_right.jpg,E:\Main project\Batch 15\dataset\cataract\2223_right.jpg,cataract
2225_left.jpg,E:\Main project\Batch 15\dataset\cataract\2225_left.jpg,cataract
2225_right.jpg,E:\Main project\Batch 15\dataset\cataract\2225_right.jpg,cataract
2226_left.jpg,E:\Main project\Batch 15\dataset\cataract\2226_left.jpg,cataract
2226_right.jpg,E:\Main project\Batch 15\dataset\cataract\2226_right.jpg,cataract
2227_left.jpg,E:\Main project\Batch 15\dataset\cataract\2227_left.jpg,cataract
2227_right.jpg,E:\Main project\Batch 15\dataset\cataract\2227_right.jpg,cataract
2228_right.jpg,E:\Main project\Batch 15\dataset\cataract\2228_right.jpg,cataract
2229_left.jpg,E:\Main project\Batch 15\dataset\cataract\2229_left.jpg,cataract
2231_right.jpg,E:\Main project\Batch 15\dataset\cataract\2231_right.jpg,cataract
2232_left.jpg,E:\Main project\Batch 15\dataset\cataract\2232_left.jpg,cataract
2232_right.jpg,E:\Main project\Batch 15\dataset\cataract\2232_right.jpg,cataract
2233_left.jpg,E:\Main project\Batch 15\dataset\cataract\2233_left.jpg,cataract
2233_right.jpg,E:\Main project\Batch 15\dataset\cataract\2233_right.jpg,cataract
2234_left.jpg,E:\Main project\Batch 15\dataset\cataract\2234_left.jpg,cataract
2234_right.jpg,E:\Main project\Batch 15\dataset\cataract\2234_right.jpg,cataract
2235_left.jpg,E:\Main project\Batch 15\dataset\cataract\2235_left.jpg,cataract
2236_left.jpg,E:\Main project\Batch 15\dataset\cataract\2236_left.jpg,cataract
2236_right.jpg,E:\Main project\Batch 15\dataset\cataract\2236_right.jpg,cataract
2237_right.jpg,E:\Main project\Batch 15\dataset\cataract\2237_right.jpg,cataract
2239_left.jpg,E:\Main project\Batch 15\dataset\cataract\2239_left.jpg,cataract
2239_right.jpg,E:\Main project\Batch 15\dataset\cataract\2239_right.jpg,cataract
2240_left.jpg,E:\Main project\Batch 15\dataset\cataract\2240_left.jpg,cataract
2240_right.jpg,E:\Main project\Batch 15\dataset\cataract\2240_right.jpg,cataract
2241_left.jpg,E:\Main project\Batch 15\dataset\cataract\2241_left.jpg,cataract
2242_left.jpg,E:\Main project\Batch 15\dataset\cataract\2242_left.jpg,cataract
2242_right.jpg,E:\Main project\Batch 15\dataset\cataract\2242_right.jpg,cataract
2243_left.jpg,E:\Main project\Batch 15\dataset\cataract\2243_left.jpg,cataract
2243_right.jpg,E:\Main project\Batch 15\dataset\cataract\2243_right.jpg,cataract
2244_right.jpg,E:\Main project\Batch 15\dataset\cataract\2244_right.jpg,cataract
2246_left.jpg,E:\Main project\Batch 15\dataset\cataract\2246_left.jpg,cataract
2246_right.jpg,E:\Main project\Batch 15\dataset\cataract\2246_right.jpg,cataract
2247_left.jpg,E:\Main project\Batch 15\dataset\cataract\2247_left.jpg,cataract
2247_right.jpg,E:\Main project\Batch 15\dataset\cataract\2247_right.jpg,cataract
2248_left.jpg,E:\Main project\Batch 15\dataset\cataract\2248_left.jpg,cataract
2248_right.jpg,E:\Main project\Batch 15\dataset\cataract\2248_right.jpg,cataract
2251_right.jpg,E:\Main project\Batch 15\dataset\cataract\2251_right.jpg,cataract
2262_left.jpg,E:\Main project\Batch 15\dataset\cataract\2262_left.jpg,cataract
2282_right.jpg,E:\Main project\Batch 15\dataset\cataract\2282_right.jpg,cataract
24_right.jpg,E:\Main project\Batch 15\dataset\cataract\24_right.jpg,cataract
254_left.jpg,E:\Main project\Batch 15\dataset\cataract\254_left.jpg,cataract
294_left.jpg,E:\Main project\Batch 15\dataset\cataract\294_left.jpg,cataract
330_left.jpg,E:\Main project\Batch 15\dataset\cataract\330_left.jpg,cataract
345_right.jpg,E:\Main project\Batch 15\dataset\cataract\345_right.jpg,cataract
354_right.jpg,E:\Main project\Batch 15\dataset\cataract\354_right.jpg,cataract
448_left.jpg,E:\Main project\Batch 15\dataset\cataract\448_left.jpg,cataract
465_left.jpg,E:\Main project\Batch 15\dataset\cataract\465_left.jpg,cataract
477_left.jpg,E:\Main project\Batch 15\dataset\cataract\477_left.jpg,cataract
477_right.jpg,E:\Main project\Batch 15\dataset\cataract\477_right.jpg,cataract
553_left.jpg,E:\Main project\Batch 15\dataset\cataract\553_left.jpg,cataract
553_right.jpg,E:\Main project\Batch 15\dataset\cataract\553_right.jpg,cataract
560_left.jpg,E:\Main project\Batch 15\dataset\cataract\560_left.jpg,cataract
560_right.jpg,E:\Main project\Batch 15\dataset\cataract\560_right.jpg,cataract
594_left.jpg,E:\Main project\Batch 15\dataset\cataract\594_left.jpg,cataract
611_left.jpg,E:\Main project\Batch 15\dataset\cataract\611_left.jpg,cataract
625_left.jpg,E:\Main project\Batch 15\dataset\cataract\625_left.jpg,cataract
625_right.jpg,E:\Main project\Batch 15\dataset\cataract\625_right.jpg,cataract
629_left.jpg,E:\Main project\Batch 15\dataset\cataract\629_left.jpg,cataract
691_left.jpg,E:\Main project\Batch 15\dataset\cataract\691_left.jpg,cataract
726_left.jpg,E:\Main project\Batch 15\dataset\cataract\726_left.jpg,cataract
726_right.jpg,E:\Main project\Batch 15\dataset\cataract\726_right.jpg,cataract
750_left.jpg,E:\Main project\Batch 15\dataset\cataract\750_left.jpg,cataract
769_right.jpg,E:\Main project\Batch 15\dataset\cataract\769_right.jpg,cataract
809_left.jpg,E:\Main project\Batch 15\dataset\cataract\809_left.jpg,cataract
81_left.jpg,E:\Main project\Batch 15\dataset\cataract\81_left.jpg,cataract
81_right.jpg,E:\Main project\Batch 15\dataset\cataract\81_right.jpg,cataract
820_left.jpg,E:\Main project\Batch 15\dataset\cataract\820_left.jpg,cataract
824_left.jpg,E:\Main project\Batch 15\dataset\cataract\824_left.jpg,cataract
874_left.jpg,E:\Main project\Batch 15\dataset\cataract\874_left.jpg,cataract
907_left.jpg,E:\Main project\Batch 15\dataset\cataract\907_left.jpg,cataract
949_right.jpg,E:\Main project\Batch 15\dataset\cataract\949_right.jpg,cataract
955_right.jpg,E:\Main project\Batch 15\dataset\cataract\955_right.jpg,cataract
970_left.jpg,E:\Main project\Batch 15\dataset\cataract\970_left.jpg,cataract
970_right.jpg,E:\Main project\Batch 15\dataset\cataract\970_right.jpg,cataract
999_left.jpg,E:\Main project\Batch 15\dataset\cataract\999_left.jpg,cataract
999_right.jpg,E:\Main project\Batch 15\dataset\cataract\999_right.jpg,cataract
cataract_001.png,E:\Main project\Batch 15\dataset\cataract\cataract_001.png,cataract
cataract_002.png,E:\Main project\Batch 15\dataset\cataract\cataract_002.png,cataract
cataract_003.png,E:\Main project\Batch 15\dataset\cataract\cataract_003.png,cataract
cataract_004.png,E:\Main project\Batch 15\dataset\cataract\cataract_004.png,cataract
cataract_005.png,E:\Main project\Batch 15\dataset\cataract\cataract_005.png,cataract
cataract_006.png,E:\Main project\Batch 15\dataset\cataract\cataract_006.png,cataract
cataract_007.png,E:\Main project\Batch 15\dataset\cataract\cataract_007.png,cataract
cataract_008.png,E:\Main project\Batch 15\dataset\cataract\cataract_008.png,cataract
cataract_009.png,E:\Main project\Batch 15\dataset\cataract\cataract_009.png,cataract
cataract_010.png,E:\Main project\Batch 15\dataset\cataract\cataract_010.png,cataract
cataract_011.png,E:\Main project\Batch 15\dataset\cataract\cataract_011.png,cataract
cataract_012.png,E:\Main project\Batch 15\dataset\cataract\cataract_012.png,cataract
cataract_013.png,E:\Main project\Batch 15\dataset\cataract\cataract_013.png,cataract
cataract_014.png,E:\Main project\Batch 15\dataset\cataract\cataract_014.png,cataract
cataract_015.png,E:\Main project\Batch 15\dataset\cataract\cataract_015.png,cataract
cataract_016.png,E:\Main project\Batch 15\dataset\cataract\cataract_016.png,cataract
cataract_017.png,E:\Main project\Batch 15\dataset\cataract\cataract_017.png,cataract
cataract_018.png,E:\Main project\Batch 15\dataset\cataract\cataract_018.png,cataract
cataract_019.png,E:\Main project\Batch 15\dataset\cataract\cataract_019.png,cataract
cataract_020.png,E:\Main project\Batch 15\dataset\cataract\cataract_020.png,cataract
cataract_021.png,E:\Main project\Batch 15\dataset\cataract\cataract_021.png,cataract
cataract_022.png,E:\Main project\Batch 15\dataset\cataract\cataract_022.png,cataract
cataract_023.png,E:\Main project\Batch 15\dataset\cataract\cataract_023.png,cataract
cataract_024.png,E:\Main project\Batch 15\dataset\cataract\cataract_024.png,cataract
cataract_025.png,E:\Main project\Batch 15\dataset\cataract\cataract_025.png,cataract
cataract_026.png,E:\Main project\Batch 15\dataset\cataract\cataract_026.png,cataract
cataract_027.png,E:\Main project\Batch 15\dataset\cataract\cataract_027.png,cataract
cataract_028.png,E:\Main project\Batch 15\dataset\cataract\cataract_028.png,cataract
cataract_029.png,E:\Main project\Batch 15\dataset\cataract\cataract_029.png,cataract
cataract_030.png,E:\Main project\Batch 15\dataset\cataract\cataract_030.png,cataract
cataract_031.png,E:\Main project\Batch 15\dataset\cataract\cataract_031.png,cataract
cataract_032.png,E:\Main project\Batch 15\dataset\cataract\cataract_032.png,cataract
cataract_033.png,E:\Main project\Batch 15\dataset\cataract\cataract_033.png,cataract
cataract_034.png,E:\Main project\Batch 15\dataset\cataract\cataract_034.png,cataract
cataract_035.png,E:\Main project\Batch 15\dataset\cataract\cataract_035.png,cataract
cataract_036.png,E:\Main project\Batch 15\dataset\cataract\cataract_036.png,cataract
cataract_037.png,E:\Main project\Batch 15\dataset\cataract\cataract_037.png,cataract
cataract_038.png,E:\Main project\Batch 15\dataset\cataract\cataract_038.png,cataract
cataract_039.png,E:\Main project\Batch 15\dataset\cataract\cataract_039.png,cataract
cataract_040.png,E:\Main project\Batch 15\dataset\cataract\cataract_040.png,cataract
cataract_041.png,E:\Main project\Batch 15\dataset\cataract\cataract_041.png,cataract
cataract_042.png,E:\Main project\Batch 15\dataset\cataract\cataract_042.png,cataract
cataract_043.png,E:\Main project\Batch 15\dataset\cataract\cataract_043.png,cataract
cataract_044.png,E:\Main project\Batch 15\dataset\cataract\cataract_044.png,cataract
cataract_045.png,E:\Main project\Batch 15\dataset\cataract\cataract_045.png,cataract
cataract_046.png,E:\Main project\Batch 15\dataset\cataract\cataract_046.png,cataract
cataract_047.png,E:\Main project\Batch 15\dataset\cataract\cataract_047.png,cataract
cataract_048.png,E:\Main project\Batch 15\dataset\cataract\cataract_048.png,cataract
cataract_049.png,E:\Main project\Batch 15\dataset\cataract\cataract_049.png,cataract
cataract_050.png,E:\Main project\Batch 15\dataset\cataract\cataract_050.png,cataract
cataract_051.png,E:\Main project\Batch 15\dataset\cataract\cataract_051.png,cataract
cataract_052.png,E:\Main project\Batch 15\dataset\cataract\cataract_052.png,cataract
cataract_053.png,E:\Main project\Batch 15\dataset\cataract\cataract_053.png,cataract
cataract_054.png,E:\Main project\Batch 15\dataset\cataract\cataract_054.png,cataract
cataract_055.png,E:\Main project\Batch 15\dataset\cataract\cataract_055.png,cataract
cataract_056.png,E:\Main project\Batch 15\dataset\cataract\cataract_056.png,cataract
cataract_057.png,E:\Main project\Batch 15\dataset\cataract\cataract_057.png,cataract
cataract_058.png,E:\Main project\Batch 15\dataset\cataract\cataract_058.png,cataract
cataract_059.png,E:\Main project\Batch 15\dataset\cataract\cataract_059.png,cataract
cataract_060.png,E:\Main project\Batch 15\dataset\cataract\cataract_060.png,cataract
cataract_061.png,E:\Main project\Batch 15\dataset\cataract\cataract_061.png,cataract
cataract_062.png,E:\Main project\Batch 15\dataset\cataract\cataract_062.png,cataract
cataract_063.png,E:\Main project\Batch 15\dataset\cataract\cataract_063.png,cataract
cataract_064.png,E:\Main project\Batch 15\dataset\cataract\cataract_064.png,cataract
cataract_065.png,E:\Main project\Batch 15\dataset\cataract\cataract_065.png,cataract
cataract_066.png,E:\Main project\Batch 15\dataset\cataract\cataract_066.png,cataract
cataract_067.png,E:\Main project\Batch 15\dataset\cataract\cataract_067.png,cataract
cataract_068.png,E:\Main project\Batch 15\dataset\cataract\cataract_068.png,cataract
cataract_069.png,E:\Main project\Batch 15\dataset\cataract\cataract_069.png,cataract
cataract_070.png,E:\Main project\Batch 15\dataset\cataract\cataract_070.png,cataract
cataract_071.png,E:\Main project\Batch 15\dataset\cataract\cataract_071.png,cataract
cataract_072.png,E:\Main project\Batch 15\dataset\cataract\cataract_072.png,cataract
cataract_073.png,E:\Main project\Batch 15\dataset\cataract\cataract_073.png,cataract
cataract_074.png,E:\Main project\Batch 15\dataset\cataract\cataract_074.png,cataract
cataract_075.png,E:\Main project\Batch 15\dataset\cataract\cataract_075.png,cataract
cataract_076.png,E:\Main project\Batch 15\dataset\cataract\cataract_076.png,cataract
cataract_077.png,E:\Main project\Batch 15\dataset\cataract\cataract_077.png,cataract
cataract_078.png,E:\Main project\Batch 15\dataset\cataract\cataract_078.png,cataract
cataract_079.png,E:\Main project\Batch 15\dataset\cataract\cataract_079.png,cataract
cataract_080.png,E:\Main project\Batch 15\dataset\cataract\cataract_080.png,cataract
cataract_081.png,E:\Main project\Batch 15\dataset\cataract\cataract_081.png,cataract
cataract_082.png,E:\Main project\Batch 15\dataset\cataract\cataract_082.png,cataract
cataract_083.png,E:\Main project\Batch 15\dataset\cataract\cataract_083.png,cataract
cataract_084.png,E:\Main project\Batch 15\dataset\cataract\cataract_084.png,cataract
cataract_085.png,E:\Main project\Batch 15\dataset\cataract\cataract_085.png,cataract
cataract_086.png,E:\Main project\Batch 15\dataset\cataract\cataract_086.png,cataract
cataract_087.png,E:\Main project\Batch 15\dataset\cataract\cataract_087.png,cataract
cataract_088.png,E:\Main project\Batch 15\dataset\cataract\cataract_088.png,cataract
cataract_089.png,E:\Main project\Batch 15\dataset\cataract\cataract_089.png,cataract
cataract_090.png,E:\Main project\Batch 15\dataset\cataract\cataract_090.png,cataract
cataract_091.png,E:\Main project\Batch 15\dataset\cataract\cataract_091.png,cataract
cataract_092.png,E:\Main project\Batch 15\dataset\cataract\cataract_092.png,cataract
cataract_093.png,E:\Main project\Batch 15\dataset\cataract\cataract_093.png,cataract
cataract_094.png,E:\Main project\Batch 15\dataset\cataract\cataract_094.png,cataract
cataract_095.png,E:\Main project\Batch 15\dataset\cataract\cataract_095.png,cataract
cataract_096.png,E:\Main project\Batch 15\dataset\cataract\cataract_096.png,cataract
cataract_097.png,E:\Main project\Batch 15\dataset\cataract\cataract_097.png,cataract
cataract_098.png,E:\Main project\Batch 15\dataset\cataract\cataract_098.png,cataract
cataract_099.png,E:\Main project\Batch 15\dataset\cataract\cataract_099.png,cataract
cataract_100.png,E:\Main project\Batch 15\dataset\cataract\cataract_100.png,cataract
_0_4015166.jpg,E:\Main project\Batch 15\dataset\cataract\_0_4015166.jpg,cataract
_100_334408.jpg,E:\Main project\Batch 15\dataset\cataract\_100_334408.jpg,cataract
_101_5139882.jpg,E:\Main project\Batch 15\dataset\cataract\_101_5139882.jpg,cataract
_101_709333.jpg,E:\Main project\Batch 15\dataset\cataract\_101_709333.jpg,cataract
_102_1024926.jpg,E:\Main project\Batch 15\dataset\cataract\_102_1024926.jpg,cataract
_102_3990401.jpg,E:\Main project\Batch 15\dataset\cataract\_102_3990401.jpg,cataract
_103_5897328.jpg,E:\Main project\Batch 15\dataset\cataract\_103_5897328.jpg,cataract
_104_4607170.jpg,E:\Main project\Batch 15\dataset\cataract\_104_4607170.jpg,cataract
_105_5646774.jpg,E:\Main project\Batch 15\dataset\cataract\_105_5646774.jpg,cataract
_105_5956883.jpg,E:\Main project\Batch 15\dataset\cataract\_105_5956883.jpg,cataract
_106_5284713.jpg,E:\Main project\Batch 15\dataset\cataract\_106_5284713.jpg,cataract
_107_5060742.jpg,E:\Main project\Batch 15\dataset\cataract\_107_5060742.jpg,cataract
_108_750835.jpg,E:\Main project\Batch 15\dataset\cataract\_108_750835.jpg,cataract
_108_8917257.jpg,E:\Main project\Batch 15\dataset\cataract\_108_8917257.jpg,cataract
_109_2006348.jpg,E:\Main project\Batch 15\dataset\cataract\_109_2006348.jpg,cataract
_10_3215668.jpg,E:\Main project\Batch 15\dataset\cataract\_10_3215668.jpg,cataract
_110_5076150.jpg,E:\Main project\Batch 15\dataset\cataract\_110_5076150.jpg,cataract
_111_9826667.jpg,E:\Main project\Batch 15\dataset\cataract\_111_9826667.jpg,cataract
_112_3727502.jpg,E:\Main project\Batch 15\dataset\cataract\_112_3727502.jpg,cataract
_112_9621689.jpg,E:\Main project\Batch 15\dataset\cataract\_112_9621689.jpg,cataract
_113_1734230.jpg,E:\Main project\Batch 15\dataset\cataract\_113_1734230.jpg,cataract
_113_2699140.jpg,E:\Main project\Batch 15\dataset\cataract\_113_2699140.jpg,cataract
_114_3613830.jpg,E:\Main project\Batch 15\dataset\cataract\_114_3613830.jpg,cataract
_114_5711178.jpg,E:\Main project\Batch 15\dataset\cataract\_114_5711178.jpg,cataract
_114_9773152.jpg,E:\Main project\Batch 15\dataset\cataract\_114_9773152.jpg,cataract
_115_1763401.jpg,E:\Main project\Batch 15\dataset\cataract\_115_1763401.jpg,cataract
_115_6901151.jpg,E:\Main project\Batch 15\dataset\cataract\_115_6901151.jpg,cataract
_116_4683353.jpg,E:\Main project\Batch 15\dataset\cataract\_116_4683353.jpg,cataract
_117_6521529.jpg,E:\Main project\Batch 15\dataset\cataract\_117_6521529.jpg,cataract
_118_6296686.jpg,E:\Main project\Batch 15\dataset\cataract\_118_6296686.jpg,cataract
_119_6929742.jpg,E:\Main project\Batch 15\dataset\cataract\_119_6929742.jpg,cataract
_119_9887385.jpg,E:\Main project\Batch 15\dataset\cataract\_119_9887385.jpg,cataract
_11_7158929.jpg,E:\Main project\Batch 15\dataset\cataract\_11_7158929.jpg,cataract
_120_2375814.jpg,E:\Main project\Batch 15\dataset\cataract\_120_2375814.jpg,cataract
_120_3067914.jpg,E:\Main project\Batch 15\dataset\cataract\_120_3067914.jpg,cataract
_121_3847336.jpg,E:\Main project\Batch 15\dataset\cataract\_121_3847336.jpg,cataract
_121_5210506.jpg,E:\Main project\Batch 15\dataset\cataract\_121_5210506.jpg,cataract
_122_7237312.jpg,E:\Main project\Batch 15\dataset\cataract\_122_7237312.jpg,cataract
_123_8135331.jpg,E:\Main project\Batch 15\dataset\cataract\_123_8135331.jpg,cataract
_124_496149.jpg,E:\Main project\Batch 15\dataset\cataract\_124_496149.jpg,cataract
_125_6571967.jpg,E:\Main project\Batch 15\dataset\cataract\_125_6571967.jpg,cataract
_126_1745653.jpg,E:\Main project\Batch 15\dataset\cataract\_126_1745653.jpg,cataract
_126_4964568.jpg,E:\Main project\Batch 15\dataset\cataract\_126_4964568.jpg,cataract
_127_2102071.jpg,E:\Main project\Batch 15\dataset\cataract\_127_2102071.jpg,cataract
_128_4502689.jpg,E:\Main project\Batch 15\dataset\cataract\_128_4502689.jpg,cataract
_129_3024383.jpg,E:\Main project\Batch 15\dataset\cataract\_129_3024383.jpg,cataract
_129_5296959.jpg,E:\Main project\Batch 15\dataset\cataract\_129_5296959.jpg,cataract
_12_5233869.jpg,E:\Main project\Batch 15\dataset\cataract\_12_5233869.jpg,cataract
_130_3561448.jpg,E:\Main project\Batch 15\dataset\cataract\_130_3561448.jpg,cataract
_130_7837321.jpg,E:\Main project\Batch 15\dataset\cataract\_130_7837321.jpg,cataract
_131_7587386.jpg,E:\Main project\Batch 15\dataset\cataract\_131_7587386.jpg,cataract
_131_863673.jpg,E:\Main project\Batch 15\dataset\cataract\_131_863673.jpg,cataract
_132_7102134.jpg,E:\Main project\Batch 15\dataset\cataract\_132_7102134.jpg,cataract
_133_1300923.jpg,E:\Main project\Batch 15\dataset\cataract\_133_1300923.jpg,cataract
_134_4903477.jpg,E:\Main project\Batch 15\dataset\cataract\_134_4903477.jpg,cataract
_135_5639464.jpg,E:\Main project\Batch 15\dataset\cataract\_135_5639464.jpg,cataract
_135_7789155.jpg,E:\Main project\Batch 15\dataset\cataract\_135_7789155.jpg,cataract
_136_4030185.jpg,E:\Main project\Batch 15\dataset\cataract\_136_4030185.jpg,cataract
_137_7856304.jpg,E:\Main project\Batch 15\dataset\cataract\_137_7856304.jpg,cataract
_138_1949117.jpg,E:\Main project\Batch 15\dataset\cataract\_138_1949117.jpg,cataract
_139_583821.jpg,E:\Main project\Batch 15\dataset\cataract\_139_583821.jpg,cataract
_13_3987009.jpg,E:\Main project\Batch 15\dataset\cataract\_13_3987009.jpg,cataract
_140_1534199.jpg,E:\Main project\Batch 15\dataset\cataract\_140_1534199.jpg,cataract
_141_3457945.jpg,E:\Main project\Batch 15\dataset\cataract\_141_3457945.jpg,cataract
_141_9740629.jpg,E:\Main project\Batch 15\dataset\cataract\_141_9740629.jpg,cataract
_142_7918627.jpg,E:\Main project\Batch 15\dataset\cataract\_142_7918627.jpg,cataract
_143_1247400.jpg,E:\Main project\Batch 15\dataset\cataract\_143_1247400.jpg,cataract
_143_9392801.jpg,E:\Main project\Batch 15\dataset\cataract\_143_9392801.jpg,cataract
_144_4907178.jpg,E:\Main project\Batch 15\dataset\cataract\_144_4907178.jpg,cataract
_144_6424765.jpg,E:\Main project\Batch 15\dataset\cataract\_144_6424765.jpg,cataract
_144_7061237.jpg,E:\Main project\Batch 15\dataset\cataract\_144_7061237.jpg,cataract
_145_6931784.jpg,E:\Main project\Batch 15\dataset\cataract\_145_6931784.jpg,cataract
_146_4268935.jpg,E:\Main project\Batch 15\dataset\cataract\_146_4268935.jpg,cataract
_146_5945090.jpg,E:\Main project\Batch 15\dataset\cataract\_146_5945090.jpg,cataract
_147_3710804.jpg,E:\Main project\Batch 15\dataset\cataract\_147_3710804.jpg,cataract
_147_3796034.jpg,E:\Main project\Batch 15\dataset\cataract\_147_3796034.jpg,cataract
_148_6795884.jpg,E:\Main project\Batch 15\dataset\cataract\_148_6795884.jpg,cataract
_149_3115900.jpg,E:\Main project\Batch 15\dataset\cataract\_149_3115900.jpg,cataract
_149_9419457.jpg,E:\Main project\Batch 15\dataset\cataract\_149_9419457.jpg,cataract
_14_7805520.jpg,E:\Main project\Batch 15\dataset\cataract\_14_7805520.jpg,cataract
_150_2517277.jpg,E:\Main project\Batch 15\dataset\cataract\_150_2517277.jpg,cataract
_151_4262050.jpg,E:\Main project\Batch 15\dataset\cataract\_151_4262050.jpg,cataract
_151_5293593.jpg,E:\Main project\Batch 15\dataset\cataract\_151_5293593.jpg,cataract
_152_8894820.jpg,E:\Main project\Batch 15\dataset\cataract\_152_8894820.jpg,cataract
_152_9176638.jpg,E:\Main project\Batch 15\dataset\cataract\_152_9176638.jpg,cataract
_153_5085382.jpg,E:\Main project\Batch 15\dataset\cataract\_153_5085382.jpg,cataract
_154_1054490.jpg,E:\Main project\Batch 15\dataset\cataract\_154_1054490.jpg,cataract
_154_6316287.jpg,E:\Main project\Batch 15\dataset\cataract\_154_6316287.jpg,cataract
_155_2004552.jpg,E:\Main project\Batch 15\dataset\cataract\_155_2004552.jpg,cataract
_156_6418009.jpg,E:\Main project\Batch 15\dataset\cataract\_156_6418009.jpg,cataract
_157_2679833.jpg,E:\Main project\Batch 15\dataset\cataract\_157_2679833.jpg,cataract
_157_8093661.jpg,E:\Main project\Batch 15\dataset\cataract\_157_8093661.jpg,cataract
_158_2964657.jpg,E:\Main project\Batch 15\dataset\cataract\_158_2964657.jpg,cataract
_158_6990173.jpg,E:\Main project\Batch 15\dataset\cataract\_158_6990173.jpg,cataract
_159_1399279.jpg,E:\Main project\Batch 15\dataset\cataract\_159_1399279.jpg,cataract
_159_5245707.jpg,E:\Main project\Batch 15\dataset\cataract\_159_5245707.jpg,cataract
_159_8564797.jpg,E:\Main project\Batch 15\dataset\cataract\_159_8564797.jpg,cataract
_15_7471583.jpg,E:\Main project\Batch 15\dataset\cataract\_15_7471583.jpg,cataract
_160_9941636.jpg,E:\Main project\Batch 15\dataset\cataract\_160_9941636.jpg,cataract
_160_9986895.jpg,E:\Main project\Batch 15\dataset\cataract\_160_9986895.jpg,cataract
_161_3798587.jpg,E:\Main project\Batch 15\dataset\cataract\_161_3798587.jpg,cataract
_162_3096677.jpg,E:\Main project\Batch 15\dataset\cataract\_162_3096677.jpg,cataract
_162_3770706.jpg,E:\Main project\Batch 15\dataset\cataract\_162_3770706.jpg,cataract
_163_2414975.jpg,E:\Main project\Batch 15\dataset\cataract\_163_2414975.jpg,cataract
_163_6585488.jpg,E:\Main project\Batch 15\dataset\cataract\_163_6585488.jpg,cataract
_163_6979961.jpg,E:\Main project\Batch 15\dataset\cataract\_163_6979961.jpg,cataract
_164_4857097.jpg,E:\Main project\Batch 15\dataset\cataract\_164_4857097.jpg,cataract
_165_8028203.jpg,E:\Main project\Batch 15\dataset\cataract\_165_8028203.jpg,cataract
_166_6232447.jpg,E:\Main project\Batch 15\dataset\cataract\_166_6232447.jpg,cataract
_166_7102152.jpg,E:\Main project\Batch 15\dataset\cataract\_166_7102152.jpg,cataract
_167_2873590.jpg,E:\Main project\Batch 15\dataset\cataract\_167_2873590.jpg,cataract
_168_2726147.jpg,E:\Main project\Batch 15\dataset\cataract\_168_2726147.jpg,cataract
_168_4661031.jpg,E:\Main project\Batch 15\dataset\cataract\_168_4661031.jpg,cataract
_169_5886938.jpg,E:\Main project\Batch 15\dataset\cataract\_169_5886938.jpg,cataract
_16_1907643.jpg,E:\Main project\Batch 15\dataset\cataract\_16_1907643.jpg,cataract
_16_8423210.jpg,E:\Main project\Batch 15\dataset\cataract\_16_8423210.jpg,cataract
_170_1001041.jpg,E:\Main project\Batch 15\dataset\cataract\_170_1001041.jpg,cataract
_170_4585047.jpg,E:\Main project\Batch 15\dataset\cataract\_170_4585047.jpg,cataract
_170_5458800.jpg,E:\Main project\Batch 15\dataset\cataract\_170_5458800.jpg,cataract
_171_4298450.jpg,E:\Main project\Batch 15\dataset\cataract\_171_4298450.jpg,cataract
_171_5903297.jpg,E:\Main project\Batch 15\dataset\cataract\_171_5903297.jpg,cataract
_172_1350351.jpg,E:\Main project\Batch 15\dataset\cataract\_172_1350351.jpg,cataract
_172_4553386.jpg,E:\Main project\Batch 15\dataset\cataract\_172_4553386.jpg,cataract
_172_5595526.jpg,E:\Main project\Batch 15\dataset\cataract\_172_5595526.jpg,cataract
_173_6477739.jpg,E:\Main project\Batch 15\dataset\cataract\_173_6477739.jpg,cataract
_173_9178799.jpg,E:\Main project\Batch 15\dataset\cataract\_173_9178799.jpg,cataract
_174_1289707.jpg,E:\Main project\Batch 15\dataset\cataract\_174_1289707.jpg,cataract
_174_2373322.jpg,E:\Main project\Batch 15\dataset\cataract\_174_2373322.jpg,cataract
_175_2515467.jpg,E:\Main project\Batch 15\dataset\cataract\_175_2515467.jpg,cataract
_175_4238344.jpg,E:\Main project\Batch 15\dataset\cataract\_175_4238344.jpg,cataract
_176_2398738.jpg,E:\Main project\Batch 15\dataset\cataract\_176_2398738.jpg,cataract
_176_4641501.jpg,E:\Main project\Batch 15\dataset\cataract\_176_4641501.jpg,cataract
_176_7840976.jpg,E:\Main project\Batch 15\dataset\cataract\_176_7840976.jpg,cataract
_177_2299576.jpg,E:\Main project\Batch 15\dataset\cataract\_177_2299576.jpg,cataract
_178_8645920.jpg,E:\Main project\Batch 15\dataset\cataract\_178_8645920.jpg,cataract
_179_3417628.jpg,E:\Main project\Batch 15\dataset\cataract\_179_3417628.jpg,cataract
_17_1497593.jpg,E:\Main project\Batch 15\dataset\cataract\_17_1497593.jpg,cataract
_17_6538881.jpg,E:\Main project\Batch 15\dataset\cataract\_17_6538881.jpg,cataract
_180_5849178.jpg,E:\Main project\Batch 15\dataset\cataract\_180_5849178.jpg,cataract
_180_8003252.jpg,E:\Main project\Batch 15\dataset\cataract\_180_8003252.jpg,cataract
_181_2009794.jpg,E:\Main project\Batch 15\dataset\cataract\_181_2009794.jpg,cataract
_181_5482893.jpg,E:\Main project\Batch 15\dataset\cataract\_181_5482893.jpg,cataract
_182_8895927.jpg,E:\Main project\Batch 15\dataset\cataract\_182_8895927.jpg,cataract
_182_9646286.jpg,E:\Main project\Batch 15\dataset\cataract\_182_9646286.jpg,cataract
_183_2695432.jpg,E:\Main project\Batch 15\dataset\cataract\_183_2695432.jpg,cataract
_183_2869065.jpg,E:\Main project\Batch 15\dataset\cataract\_183_2869065.jpg,cataract
_184_5733369.jpg,E:\Main project\Batch 15\dataset\cataract\_184_5733369.jpg,cataract
_184_5953446.jpg,E:\Main project\Batch 15\dataset\cataract\_184_5953446.jpg,cataract
_185_1841552.jpg,E:\Main project\Batch 15\dataset\cataract\_185_1841552.jpg,cataract
_185_7271854.jpg,E:\Main project\Batch 15\dataset\cataract\_185_7271854.jpg,cataract
_186_7038738.jpg,E:\Main project\Batch 15\dataset\cataract\_186_7038738.jpg,cataract
_187_1814280.jpg,E:\Main project\Batch 15\dataset\cataract\_187_1814280.jpg,cataract
_187_5549549.jpg,E:\Main project\Batch 15\dataset\cataract\_187_5549549.jpg,cataract
_188_5482423.jpg,E:\Main project\Batch 15\dataset\cataract\_188_5482423.jpg,cataract
_189_1773149.jpg,E:\Main project\Batch 15\dataset\cataract\_189_1773149.jpg,cataract
_189_5910645.jpg,E:\Main project\Batch 15\dataset\cataract\_189_5910645.jpg,cataract
_18_3816222.jpg,E:\Main project\Batch 15\dataset\cataract\_18_3816222.jpg,cataract
_18_952924.jpg,E:\Main project\Batch 15\dataset\cataract\_18_952924.jpg,cataract
_190_3033991.jpg,E:\Main project\Batch 15\dataset\cataract\_190_3033991.jpg,cataract
_190_7244239.jpg,E:\Main project\Batch 15\dataset\cataract\_190_7244239.jpg,cataract
_191_9356535.jpg,E:\Main project\Batch 15\dataset\cataract\_191_9356535.jpg,cataract
_192_7851600.jpg,E:\Main project\Batch 15\dataset\cataract\_192_7851600.jpg,cataract
_193_4841605.jpg,E:\Main project\Batch 15\dataset\cataract\_193_4841605.jpg,cataract
_193_6483689.jpg,E:\Main project\Batch 15\dataset\cataract\_193_6483689.jpg,cataract
_194_6438145.jpg,E:\Main project\Batch 15\dataset\cataract\_194_6438145.jpg,cataract
_195_1750450.jpg,E:\Main project\Batch 15\dataset\cataract\_195_1750450.jpg,cataract
_195_3247880.jpg,E:\Main project\Batch 15\dataset\cataract\_195_3247880.jpg,cataract
_196_4818116.jpg,E:\Main project\Batch 15\dataset\cataract\_196_4818116.jpg,cataract
_196_6946219.jpg,E:\Main project\Batch 15\dataset\cataract\_196_6946219.jpg,cataract
_197_2029104.jpg,E:\Main project\Batch 15\dataset\cataract\_197_2029104.jpg,cataract
_197_5321234.jpg,E:\Main project\Batch 15\dataset\cataract\_197_5321234.jpg,cataract
_198_3243264.jpg,E:\Main project\Batch 15\dataset\cataract\_198_3243264.jpg,cataract
_198_3804403.jpg,E:\Main project\Batch 15\dataset\cataract\_198_3804403.jpg,cataract
_199_2279189.jpg,E:\Main project\Batch 15\dataset\cataract\_199_2279189.jpg,cataract
_19_9976222.jpg,E:\Main project\Batch 15\dataset\cataract\_19_9976222.jpg,cataract
_1_5346540.jpg,E:\Main project\Batch 15\dataset\cataract\_1_5346540.jpg,cataract
_1_7703314.jpg,E:\Main project\Batch 15\dataset\cataract\_1_7703314.jpg,cataract
_200_9649683.jpg,E:\Main project\Batch 15\dataset\cataract\_200_9649683.jpg,cataract
_201_2875079.jpg,E:\Main project\Batch 15\dataset\cataract\_201_2875079.jpg,cataract
_201_841062.jpg,E:\Main project\Batch 15\dataset\cataract\_201_841062.jpg,cataract
_202_4720633.jpg,E:\Main project\Batch 15\dataset\cataract\_202_4720633.jpg,cataract
_203_3825515.jpg,E:\Main project\Batch 15\dataset\cataract\_203_3825515.jpg,cataract
_203_6969732.jpg,E:\Main project\Batch 15\dataset\cataract\_203_6969732.jpg,cataract
_204_5979635.jpg,E:\Main project\Batch 15\dataset\cataract\_204_5979635.jpg,cataract
_204_6939524.jpg,E:\Main project\Batch 15\dataset\cataract\_204_6939524.jpg,cataract
_205_1775772.jpg,E:\Main project\Batch 15\dataset\cataract\_205_1775772.jpg,cataract
_206_4468888.jpg,E:\Main project\Batch 15\dataset\cataract\_206_4468888.jpg,cataract
_206_6210252.jpg,E:\Main project\Batch 15\dataset\cataract\_206_6210252.jpg,cataract
_207_6945490.jpg,E:\Main project\Batch 15\dataset\cataract\_207_6945490.jpg,cataract
_207_8213037.jpg,E:\Main project\Batch 15\dataset\cataract\_207_8213037.jpg,cataract
_208_168871.jpg,E:\Main project\Batch 15\dataset\cataract\_208_168871.jpg,cataract
_208_2337200.jpg,E:\Main project\Batch 15\dataset\cataract\_208_2337200.jpg,cataract
_209_2468249.jpg,E:\Main project\Batch 15\dataset\cataract\_209_2468249.jpg,cataract
_209_4208693.jpg,E:\Main project\Batch 15\dataset\cataract\_209_4208693.jpg,cataract
_20_6629557.jpg,E:\Main project\Batch 15\dataset\cataract\_20_6629557.jpg,cataract
_210_8722439.jpg,E:\Main project\Batch 15\dataset\cataract\_210_8722439.jpg,cataract
_211_3296609.jpg,E:\Main project\Batch 15\dataset\cataract\_211_3296609.jpg,cataract
_211_9288352.jpg,E:\Main project\Batch 15\dataset\cataract\_211_9288352.jpg,cataract
_212_7340392.jpg,E:\Main project\Batch 15\dataset\cataract\_212_7340392.jpg,cataract
_212_8423506.jpg,E:\Main project\Batch 15\dataset\cataract\_212_8423506.jpg,cataract
_213_1709362.jpg,E:\Main project\Batch 15\dataset\cataract\_213_1709362.jpg,cataract
_214_267241.jpg,E:\Main project\Batch 15\dataset\cataract\_214_267241.jpg,cataract
_214_5569507.jpg,E:\Main project\Batch 15\dataset\cataract\_214_5569507.jpg,cataract
_215_3764172.jpg,E:\Main project\Batch 15\dataset\cataract\_215_3764172.jpg,cataract
_216_7774590.jpg,E:\Main project\Batch 15\dataset\cataract\_216_7774590.jpg,cataract
_217_6662129.jpg,E:\Main project\Batch 15\dataset\cataract\_217_6662129.jpg,cataract
_217_8865645.jpg,E:\Main project\Batch 15\dataset\cataract\_217_8865645.jpg,cataract
_218_2512305.jpg,E:\Main project\Batch 15\dataset\cataract\_218_2512305.jpg,cataract
_218_687151.jpg,E:\Main project\Batch 15\dataset\cataract\_218_687151.jpg,cataract
_219_4968838.jpg,E:\Main project\Batch 15\dataset\cataract\_219_4968838.jpg,cataract
_21_4533748.jpg,E:\Main project\Batch 15\dataset\cataract\_21_4533748.jpg,cataract
_21_8755311.jpg,E:\Main project\Batch 15\dataset\cataract\_21_8755311.jpg,cataract
_220_2113285.jpg,E:\Main project\Batch 15\dataset\cataract\_220_2113285.jpg,cataract
_221_6907746.jpg,E:\Main project\Batch 15\dataset\cataract\_221_6907746.jpg,cataract
_221_9234991.jpg,E:\Main project\Batch 15\dataset\cataract\_221_9234991.jpg,cataract
_222_7343969.jpg,E:\Main project\Batch 15\dataset\cataract\_222_7343969.jpg,cataract
_223_4290439.jpg,E:\Main project\Batch 15\dataset\cataract\_223_4290439.jpg,cataract
_224_4070697.jpg,E:\Main project\Batch 15\dataset\cataract\_224_4070697.jpg,cataract
_224_4837152.jpg,E:\Main project\Batch 15\dataset\cataract\_224_4837152.jpg,cataract
_225_8520.jpg,E:\Main project\Batch 15\dataset\cataract\_225_8520.jpg,cataract
_226_4234312.jpg,E:\Main project\Batch 15\dataset\cataract\_226_4234312.jpg,cataract
_227_1163752.jpg,E:\Main project\Batch 15\dataset\cataract\_227_1163752.jpg,cataract
_227_498752.jpg,E:\Main project\Batch 15\dataset\cataract\_227_498752.jpg,cataract
_227_9889754.jpg,E:\Main project\Batch 15\dataset\cataract\_227_9889754.jpg,cataract
_228_2229739.jpg,E:\Main project\Batch 15\dataset\cataract\_228_2229739.jpg,cataract
_228_4231065.jpg,E:\Main project\Batch 15\dataset\cataract\_228_4231065.jpg,cataract
_229_5185520.jpg,E:\Main project\Batch 15\dataset\cataract\_229_5185520.jpg,cataract
_22_2368616.jpg,E:\Main project\Batch 15\dataset\cataract\_22_2368616.jpg,cataract
_22_9724179.jpg,E:\Main project\Batch 15\dataset\cataract\_22_9724179.jpg,cataract
_230_7976367.jpg,E:\Main project\Batch 15\dataset\cataract\_230_7976367.jpg,cataract
_230_9762004.jpg,E:\Main project\Batch 15\dataset\cataract\_230_9762004.jpg,cataract
_231_3245768.jpg,E:\Main project\Batch 15\dataset\cataract\_231_3245768.jpg,cataract
_232_6943070.jpg,E:\Main project\Batch 15\dataset\cataract\_232_6943070.jpg,cataract
_233_8101340.jpg,E:\Main project\Batch 15\dataset\cataract\_233_8101340.jpg,cataract
_233_9763374.jpg,E:\Main project\Batch 15\dataset\cataract\_233_9763374.jpg,cataract
_234_579953.jpg,E:\Main project\Batch 15\dataset\cataract\_234_579953.jpg,cataract
_235_2122461.jpg,E:\Main project\Batch 15\dataset\cataract\_235_2122461.jpg,cataract
_236_9551809.jpg,E:\Main project\Batch 15\dataset\cataract\_236_9551809.jpg,cataract
_237_9130201.jpg,E:\Main project\Batch 15\dataset\cataract\_237_9130201.jpg,cataract
_238_358899.jpg,E:\Main project\Batch 15\dataset\cataract\_238_358899.jpg,cataract
_238_5389628.jpg,E:\Main project\Batch 15\dataset\cataract\_238_5389628.jpg,cataract
_238_9445598.jpg,E:\Main project\Batch 15\dataset\cataract\_238_9445598.jpg,cataract
_239_3022913.jpg,E:\Main project\Batch 15\dataset\cataract\_239_3022913.jpg,cataract
_23_4636959.jpg,E:\Main project\Batch 15\dataset\cataract\_23_4636959.jpg,cataract
_23_5187079.jpg,E:\Main project\Batch 15\dataset\cataract\_23_5187079.jpg,cataract
_23_9533792.jpg,E:\Main project\Batch 15\dataset\cataract\_23_9533792.jpg,cataract
_240_4981563.jpg,E:\Main project\Batch 15\dataset\cataract\_240_4981563.jpg,cataract
_241_6604562.jpg,E:\Main project\Batch 15\dataset\cataract\_241_6604562.jpg,cataract
_241_7236668.jpg,E:\Main project\Batch 15\dataset\cataract\_241_7236668.jpg,cataract
_242_3038184.jpg,E:\Main project\Batch 15\dataset\cataract\_242_3038184.jpg,cataract
_242_7073642.jpg,E:\Main project\Batch 15\dataset\cataract\_242_7073642.jpg,cataract
_243_1070648.jpg,E:\Main project\Batch 15\dataset\cataract\_243_1070648.jpg,cataract
_243_5311552.jpg,E:\Main project\Batch 15\dataset\cataract\_243_5311552.jpg,cataract
_244_3481752.jpg,E:\Main project\Batch 15\dataset\cataract\_244_3481752.jpg,cataract
_244_5451565.jpg,E:\Main project\Batch 15\dataset\cataract\_244_5451565.jpg,cataract
_245_498355.jpg,E:\Main project\Batch 15\dataset\cataract\_245_498355.jpg,cataract
_245_5686342.jpg,E:\Main project\Batch 15\dataset\cataract\_245_5686342.jpg,cataract
_245_789720.jpg,E:\Main project\Batch 15\dataset\cataract\_245_789720.jpg,cataract
_246_8777337.jpg,E:\Main project\Batch 15\dataset\cataract\_246_8777337.jpg,cataract
_247_7009710.jpg,E:\Main project\Batch 15\dataset\cataract\_247_7009710.jpg,cataract
_247_9509040.jpg,E:\Main project\Batch 15\dataset\cataract\_247_9509040.jpg,cataract
_248_8765348.jpg,E:\Main project\Batch 15\dataset\cataract\_248_8765348.jpg,cataract
_249_4807123.jpg,E:\Main project\Batch 15\dataset\cataract\_249_4807123.jpg,cataract
_24_6096407.jpg,E:\Main project\Batch 15\dataset\cataract\_24_6096407.jpg,cataract
_24_8522038.jpg,E:\Main project\Batch 15\dataset\cataract\_24_8522038.jpg,cataract
_250_4727436.jpg,E:\Main project\Batch 15\dataset\cataract\_250_4727436.jpg,cataract
_251_1089143.jpg,E:\Main project\Batch 15\dataset\cataract\_251_1089143.jpg,cataract
_251_6299381.jpg,E:\Main project\Batch 15\dataset\cataract\_251_6299381.jpg,cataract
_252_4692803.jpg,E:\Main project\Batch 15\dataset\cataract\_252_4692803.jpg,cataract
_252_5300307.jpg,E:\Main project\Batch 15\dataset\cataract\_252_5300307.jpg,cataract
_253_1359558.jpg,E:\Main project\Batch 15\dataset\cataract\_253_1359558.jpg,cataract
_253_643151.jpg,E:\Main project\Batch 15\dataset\cataract\_253_643151.jpg,cataract
_254_1206508.jpg,E:\Main project\Batch 15\dataset\cataract\_254_1206508.jpg,cataract
_254_9630074.jpg,E:\Main project\Batch 15\dataset\cataract\_254_9630074.jpg,cataract
_255_7810419.jpg,E:\Main project\Batch 15\dataset\cataract\_255_7810419.jpg,cataract
_256_5928804.jpg,E:\Main project\Batch 15\dataset\cataract\_256_5928804.jpg,cataract
_257_8575584.jpg,E:\Main project\Batch 15\dataset\cataract\_257_8575584.jpg,cataract
_257_9976187.jpg,E:\Main project\Batch 15\dataset\cataract\_257_9976187.jpg,cataract
_258_1685319.jpg,E:\Main project\Batch 15\dataset\cataract\_258_1685319.jpg,cataract
_258_9144081.jpg,E:\Main project\Batch 15\dataset\cataract\_258_9144081.jpg,cataract
_259_2170334.jpg,E:\Main project\Batch 15\dataset\cataract\_259_2170334.jpg,cataract
_259_9554919.jpg,E:\Main project\Batch 15\dataset\cataract\_259_9554919.jpg,cataract
_25_4707227.jpg,E:\Main project\Batch 15\dataset\cataract\_25_4707227.jpg,cataract
_260_4628277.jpg,E:\Main project\Batch 15\dataset\cataract\_260_4628277.jpg,cataract
_261_1001819.jpg,E:\Main project\Batch 15\dataset\cataract\_261_1001819.jpg,cataract
_262_2214906.jpg,E:\Main project\Batch 15\dataset\cataract\_262_2214906.jpg,cataract
_262_7895370.jpg,E:\Main project\Batch 15\dataset\cataract\_262_7895370.jpg,cataract
_263_7022799.jpg,E:\Main project\Batch 15\dataset\cataract\_263_7022799.jpg,cataract
_263_9418780.jpg,E:\Main project\Batch 15\dataset\cataract\_263_9418780.jpg,cataract
_264_422425.jpg,E:\Main project\Batch 15\dataset\cataract\_264_422425.jpg,cataract
_264_4584815.jpg,E:\Main project\Batch 15\dataset\cataract\_264_4584815.jpg,cataract
_265_7470675.jpg,E:\Main project\Batch 15\dataset\cataract\_265_7470675.jpg,cataract
_266_5676850.jpg,E:\Main project\Batch 15\dataset\cataract\_266_5676850.jpg,cataract
_267_6890587.jpg,E:\Main project\Batch 15\dataset\cataract\_267_6890587.jpg,cataract
_267_7559168.jpg,E:\Main project\Batch 15\dataset\cataract\_267_7559168.jpg,cataract
_268_113112.jpg,E:\Main project\Batch 15\dataset\cataract\_268_113112.jpg,cataract
_268_8496846.jpg,E:\Main project\Batch 15\dataset\cataract\_268_8496846.jpg,cataract
_269_2821321.jpg,E:\Main project\Batch 15\dataset\cataract\_269_2821321.jpg,cataract
_269_5232883.jpg,E:\Main project\Batch 15\dataset\cataract\_269_5232883.jpg,cataract
_26_1879474.jpg,E:\Main project\Batch 15\dataset\cataract\_26_1879474.jpg,cataract
_270_58393.jpg,E:\Main project\Batch 15\dataset\cataract\_270_58393.jpg,cataract
_270_651748.jpg,E:\Main project\Batch 15\dataset\cataract\_270_651748.jpg,cataract
_270_9344899.jpg,E:\Main project\Batch 15\dataset\cataract\_270_9344899.jpg,cataract
_271_8355519.jpg,E:\Main project\Batch 15\dataset\cataract\_271_8355519.jpg,cataract
_272_4578328.jpg,E:\Main project\Batch 15\dataset\cataract\_272_4578328.jpg,cataract
_272_7270483.jpg,E:\Main project\Batch 15\dataset\cataract\_272_7270483.jpg,cataract
_273_7267841.jpg,E:\Main project\Batch 15\dataset\cataract\_273_7267841.jpg,cataract
_273_9043733.jpg,E:\Main project\Batch 15\dataset\cataract\_273_9043733.jpg,cataract
_274_8144937.jpg,E:\Main project\Batch 15\dataset\cataract\_274_8144937.jpg,cataract
_275_3439882.jpg,E:\Main project\Batch 15\dataset\cataract\_275_3439882.jpg,cataract
_276_1796806.jpg,E:\Main project\Batch 15\dataset\cataract\_276_1796806.jpg,cataract
_277_8311217.jpg,E:\Main project\Batch 15\dataset\cataract\_277_8311217.jpg,cataract
_277_9501088.jpg,E:\Main project\Batch 15\dataset\cataract\_277_9501088.jpg,cataract
_278_248700.jpg,E:\Main project\Batch 15\dataset\cataract\_278_248700.jpg,cataract
_278_8657701.jpg,E:\Main project\Batch 15\dataset\cataract\_278_8657701.jpg,cataract
_279_2310498.jpg,E:\Main project\Batch 15\dataset\cataract\_279_2310498.jpg,cataract
_279_4656331.jpg,E:\Main project\Batch 15\dataset\cataract\_279_4656331.jpg,cataract
_27_6695157.jpg,E:\Main project\Batch 15\dataset\cataract\_27_6695157.jpg,cataract
_280_4533213.jpg,E:\Main project\Batch 15\dataset\cataract\_280_4533213.jpg,cataract
_280_7714585.jpg,E:\Main project\Batch 15\dataset\cataract\_280_7714585.jpg,cataract
_281_5275221.jpg,E:\Main project\Batch 15\dataset\cataract\_281_5275221.jpg,cataract
_282_3209093.jpg,E:\Main project\Batch 15\dataset\cataract\_282_3209093.jpg,cataract
_282_3503490.jpg,E:\Main project\Batch 15\dataset\cataract\_282_3503490.jpg,cataract
_283_4908640.jpg,E:\Main project\Batch 15\dataset\cataract\_283_4908640.jpg,cataract
_283_6068531.jpg,E:\Main project\Batch 15\dataset\cataract\_283_6068531.jpg,cataract
_284_7380745.jpg,E:\Main project\Batch 15\dataset\cataract\_284_7380745.jpg,cataract
_285_4325184.jpg,E:\Main project\Batch 15\dataset\cataract\_285_4325184.jpg,cataract
_286_6140741.jpg,E:\Main project\Batch 15\dataset\cataract\_286_6140741.jpg,cataract
_287_401023.jpg,E:\Main project\Batch 15\dataset\cataract\_287_401023.jpg,cataract
_287_8846352.jpg,E:\Main project\Batch 15\dataset\cataract\_287_8846352.jpg,cataract
_288_8210584.jpg,E:\Main project\Batch 15\dataset\cataract\_288_8210584.jpg,cataract
_288_9182789.jpg,E:\Main project\Batch 15\dataset\cataract\_288_9182789.jpg,cataract
_289_683957.jpg,E:\Main project\Batch 15\dataset\cataract\_289_683957.jpg,cataract
_289_7475172.jpg,E:\Main project\Batch 15\dataset\cataract\_289_7475172.jpg,cataract
_28_8675632.jpg,E:\Main project\Batch 15\dataset\cataract\_28_8675632.jpg,cataract
_290_9207731.jpg,E:\Main project\Batch 15\dataset\cataract\_290_9207731.jpg,cataract
_291_9986876.jpg,E:\Main project\Batch 15\dataset\cataract\_291_9986876.jpg,cataract
_292_2084855.jpg,E:\Main project\Batch 15\dataset\cataract\_292_2084855.jpg,cataract
_292_4314144.jpg,E:\Main project\Batch 15\dataset\cataract\_292_4314144.jpg,cataract
_292_8455118.jpg,E:\Main project\Batch 15\dataset\cataract\_292_8455118.jpg,cataract
_293_1732996.jpg,E:\Main project\Batch 15\dataset\cataract\_293_1732996.jpg,cataract
_294_2444042.jpg,E:\Main project\Batch 15\dataset\cataract\_294_2444042.jpg,cataract
_294_4497450.jpg,E:\Main project\Batch 15\dataset\cataract\_294_4497450.jpg,cataract
_295_4841360.jpg,E:\Main project\Batch 15\dataset\cataract\_295_4841360.jpg,cataract
_295_558295.jpg,E:\Main project\Batch 15\dataset\cataract\_295_558295.jpg,cataract
_295_8218216.jpg,E:\Main project\Batch 15\dataset\cataract\_295_8218216.jpg,cataract
_296_3277370.jpg,E:\Main project\Batch 15\dataset\cataract\_296_3277370.jpg,cataract
_297_3925010.jpg,E:\Main project\Batch 15\dataset\cataract\_297_3925010.jpg,cataract
_298_5577948.jpg,E:\Main project\Batch 15\dataset\cataract\_298_5577948.jpg,cataract
_298_9693365.jpg,E:\Main project\Batch 15\dataset\cataract\_298_9693365.jpg,cataract
_299_8679417.jpg,E:\Main project\Batch 15\dataset\cataract\_299_8679417.jpg,cataract
_29_5190417.jpg,E:\Main project\Batch 15\dataset\cataract\_29_5190417.jpg,cataract
_2_1600849.jpg,E:\Main project\Batch 15\dataset\cataract\_2_1600849.jpg,cataract
_2_5883027.jpg,E:\Main project\Batch 15\dataset\cataract\_2_5883027.jpg,cataract
_2_8900343.jpg,E:\Main project\Batch 15\dataset\cataract\_2_8900343.jpg,cataract
_300_1946959.jpg,E:\Main project\Batch 15\dataset\cataract\_300_1946959.jpg,cataract
_301_5387162.jpg,E:\Main project\Batch 15\dataset\cataract\_301_5387162.jpg,cataract
_302_3915909.jpg,E:\Main project\Batch 15\dataset\cataract\_302_3915909.jpg,cataract
_302_822867.jpg,E:\Main project\Batch 15\dataset\cataract\_302_822867.jpg,cataract
_303_1474676.jpg,E:\Main project\Batch 15\dataset\cataract\_303_1474676.jpg,cataract
_304_4376168.jpg,E:\Main project\Batch 15\dataset\cataract\_304_4376168.jpg,cataract
_305_58584.jpg,E:\Main project\Batch 15\dataset\cataract\_305_58584.jpg,cataract
_305_9499345.jpg,E:\Main project\Batch 15\dataset\cataract\_305_9499345.jpg,cataract
_306_8888195.jpg,E:\Main project\Batch 15\dataset\cataract\_306_8888195.jpg,cataract
_307_2047689.jpg,E:\Main project\Batch 15\dataset\cataract\_307_2047689.jpg,cataract
_307_7425412.jpg,E:\Main project\Batch 15\dataset\cataract\_307_7425412.jpg,cataract
_308_4657236.jpg,E:\Main project\Batch 15\dataset\cataract\_308_4657236.jpg,cataract
_309_9754398.jpg,E:\Main project\Batch 15\dataset\cataract\_309_9754398.jpg,cataract
_30_4231084.jpg,E:\Main project\Batch 15\dataset\cataract\_30_4231084.jpg,cataract
_310_7977481.jpg,E:\Main project\Batch 15\dataset\cataract\_310_7977481.jpg,cataract
_311_3993772.jpg,E:\Main project\Batch 15\dataset\cataract\_311_3993772.jpg,cataract
_311_4402042.jpg,E:\Main project\Batch 15\dataset\cataract\_311_4402042.jpg,cataract
_312_2543225.jpg,E:\Main project\Batch 15\dataset\cataract\_312_2543225.jpg,cataract
_312_2776118.jpg,E:\Main project\Batch 15\dataset\cataract\_312_2776118.jpg,cataract
_313_6548836.jpg,E:\Main project\Batch 15\dataset\cataract\_313_6548836.jpg,cataract
_314_3594023.jpg,E:\Main project\Batch 15\dataset\cataract\_314_3594023.jpg,cataract
_314_8133392.jpg,E:\Main project\Batch 15\dataset\cataract\_314_8133392.jpg,cataract
_314_8935717.jpg,E:\Main project\Batch 15\dataset\cataract\_314_8935717.jpg,cataract
_315_1312896.jpg,E:\Main project\Batch 15\dataset\cataract\_315_1312896.jpg,cataract
_315_3140714.jpg,E:\Main project\Batch 15\dataset\cataract\_315_3140714.jpg,cataract
_316_2112344.jpg,E:\Main project\Batch 15\dataset\cataract\_316_2112344.jpg,cataract
_317_4205093.jpg,E:\Main project\Batch 15\dataset\cataract\_317_4205093.jpg,cataract
_318_4106741.jpg,E:\Main project\Batch 15\dataset\cataract\_318_4106741.jpg,cataract
_319_3184825.jpg,E:\Main project\Batch 15\dataset\cataract\_319_3184825.jpg,cataract
_319_3822227.jpg,E:\Main project\Batch 15\dataset\cataract\_319_3822227.jpg,cataract
_31_5635423.jpg,E:\Main project\Batch 15\dataset\cataract\_31_5635423.jpg,cataract
_31_8523261.jpg,E:\Main project\Batch 15\dataset\cataract\_31_8523261.jpg,cataract
_320_6448598.jpg,E:\Main project\Batch 15\dataset\cataract\_320_6448598.jpg,cataract
_321_2144914.jpg,E:\Main project\Batch 15\dataset\cataract\_321_2144914.jpg,cataract
_321_6270889.jpg,E:\Main project\Batch 15\dataset\cataract\_321_6270889.jpg,cataract
_322_2685252.jpg,E:\Main project\Batch 15\dataset\cataract\_322_2685252.jpg,cataract
_323_1448180.jpg,E:\Main project\Batch 15\dataset\cataract\_323_1448180.jpg,cataract
_323_2492245.jpg,E:\Main project\Batch 15\dataset\cataract\_323_2492245.jpg,cataract
_324_9920354.jpg,E:\Main project\Batch 15\dataset\cataract\_324_9920354.jpg,cataract
_325_168910.jpg,E:\Main project\Batch 15\dataset\cataract\_325_168910.jpg,cataract
_326_1274700.jpg,E:\Main project\Batch 15\dataset\cataract\_326_1274700.jpg,cataract
_326_3940502.jpg,E:\Main project\Batch 15\dataset\cataract\_326_3940502.jpg,cataract
_327_3715152.jpg,E:\Main project\Batch 15\dataset\cataract\_327_3715152.jpg,cataract
_328_3269333.jpg,E:\Main project\Batch 15\dataset\cataract\_328_3269333.jpg,cataract
_329_4545620.jpg,E:\Main project\Batch 15\dataset\cataract\_329_4545620.jpg,cataract
_329_5467190.jpg,E:\Main project\Batch 15\dataset\cataract\_329_5467190.jpg,cataract
_32_9062172.jpg,E:\Main project\Batch 15\dataset\cataract\_32_9062172.jpg,cataract
_32_9153320.jpg,E:\Main project\Batch 15\dataset\cataract\_32_9153320.jpg,cataract
_330_5478095.jpg,E:\Main project\Batch 15\dataset\cataract\_330_5478095.jpg,cataract
_330_7361630.jpg,E:\Main project\Batch 15\dataset\cataract\_330_7361630.jpg,cataract
_331_2978484.jpg,E:\Main project\Batch 15\dataset\cataract\_331_2978484.jpg,cataract
_332_5964742.jpg,E:\Main project\Batch 15\dataset\cataract\_332_5964742.jpg,cataract
_332_7698256.jpg,E:\Main project\Batch 15\dataset\cataract\_332_7698256.jpg,cataract
_332_9730811.jpg,E:\Main project\Batch 15\dataset\cataract\_332_9730811.jpg,cataract
_333_2805221.jpg,E:\Main project\Batch 15\dataset\cataract\_333_2805221.jpg,cataract
_333_4052700.jpg,E:\Main project\Batch 15\dataset\cataract\_333_4052700.jpg,cataract
_334_1360238.jpg,E:\Main project\Batch 15\dataset\cataract\_334_1360238.jpg,cataract
_334_6427863.jpg,E:\Main project\Batch 15\dataset\cataract\_334_6427863.jpg,cataract
_335_2109396.jpg,E:\Main project\Batch 15\dataset\cataract\_335_2109396.jpg,cataract
_335_9176239.jpg,E:\Main project\Batch 15\dataset\cataract\_335_9176239.jpg,cataract
_336_8535989.jpg,E:\Main project\Batch 15\dataset\cataract\_336_8535989.jpg,cataract
_337_6800255.jpg,E:\Main project\Batch 15\dataset\cataract\_337_6800255.jpg,cataract
_338_6734383.jpg,E:\Main project\Batch 15\dataset\cataract\_338_6734383.jpg,cataract
_339_9106724.jpg,E:\Main project\Batch 15\dataset\cataract\_339_9106724.jpg,cataract
_33_692344.jpg,E:\Main project\Batch 15\dataset\cataract\_33_692344.jpg,cataract
_340_3239094.jpg,E:\Main project\Batch 15\dataset\cataract\_340_3239094.jpg,cataract
_341_8692985.jpg,E:\Main project\Batch 15\dataset\cataract\_341_8692985.jpg,cataract
_342_2775386.jpg,E:\Main project\Batch 15\dataset\cataract\_342_2775386.jpg,cataract
_343_2631213.jpg,E:\Main project\Batch 15\dataset\cataract\_343_2631213.jpg,cataract
_344_5181730.jpg,E:\Main project\Batch 15\dataset\cataract\_344_5181730.jpg,cataract
_345_2495680.jpg,E:\Main project\Batch 15\dataset\cataract\_345_2495680.jpg,cataract
_345_8957256.jpg,E:\Main project\Batch 15\dataset\cataract\_345_8957256.jpg,cataract
_346_6209704.jpg,E:\Main project\Batch 15\dataset\cataract\_346_6209704.jpg,cataract
_347_6987666.jpg,E:\Main project\Batch 15\dataset\cataract\_347_6987666.jpg,cataract
_347_7413999.jpg,E:\Main project\Batch 15\dataset\cataract\_347_7413999.jpg,cataract
_348_8120738.jpg,E:\Main project\Batch 15\dataset\cataract\_348_8120738.jpg,cataract
_349_2751142.jpg,E:\Main project\Batch 15\dataset\cataract\_349_2751142.jpg,cataract
_349_4292233.jpg,E:\Main project\Batch 15\dataset\cataract\_349_4292233.jpg,cataract
_34_2026427.jpg,E:\Main project\Batch 15\dataset\cataract\_34_2026427.jpg,cataract
_34_2290989.jpg,E:\Main project\Batch 15\dataset\cataract\_34_2290989.jpg,cataract
_350_1666948.jpg,E:\Main project\Batch 15\dataset\cataract\_350_1666948.jpg,cataract
_350_7541734.jpg,E:\Main project\Batch 15\dataset\cataract\_350_7541734.jpg,cataract
_351_5778657.jpg,E:\Main project\Batch 15\dataset\cataract\_351_5778657.jpg,cataract
_351_7651498.jpg,E:\Main project\Batch 15\dataset\cataract\_351_7651498.jpg,cataract
_352_2938767.jpg,E:\Main project\Batch 15\dataset\cataract\_352_2938767.jpg,cataract
_352_5217565.jpg,E:\Main project\Batch 15\dataset\cataract\_352_5217565.jpg,cataract
_353_3624065.jpg,E:\Main project\Batch 15\dataset\cataract\_353_3624065.jpg,cataract
_353_8002933.jpg,E:\Main project\Batch 15\dataset\cataract\_353_8002933.jpg,cataract
_354_5293531.jpg,E:\Main project\Batch 15\dataset\cataract\_354_5293531.jpg,cataract
_355_6490108.jpg,E:\Main project\Batch 15\dataset\cataract\_355_6490108.jpg,cataract
_356_7744260.jpg,E:\Main project\Batch 15\dataset\cataract\_356_7744260.jpg,cataract
_356_8261086.jpg,E:\Main project\Batch 15\dataset\cataract\_356_8261086.jpg,cataract
_357_8304812.jpg,E:\Main project\Batch 15\dataset\cataract\_357_8304812.jpg,cataract
_358_1004212.jpg,E:\Main project\Batch 15\dataset\cataract\_358_1004212.jpg,cataract
_358_2608507.jpg,E:\Main project\Batch 15\dataset\cataract\_358_2608507.jpg,cataract
_359_2555267.jpg,E:\Main project\Batch 15\dataset\cataract\_359_2555267.jpg,cataract
_359_6265965.jpg,E:\Main project\Batch 15\dataset\cataract\_359_6265965.jpg,cataract
_35_3480407.jpg,E:\Main project\Batch 15\dataset\cataract\_35_3480407.jpg,cataract
_360_3983039.jpg,E:\Main project\Batch 15\dataset\cataract\_360_3983039.jpg,cataract
_361_2261122.jpg,E:\Main project\Batch 15\dataset\cataract\_361_2261122.jpg,cataract
_361_423366.jpg,E:\Main project\Batch 15\dataset\cataract\_361_423366.jpg,cataract
_362_9739218.jpg,E:\Main project\Batch 15\dataset\cataract\_362_9739218.jpg,cataract
_363_2736933.jpg,E:\Main project\Batch 15\dataset\cataract\_363_2736933.jpg,cataract
_363_7332544.jpg,E:\Main project\Batch 15\dataset\cataract\_363_7332544.jpg,cataract
_364_9397731.jpg,E:\Main project\Batch 15\dataset\cataract\_364_9397731.jpg,cataract
_365_6266228.jpg,E:\Main project\Batch 15\dataset\cataract\_365_6266228.jpg,cataract
_365_8356754.jpg,E:\Main project\Batch 15\dataset\cataract\_365_8356754.jpg,cataract
_366_1717014.jpg,E:\Main project\Batch 15\dataset\cataract\_366_1717014.jpg,cataract
_366_983964.jpg,E:\Main project\Batch 15\dataset\cataract\_366_983964.jpg,cataract
_367_2864412.jpg,E:\Main project\Batch 15\dataset\cataract\_367_2864412.jpg,cataract
_367_9940827.jpg,E:\Main project\Batch 15\dataset\cataract\_367_9940827.jpg,cataract
_368_3722136.jpg,E:\Main project\Batch 15\dataset\cataract\_368_3722136.jpg,cataract
_368_8153741.jpg,E:\Main project\Batch 15\dataset\cataract\_368_8153741.jpg,cataract
_369_7001529.jpg,E:\Main project\Batch 15\dataset\cataract\_369_7001529.jpg,cataract
_36_1799809.jpg,E:\Main project\Batch 15\dataset\cataract\_36_1799809.jpg,cataract
_36_5599796.jpg,E:\Main project\Batch 15\dataset\cataract\_36_5599796.jpg,cataract
_370_1424453.jpg,E:\Main project\Batch 15\dataset\cataract\_370_1424453.jpg,cataract
_370_5205357.jpg,E:\Main project\Batch 15\dataset\cataract\_370_5205357.jpg,cataract
_371_8717830.jpg,E:\Main project\Batch 15\dataset\cataract\_371_8717830.jpg,cataract
_372_5630593.jpg,E:\Main project\Batch 15\dataset\cataract\_372_5630593.jpg,cataract
_373_4029422.jpg,E:\Main project\Batch 15\dataset\cataract\_373_4029422.jpg,cataract
_374_3493833.jpg,E:\Main project\Batch 15\dataset\cataract\_374_3493833.jpg,cataract
_374_8613138.jpg,E:\Main project\Batch 15\dataset\cataract\_374_8613138.jpg,cataract
_375_8898265.jpg,E:\Main project\Batch 15\dataset\cataract\_375_8898265.jpg,cataract
_375_9227285.jpg,E:\Main project\Batch 15\dataset\cataract\_375_9227285.jpg,cataract
_376_9321900.jpg,E:\Main project\Batch 15\dataset\cataract\_376_9321900.jpg,cataract
_377_1993330.jpg,E:\Main project\Batch 15\dataset\cataract\_377_1993330.jpg,cataract
_378_2183024.jpg,E:\Main project\Batch 15\dataset\cataract\_378_2183024.jpg,cataract
_378_7653956.jpg,E:\Main project\Batch 15\dataset\cataract\_378_7653956.jpg,cataract
_379_3919297.jpg,E:\Main project\Batch 15\dataset\cataract\_379_3919297.jpg,cataract
_379_8385603.jpg,E:\Main project\Batch 15\dataset\cataract\_379_8385603.jpg,cataract
_37_7526265.jpg,E:\Main project\Batch 15\dataset\cataract\_37_7526265.jpg,cataract
_37_8896673.jpg,E:\Main project\Batch 15\dataset\cataract\_37_8896673.jpg,cataract
_380_7004130.jpg,E:\Main project\Batch 15\dataset\cataract\_380_7004130.jpg,cataract
_380_8765246.jpg,E:\Main project\Batch 15\dataset\cataract\_380_8765246.jpg,cataract
_381_5407671.jpg,E:\Main project\Batch 15\dataset\cataract\_381_5407671.jpg,cataract
_381_6039460.jpg,E:\Main project\Batch 15\dataset\cataract\_381_6039460.jpg,cataract
_382_1061054.jpg,E:\Main project\Batch 15\dataset\cataract\_382_1061054.jpg,cataract
_383_4165819.jpg,E:\Main project\Batch 15\dataset\cataract\_383_4165819.jpg,cataract
_384_4668888.jpg,E:\Main project\Batch 15\dataset\cataract\_384_4668888.jpg,cataract
_385_4113427.jpg,E:\Main project\Batch 15\dataset\cataract\_385_4113427.jpg,cataract
_386_4269538.jpg,E:\Main project\Batch 15\dataset\cataract\_386_4269538.jpg,cataract
_387_449073.jpg,E:\Main project\Batch 15\dataset\cataract\_387_449073.jpg,cataract
_388_2242538.jpg,E:\Main project\Batch 15\dataset\cataract\_388_2242538.jpg,cataract
_389_2605189.jpg,E:\Main project\Batch 15\dataset\cataract\_389_2605189.jpg,cataract
_38_5463921.jpg,E:\Main project\Batch 15\dataset\cataract\_38_5463921.jpg,cataract
_390_1354382.jpg,E:\Main project\Batch 15\dataset\cataract\_390_1354382.jpg,cataract
_390_5561281.jpg,E:\Main project\Batch 15\dataset\cataract\_390_5561281.jpg,cataract
_391_2115124.jpg,E:\Main project\Batch 15\dataset\cataract\_391_2115124.jpg,cataract
_391_3026815.jpg,E:\Main project\Batch 15\dataset\cataract\_391_3026815.jpg,cataract
_392_3084035.jpg,E:\Main project\Batch 15\dataset\cataract\_392_3084035.jpg,cataract
_393_746807.jpg,E:\Main project\Batch 15\dataset\cataract\_393_746807.jpg,cataract
_394_4972049.jpg,E:\Main project\Batch 15\dataset\cataract\_394_4972049.jpg,cataract
_395_8303850.jpg,E:\Main project\Batch 15\dataset\cataract\_395_8303850.jpg,cataract
_396_4783302.jpg,E:\Main project\Batch 15\dataset\cataract\_396_4783302.jpg,cataract
_396_6097231.jpg,E:\Main project\Batch 15\dataset\cataract\_396_6097231.jpg,cataract
_397_8948757.jpg,E:\Main project\Batch 15\dataset\cataract\_397_8948757.jpg,cataract
_398_329081.jpg,E:\Main project\Batch 15\dataset\cataract\_398_329081.jpg,cataract
_398_8365643.jpg,E:\Main project\Batch 15\dataset\cataract\_398_8365643.jpg,cataract
_399_6667595.jpg,E:\Main project\Batch 15\dataset\cataract\_399_6667595.jpg,cataract
_39_9762209.jpg,E:\Main project\Batch 15\dataset\cataract\_39_9762209.jpg,cataract
_39_9936846.jpg,E:\Main project\Batch 15\dataset\cataract\_39_9936846.jpg,cataract
_3_4674992.jpg,E:\Main project\Batch 15\dataset\cataract\_3_4674992.jpg,cataract
_400_7591244.jpg,E:\Main project\Batch 15\dataset\cataract\_400_7591244.jpg,cataract
_400_7969437.jpg,E:\Main project\Batch 15\dataset\cataract\_400_7969437.jpg,cataract
_40_3866061.jpg,E:\Main project\Batch 15\dataset\cataract\_40_3866061.jpg,cataract
_40_4103987.jpg,E:\Main project\Batch 15\dataset\cataract\_40_4103987.jpg,cataract
_41_6704276.jpg,E:\Main project\Batch 15\dataset\cataract\_41_6704276.jpg,cataract
_41_7645755.jpg,E:\Main project\Batch 15\dataset\cataract\_41_7645755.jpg,cataract
_42_7486921.jpg,E:\Main project\Batch 15\dataset\cataract\_42_7486921.jpg,cataract
_42_9949990.jpg,E:\Main project\Batch 15\dataset\cataract\_42_9949990.jpg,cataract
_43_5838123.jpg,E:\Main project\Batch 15\dataset\cataract\_43_5838123.jpg,cataract
_44_6970984.jpg,E:\Main project\Batch 15\dataset\cataract\_44_6970984.jpg,cataract
_44_8713938.jpg,E:\Main project\Batch 15\dataset\cataract\_44_8713938.jpg,cataract
_45_6457682.jpg,E:\Main project\Batch 15\dataset\cataract\_45_6457682.jpg,cataract
_46_4314985.jpg,E:\Main project\Batch 15\dataset\cataract\_46_4314985.jpg,cataract
_46_7308563.jpg,E:\Main project\Batch 15\dataset\cataract\_46_7308563.jpg,cataract
_47_4608506.jpg,E:\Main project\Batch 15\dataset\cataract\_47_4608506.jpg,cataract
_48_1110786.jpg,E:\Main project\Batch 15\dataset\cataract\_48_1110786.jpg,cataract
_48_7953833.jpg,E:\Main project\Batch 15\dataset\cataract\_48_7953833.jpg,cataract
_49_1539697.jpg,E:\Main project\Batch 15\dataset\cataract\_49_1539697.jpg,cataract
_49_2405371.jpg,E:\Main project\Batch 15\dataset\cataract\_49_2405371.jpg,cataract
_4_1244424.jpg,E:\Main project\Batch 15\dataset\cataract\_4_1244424.jpg,cataract
_4_7491150.jpg,E:\Main project\Batch 15\dataset\cataract\_4_7491150.jpg,cataract
_50_1920746.jpg,E:\Main project\Batch 15\dataset\cataract\_50_1920746.jpg,cataract
_50_3163122.jpg,E:\Main project\Batch 15\dataset\cataract\_50_3163122.jpg,cataract
_51_7561724.jpg,E:\Main project\Batch 15\dataset\cataract\_51_7561724.jpg,cataract
_52_3704655.jpg,E:\Main project\Batch 15\dataset\cataract\_52_3704655.jpg,cataract
_52_7569766.jpg,E:\Main project\Batch 15\dataset\cataract\_52_7569766.jpg,cataract
_53_8912600.jpg,E:\Main project\Batch 15\dataset\cataract\_53_8912600.jpg,cataract
_54_2420057.jpg,E:\Main project\Batch 15\dataset\cataract\_54_2420057.jpg,cataract
_54_6540326.jpg,E:\Main project\Batch 15\dataset\cataract\_54_6540326.jpg,cataract
_55_8463221.jpg,E:\Main project\Batch 15\dataset\cataract\_55_8463221.jpg,cataract
_56_3359017.jpg,E:\Main project\Batch 15\dataset\cataract\_56_3359017.jpg,cataract
_57_3959793.jpg,E:\Main project\Batch 15\dataset\cataract\_57_3959793.jpg,cataract
_57_8463167.jpg,E:\Main project\Batch 15\dataset\cataract\_57_8463167.jpg,cataract
_59_2574195.jpg,E:\Main project\Batch 15\dataset\cataract\_59_2574195.jpg,cataract
_59_8958387.jpg,E:\Main project\Batch 15\dataset\cataract\_59_8958387.jpg,cataract
_5_9005506.jpg,E:\Main project\Batch 15\dataset\cataract\_5_9005506.jpg,cataract
_60_2561089.jpg,E:\Main project\Batch 15\dataset\cataract\_60_2561089.jpg,cataract
_60_7070159.jpg,E:\Main project\Batch 15\dataset\cataract\_60_7070159.jpg,cataract
_61_2475173.jpg,E:\Main project\Batch 15\dataset\cataract\_61_2475173.jpg,cataract
_61_3633947.jpg,E:\Main project\Batch 15\dataset\cataract\_61_3633947.jpg,cataract
_62_4386293.jpg,E:\Main project\Batch 15\dataset\cataract\_62_4386293.jpg,cataract
_62_4939088.jpg,E:\Main project\Batch 15\dataset\cataract\_62_4939088.jpg,cataract
_62_9491665.jpg,E:\Main project\Batch 15\dataset\cataract\_62_9491665.jpg,cataract
_63_4246818.jpg,E:\Main project\Batch 15\dataset\cataract\_63_4246818.jpg,cataract
_63_7923836.jpg,E:\Main project\Batch 15\dataset\cataract\_63_7923836.jpg,cataract
_64_2615880.jpg,E:\Main project\Batch 15\dataset\cataract\_64_2615880.jpg,cataract
_64_5229674.jpg,E:\Main project\Batch 15\dataset\cataract\_64_5229674.jpg,cataract
_65_5167591.jpg,E:\Main project\Batch 15\dataset\cataract\_65_5167591.jpg,cataract
_66_625523.jpg,E:\Main project\Batch 15\dataset\cataract\_66_625523.jpg,cataract
_66_9729796.jpg,E:\Main project\Batch 15\dataset\cataract\_66_9729796.jpg,cataract
_67_2701502.jpg,E:\Main project\Batch 15\dataset\cataract\_67_2701502.jpg,cataract
_68_132563.jpg,E:\Main project\Batch 15\dataset\cataract\_68_132563.jpg,cataract
_68_6182618.jpg,E:\Main project\Batch 15\dataset\cataract\_68_6182618.jpg,cataract
_69_3198217.jpg,E:\Main project\Batch 15\dataset\cataract\_69_3198217.jpg,cataract
_6_4834075.jpg,E:\Main project\Batch 15\dataset\cataract\_6_4834075.jpg,cataract
_6_6261868.jpg,E:\Main project\Batch 15\dataset\cataract\_6_6261868.jpg,cataract
_70_3464173.jpg,E:\Main project\Batch 15\dataset\cataract\_70_3464173.jpg,cataract
_70_6811978.jpg,E:\Main project\Batch 15\dataset\cataract\_70_6811978.jpg,cataract
_71_5079718.jpg,E:\Main project\Batch 15\dataset\cataract\_71_5079718.jpg,cataract
_71_7808711.jpg,E:\Main project\Batch 15\dataset\cataract\_71_7808711.jpg,cataract
_72_6009084.jpg,E:\Main project\Batch 15\dataset\cataract\_72_6009084.jpg,cataract
_72_8796984.jpg,E:\Main project\Batch 15\dataset\cataract\_72_8796984.jpg,cataract
_73_1828688.jpg,E:\Main project\Batch 15\dataset\cataract\_73_1828688.jpg,cataract
_74_5402652.jpg,E:\Main project\Batch 15\dataset\cataract\_74_5402652.jpg,cataract
_75_6801378.jpg,E:\Main project\Batch 15\dataset\cataract\_75_6801378.jpg,cataract
_76_3327192.jpg,E:\Main project\Batch 15\dataset\cataract\_76_3327192.jpg,cataract
_77_2197698.jpg,E:\Main project\Batch 15\dataset\cataract\_77_2197698.jpg,cataract
_77_938150.jpg,E:\Main project\Batch 15\dataset\cataract\_77_938150.jpg,cataract
_78_267330.jpg,E:\Main project\Batch 15\dataset\cataract\_78_267330.jpg,cataract
_78_8248707.jpg,E:\Main project\Batch 15\dataset\cataract\_78_8248707.jpg,cataract
_79_1123955.jpg,E:\Main project\Batch 15\dataset\cataract\_79_1123955.jpg,cataract
_7_1388234.jpg,E:\Main project\Batch 15\dataset\cataract\_7_1388234.jpg,cataract
_7_2330751.jpg,E:\Main project\Batch 15\dataset\cataract\_7_2330751.jpg,cataract
_80_2744347.jpg,E:\Main project\Batch 15\dataset\cataract\_80_2744347.jpg,cataract
_80_8675414.jpg,E:\Main project\Batch 15\dataset\cataract\_80_8675414.jpg,cataract
_81_5591649.jpg,E:\Main project\Batch 15\dataset\cataract\_81_5591649.jpg,cataract
_81_6384668.jpg,E:\Main project\Batch 15\dataset\cataract\_81_6384668.jpg,cataract
_82_1805923.jpg,E:\Main project\Batch 15\dataset\cataract\_82_1805923.jpg,cataract
_83_8570399.jpg,E:\Main project\Batch 15\dataset\cataract\_83_8570399.jpg,cataract
_84_9231607.jpg,E:\Main project\Batch 15\dataset\cataract\_84_9231607.jpg,cataract
_85_2405112.jpg,E:\Main project\Batch 15\dataset\cataract\_85_2405112.jpg,cataract
_85_5757077.jpg,E:\Main project\Batch 15\dataset\cataract\_85_5757077.jpg,cataract
_86_4443360.jpg,E:\Main project\Batch 15\dataset\cataract\_86_4443360.jpg,cataract
_86_8666413.jpg,E:\Main project\Batch 15\dataset\cataract\_86_8666413.jpg,cataract
_87_635890.jpg,E:\Main project\Batch 15\dataset\cataract\_87_635890.jpg,cataract
_88_1858467.jpg,E:\Main project\Batch 15\dataset\cataract\_88_1858467.jpg,cataract
_88_7869628.jpg,E:\Main project\Batch 15\dataset\cataract\_88_7869628.jpg,cataract
_89_2075481.jpg,E:\Main project\Batch 15\dataset\cataract\_89_2075481.jpg,cataract
_89_450120.jpg,E:\Main project\Batch 15\dataset\cataract\_89_450120.jpg,cataract
_89_6878178.jpg,E:\Main project\Batch 15\dataset\cataract\_89_6878178.jpg,cataract
_8_7059542.jpg,E:\Main project\Batch 15\dataset\cataract\_8_7059542.jpg,cataract
_90_3742626.jpg,E:\Main project\Batch 15\dataset\cataract\_90_3742626.jpg,cataract
_90_4763455.jpg,E:\Main project\Batch 15\dataset\cataract\_90_4763455.jpg,cataract
_91_7118539.jpg,E:\Main project\Batch 15\dataset\cataract\_91_7118539.jpg,cataract
_92_5284437.jpg,E:\Main project\Batch 15\dataset\cataract\_92_5284437.jpg,cataract
_93_7584804.jpg,E:\Main project\Batch 15\dataset\cataract\_93_7584804.jpg,cataract
_94_5517058.jpg,E:\Main project\Batch 15\dataset\cataract\_94_5517058.jpg,cataract
_95_592187.jpg,E:\Main project\Batch 15\dataset\cataract\_95_592187.jpg,cataract
_96_5515894.jpg,E:\Main project\Batch 15\dataset\cataract\_96_5515894.jpg,cataract
_96_6290965.jpg,E:\Main project\Batch 15\dataset\cataract\_96_6290965.jpg,cataract
_97_6398110.jpg,E:\Main project\Batch 15\dataset\cataract\_97_6398110.jpg,cataract
_97_761368.jpg,E:\Main project\Batch 15\dataset\cataract\_97_761368.jpg,cataract
_98_9687825.jpg,E:\Main project\Batch 15\dataset\cataract\_98_9687825.jpg,cataract
_99_746342.jpg,E:\Main project\Batch 15\dataset\cataract\_99_746342.jpg,cataract
_9_1244013.jpg,E:\Main project\Batch 15\dataset\cataract\_9_1244013.jpg,cataract
10003_left.jpeg,E:\Main project\Batch 15\dataset\diabetic_retinopathy\10003_left.jpeg,diabetic_retinopathy
10003_right.jpeg,E:\Main project\Batch 15\dataset\diabetic_retinopathy\10003_right.jpeg,diabetic_retinopathy
10007_left.jpeg,E:\Main project\Batch 15\dataset\diabetic_retinopathy\10007_left.jpeg,diabetic_retinopathy
10007_right.jpeg,E:\Main project\Batch 15\dataset\diabetic_retinopathy\10007_right.jpeg,diabetic_retinopathy
10009_left.jpeg,E:\Main project\Batch 15\dataset\diabetic_retinopathy\10009_left.jpeg,diabetic_retinopathy
10009_right.jpeg,E:\Main project\Batch 15\dataset\diabetic_retinopathy\10009_right.jpeg,diabetic_retinopathy
1000_left.jpeg,E:\Main project\Batch 15\dataset\diabetic_retinopathy\1000_left.jpeg,diabetic_retinopathy
1000_right.jpeg,E:\Main project\Batch 15\dataset\diabetic_retinopathy\1000_right.jpeg,diabetic_retinopathy
10010_left.jpeg,E:\Main project\Batch 15\dataset\diabetic_retinopathy\10010_left.jpeg,diabetic_retinopathy
10010_right.jpeg,E:\Main project\Batch 15\dataset\diabetic_retinopathy\10010_right.jpeg,diabetic_retinopathy
10013_left.jpeg,E:\Main project\Batch 15\dataset\diabetic_retinopathy\10013_left.jpeg,diabetic_retinopathy
10013_right.jpeg,E:\Main project\Batch 15\dataset\diabetic_retinopathy\10013_right.jpeg,diabetic_retinopathy
10014_left.jpeg,E:\Main project\Batch 15\dataset\diabetic_retinopathy\10014_left.jpeg,diabetic_retinopathy
10014_right.jpeg,E:\Main project\Batch 15\dataset\diabetic_retinopathy\10014_right.jpeg,diabetic_retinopathy
10015_left.jpeg,E:\Main project\Batch 15\dataset\diabetic_retinopathy\10015_left.jpeg,diabetic_retinopathy
10015_right.jpeg,E:\Main project\Batch 15\dataset\diabetic_retinopathy\10015_right.jpeg,diabetic_retinopathy
10017_left.jpeg,E:\Main project\Batch 15\dataset\diabetic_retinopathy\10017_left.jpeg,diabetic_retinopathy
10017_right.jpeg,E:\Main project\Batch 15\dataset\diabetic_retinopathy\10017_right.jpeg,diabetic_retinopathy
10029_left.jpeg,E:\Main project\Batch 15\dataset\diabetic_retinopathy\10029_left.jpeg,diabetic_retinopathy
10029_right.jpeg,E:\Main project\Batch 15\dataset\diabetic_retinopathy\10029_right.jpeg,diabetic_retinopathy
1002_left.jpeg,E:\Main project\Batch 15\dataset\diabetic_retinopathy\1002_left.jpeg,diabetic_retinopathy
1002_right.jpeg,E:\Main project\Batch 15\dataset\diabetic_retinopathy\1002_right.jpeg,diabetic_retinopathy
10030_left.jpeg,E:\Main project\Batch 15\dataset\diabetic_retinopathy\10030_left.jpeg,diabetic_retinopathy
10030_right.jpeg,E:\Main project\Batch 15\dataset\diabetic_retinopathy\10030_right.jpeg,diabetic_retinopathy
10031_left.jpeg,E:\Main project\Batch 15\dataset\diabetic_retinopathy\10031_left.jpeg,diabetic_retinopathy
10031_right.jpeg,E:\Main project\Batch 15\dataset\diabetic_retinopathy\10031_right.jpeg,diabetic_retinopathy
10032_left.jpeg,E:\Main project\Batch 15\dataset\diabetic_retinopathy\10032_left.jpeg,diabetic_retinopathy
10032_right.jpeg,E:\Main project\Batch 15\dataset\diabetic_retinopathy\10032_right.jpeg,diabetic_retinopathy
10035_left.jpeg,E:\Main project\Batch 15\dataset\diabetic_retinopathy\10035_left.jpeg,diabetic_retinopathy
10035_right.jpeg,E:\Main project\Batch 15\dataset\diabetic_retinopathy\10035_right.jpeg,diabetic_retinopathy
10042_left.jpeg,E:\Main project\Batch 15\dataset\diabetic_retinopathy\10042_left.jpeg,diabetic_retinopathy
10042_right.jpeg,E:\Main project\Batch 15\dataset\diabetic_retinopathy\10042_right.jpeg,diabetic_retinopathy
10046_left.jpeg,E:\Main project\Batch 15\dataset\diabetic_retinopathy\10046_left.jpeg,diabetic_retinopathy
10046_right.jpeg,E:\Main project\Batch 15\dataset\diabetic_retinopathy\10046_right.jpeg,diabetic_retinopathy
10047_left.jpeg,E:\Main project\Batch 15\dataset\diabetic_retinopathy\10047_left.jpeg,diabetic_retinopathy
10047_right.jpeg,E:\Main project\Batch 15\dataset\diabetic_retinopathy\10047_right.jpeg,diabetic_retinopathy
10050_left.jpeg,E:\Main project\Batch 15\dataset\diabetic_retinopathy\10050_left.jpeg,diabetic_retinopathy
10050_right.jpeg,E:\Main project\Batch 15\dataset\diabetic_retinopathy\10050_right.jpeg,diabetic_retinopathy
10053_left.jpeg,E:\Main project\Batch 15\dataset\diabetic_retinopathy\10053_left.jpeg,diabetic_retinopathy
10053_right.jpeg,E:\Main project\Batch 15\dataset\diabetic_retinopathy\10053_right.jpeg,diabetic_retinopathy
10058_left.jpeg,E:\Main project\Batch 15\dataset\diabetic_retinopathy\10058_left.jpeg,diabetic_retinopathy
10058_right.jpeg,E:\Main project\Batch 15\dataset\diabetic_retinopathy\10058_right.jpeg,diabetic_retinopathy
10059_left.jpeg,E:\Main project\Batch 15\dataset\diabetic_retinopathy\10059_left.jpeg,diabetic_retinopathy
10059_right.jpeg,E:\Main project\Batch 15\dataset\diabetic_retinopathy\10059_right.jpeg,diabetic_retinopathy
10061_left.jpeg,E:\Main project\Batch 15\dataset\diabetic_retinopathy\10061_left.jpeg,diabetic_retinopathy
10061_right.jpeg,E:\Main project\Batch 15\dataset\diabetic_retinopathy\10061_right.jpeg,diabetic_retinopathy
10069_left.jpeg,E:\Main project\Batch 15\dataset\diabetic_retinopathy\10069_left.jpeg,diabetic_retinopathy
10069_right.jpeg,E:\Main project\Batch 15\dataset\diabetic_retinopathy\10069_right.jpeg,diabetic_retinopathy
10078_left.jpeg,E:\Main project\Batch 15\dataset\diabetic_retinopathy\10078_left.jpeg,diabetic_retinopathy
10078_right.jpeg,E:\Main project\Batch 15\dataset\diabetic_retinopathy\10078_right.jpeg,diabetic_retinopathy
10081_left.jpeg,E:\Main project\Batch 15\dataset\diabetic_retinopathy\10081_left.jpeg,diabetic_retinopathy
10081_right.jpeg,E:\Main project\Batch 15\dataset\diabetic_retinopathy\10081_right.jpeg,diabetic_retinopathy
10085_left.jpeg,E:\Main project\Batch 15\dataset\diabetic_retinopathy\10085_left.jpeg,diabetic_retinopathy
10085_right.jpeg,E:\Main project\Batch 15\dataset\diabetic_retinopathy\10085_right.jpeg,diabetic_retinopathy
1008_left.jpeg,E:\Main project\Batch 15\dataset\diabetic_retinopathy\1008_left.jpeg,diabetic_retinopathy
1008_right.jpeg,E:\Main project\Batch 15\dataset\diabetic_retinopathy\1008_right.jpeg,diabetic_retinopathy
10095_left.jpeg,E:\Main project\Batch 15\dataset\diabetic_retinopathy\10095_left.jpeg,diabetic_retinopathy
10095_right.jpeg,E:\Main project\Batch 15\dataset\diabetic_retinopathy\10095_right.jpeg,diabetic_retinopathy
10099_left.jpeg,E:\Main project\Batch 15\dataset\diabetic_retinopathy\10099_left.jpeg,diabetic_retinopathy
10099_right.jpeg,E:\Main project\Batch 15\dataset\diabetic_retinopathy\10099_right.jpeg,diabetic_retinopathy
100_left.jpeg,E:\Main project\Batch 15\dataset\diabetic_retinopathy\100_left.jpeg,diabetic_retinopathy
100_right.jpeg,E:\Main project\Batch 15\dataset\diabetic_retinopathy\100_right.jpeg,diabetic_retinopathy
10100_left.jpeg,E:\Main project\Batch 15\dataset\diabetic_retinopathy\10100_left.jpeg,diabetic_retinopathy
10100_right.jpeg,E:\Main project\Batch 15\dataset\diabetic_retinopathy\10100_right.jpeg,diabetic_retinopathy
10104_left.jpeg,E:\Main project\Batch 15\dataset\diabetic_retinopathy\10104_left.jpeg,diabetic_retinopathy
10104_right.jpeg,E:\Main project\Batch 15\dataset\diabetic_retinopathy\10104_right.jpeg,diabetic_retinopathy
10109_left.jpeg,E:\Main project\Batch 15\dataset\diabetic_retinopathy\10109_left.jpeg,diabetic_retinopathy
10109_right.jpeg,E:\Main project\Batch 15\dataset\diabetic_retinopathy\10109_right.jpeg,diabetic_retinopathy
10115_left.jpeg,E:\Main project\Batch 15\dataset\diabetic_retinopathy\10115_left.jpeg,diabetic_retinopathy
10115_right.jpeg,E:\Main project\Batch 15\dataset\diabetic_retinopathy\10115_right.jpeg,diabetic_retinopathy
10116_left.jpeg,E:\Main project\Batch 15\dataset\diabetic_retinopathy\10116_left.jpeg,diabetic_retinopathy
10116_right.jpeg,E:\Main project\Batch 15\dataset\diabetic_retinopathy\10116_right.jpeg,diabetic_retinopathy
1011_left.jpeg,E:\Main project\Batch 15\dataset\diabetic_retinopathy\1011_left.jpeg,diabetic_retinopathy
1011_right.jpeg,E:\Main project\Batch 15\dataset\diabetic_retinopathy\1011_right.jpeg,diabetic_retinopathy
10120_left.jpeg,E:\Main project\Batch 15\dataset\diabetic_retinopathy\10120_left.jpeg,diabetic_retinopathy
10120_right.jpeg,E:\Main project\Batch 15\dataset\diabetic_retinopathy\10120_right.jpeg,diabetic_retinopathy
10124_left.jpeg,E:\Main project\Batch 15\dataset\diabetic_retinopathy\10124_left.jpeg,diabetic_retinopathy
10124_right.jpeg,E:\Main project\Batch 15\dataset\diabetic_retinopathy\10124_right.jpeg,diabetic_retinopathy
10126_left.jpeg,E:\Main project\Batch 15\dataset\diabetic_retinopathy\10126_left.jpeg,diabetic_retinopathy
10126_right.jpeg,E:\Main project\Batch 15\dataset\diabetic_retinopathy\10126_right.jpeg,diabetic_retinopathy
10129_left.jpeg,E:\Main project\Batch 15\dataset\diabetic_retinopathy\10129_left.jpeg,diabetic_retinopathy
10129_right.jpeg,E:\Main project\Batch 15\dataset\diabetic_retinopathy\10129_right.jpeg,diabetic_retinopathy
1012_left.jpeg,E:\Main project\Batch 15\dataset\diabetic_retinopathy\1012_left.jpeg,diabetic_retinopathy
1012_right.jpeg,E:\Main project\Batch 15\dataset\diabetic_retinopathy\1012_right.jpeg,diabetic_retinopathy
10130_left.jpeg,E:\Main project\Batch 15\dataset\diabetic_retinopathy\10130_left.jpeg,diabetic_retinopathy
10130_right.jpeg,E:\Main project\Batch 15\dataset\diabetic_retinopathy\10130_right.jpeg,diabetic_retinopathy
10135_left.jpeg,E:\Main project\Batch 15\dataset\diabetic_retinopathy\10135_left.jpeg,diabetic_retinopathy
10135_right.jpeg,E:\Main project\Batch 15\dataset\diabetic_retinopathy\10135_right.jpeg,diabetic_retinopathy
10137_left.jpeg,E:\Main project\Batch 15\dataset\diabetic_retinopathy\10137_left.jpeg,diabetic_retinopathy
10137_right.jpeg,E:\Main project\Batch 15\dataset\diabetic_retinopathy\10137_right.jpeg,diabetic_retinopathy
10141_left.jpeg,E:\Main project\Batch 15\dataset\diabetic_retinopathy\10141_left.jpeg,diabetic_retinopathy
10141_right.jpeg,E:\Main project\Batch 15\dataset\diabetic_retinopathy\10141_right.jpeg,diabetic_retinopathy
10147_left.jpeg,E:\Main project\Batch 15\dataset\diabetic_retinopathy\10147_left.jpeg,diabetic_retinopathy
10147_right.jpeg,E:\Main project\Batch 15\dataset\diabetic_retinopathy\10147_right.jpeg,diabetic_retinopathy
10149_left.jpeg,E:\Main project\Batch 15\dataset\diabetic_retinopathy\10149_left.jpeg,diabetic_retinopathy
10149_right.jpeg,E:\Main project\Batch 15\dataset\diabetic_retinopathy\10149_right.jpeg,diabetic_retinopathy
10150_left.jpeg,E:\Main project\Batch 15\dataset\diabetic_retinopathy\10150_left.jpeg,diabetic_retinopathy
10150_right.jpeg,E:\Main project\Batch 15\dataset\diabetic_retinopathy\10150_right.jpeg,diabetic_retinopathy
10153_left.jpeg,E:\Main project\Batch 15\dataset\diabetic_retinopathy\10153_left.jpeg,diabetic_retinopathy
10153_right.jpeg,E:\Main project\Batch 15\dataset\diabetic_retinopathy\10153_right.jpeg,diabetic_retinopathy
10154_left.jpeg,E:\Main project\Batch 15\dataset\diabetic_retinopathy\10154_left.jpeg,diabetic_retinopathy
10154_right.jpeg,E:\Main project\Batch 15\dataset\diabetic_retinopathy\10154_right.jpeg,diabetic_retinopathy
10156_left.jpeg,E:\Main project\Batch 15\dataset\diabetic_retinopathy\10156_left.jpeg,diabetic_retinopathy
10156_right.jpeg,E:\Main project\Batch 15\dataset\diabetic_retinopathy\10156_right.jpeg,diabetic_retinopathy
10160_left.jpeg,E:\Main project\Batch 15\dataset\diabetic_retinopathy\10160_left.jpeg,diabetic_retinopathy
10160_right.jpeg,E:\Main project\Batch 15\dataset\diabetic_retinopathy\10160_right.jpeg,diabetic_retinopathy
10163_left.jpeg,E:\Main project\Batch 15\dataset\diabetic_retinopathy\10163_left.jpeg,diabetic_retinopathy
10163_right.jpeg,E:\Main project\Batch 15\dataset\diabetic_retinopathy\10163_right.jpeg,diabetic_retinopathy
10166_left.jpeg,E:\Main project\Batch 15\dataset\diabetic_retinopathy\10166_left.jpeg,diabetic_retinopathy
10166_right.jpeg,E:\Main project\Batch 15\dataset\diabetic_retinopathy\10166_right.jpeg,diabetic_retinopathy
10169_left.jpeg,E:\Main project\Batch 15\dataset\diabetic_retinopathy\10169_left.jpeg,diabetic_retinopathy
10169_right.jpeg,E:\Main project\Batch 15\dataset\diabetic_retinopathy\10169_right.jpeg,diabetic_retinopathy
10170_left.jpeg,E:\Main project\Batch 15\dataset\diabetic_retinopathy\10170_left.jpeg,diabetic_retinopathy
10170_right.jpeg,E:\Main project\Batch 15\dataset\diabetic_retinopathy\10170_right.jpeg,diabetic_retinopathy
10175_left.jpeg,E:\Main project\Batch 15\dataset\diabetic_retinopathy\10175_left.jpeg,diabetic_retinopathy
10175_right.jpeg,E:\Main project\Batch 15\dataset\diabetic_retinopathy\10175_right.jpeg,diabetic_retinopathy
10177_left.jpeg,E:\Main project\Batch 15\dataset\diabetic_retinopathy\10177_left.jpeg,diabetic_retinopathy
10177_right.jpeg,E:\Main project\Batch 15\dataset\diabetic_retinopathy\10177_right.jpeg,diabetic_retinopathy
1017_left.jpeg,E:\Main project\Batch 15\dataset\diabetic_retinopathy\1017_left.jpeg,diabetic_retinopathy
1017_right.jpeg,E:\Main project\Batch 15\dataset\diabetic_retinopathy\1017_right.jpeg,diabetic_retinopathy
10182_left.jpeg,E:\Main project\Batch 15\dataset\diabetic_retinopathy\10182_left.jpeg,diabetic_retinopathy
10182_right.jpeg,E:\Main project\Batch 15\dataset\diabetic_retinopathy\10182_right.jpeg,diabetic_retinopathy
10183_left.jpeg,E:\Main project\Batch 15\dataset\diabetic_retinopathy\10183_left.jpeg,diabetic_retinopathy
10183_right.jpeg,E:\Main project\Batch 15\dataset\diabetic_retinopathy\10183_right.jpeg,diabetic_retinopathy
10184_left.jpeg,E:\Main project\Batch 15\dataset\diabetic_retinopathy\10184_left.jpeg,diabetic_retinopathy
10184_right.jpeg,E:\Main project\Batch 15\dataset\diabetic_retinopathy\10184_right.jpeg,diabetic_retinopathy
10194_left.jpeg,E:\Main project\Batch 15\dataset\diabetic_retinopathy\10194_left.jpeg,diabetic_retinopathy
10194_right.jpeg,E:\Main project\Batch 15\dataset\diabetic_retinopathy\10194_right.jpeg,diabetic_retinopathy
10206_left.jpeg,E:\Main project\Batch 15\dataset\diabetic_retinopathy\10206_left.jpeg,diabetic_retinopathy
10206_right.jpeg,E:\Main project\Batch 15\dataset\diabetic_retinopathy\10206_right.jpeg,diabetic_retinopathy
10207_left.jpeg,E:\Main project\Batch 15\dataset\diabetic_retinopathy\10207_left.jpeg,diabetic_retinopathy
10207_right.jpeg,E:\Main project\Batch 15\dataset\diabetic_retinopathy\10207_right.jpeg,diabetic_retinopathy
1020_left.jpeg,E:\Main project\Batch 15\dataset\diabetic_retinopathy\1020_left.jpeg,diabetic_retinopathy
1020_right.jpeg,E:\Main project\Batch 15\dataset\diabetic_retinopathy\1020_right.jpeg,diabetic_retinopathy
10210_left.jpeg,E:\Main project\Batch 15\dataset\diabetic_retinopathy\10210_left.jpeg,diabetic_retinopathy
10210_right.jpeg,E:\Main project\Batch 15\dataset\diabetic_retinopathy\10210_right.jpeg,diabetic_retinopathy
10212_left.jpeg,E:\Main project\Batch 15\dataset\diabetic_retinopathy\10212_left.jpeg,diabetic_retinopathy
10212_right.jpeg,E:\Main project\Batch 15\dataset\diabetic_retinopathy\10212_right.jpeg,diabetic_retinopathy
10218_left.jpeg,E:\Main project\Batch 15\dataset\diabetic_retinopathy\10218_left.jpeg,diabetic_retinopathy
10218_right.jpeg,E:\Main project\Batch 15\dataset\diabetic_retinopathy\10218_right.jpeg,diabetic_retinopathy
1021_left.jpeg,E:\Main project\Batch 15\dataset\diabetic_retinopathy\1021_left.jpeg,diabetic_retinopathy
1021_right.jpeg,E:\Main project\Batch 15\dataset\diabetic_retinopathy\1021_right.jpeg,diabetic_retinopathy
10221_left.jpeg,E:\Main project\Batch 15\dataset\diabetic_retinopathy\10221_left.jpeg,diabetic_retinopathy
10221_right.jpeg,E:\Main project\Batch 15\dataset\diabetic_retinopathy\10221_right.jpeg,diabetic_retinopathy
10226_left.jpeg,E:\Main project\Batch 15\dataset\diabetic_retinopathy\10226_left.jpeg,diabetic_retinopathy
10226_right.jpeg,E:\Main project\Batch 15\dataset\diabetic_retinopathy\10226_right.jpeg,diabetic_retinopathy
10230_left.jpeg,E:\Main project\Batch 15\dataset\diabetic_retinopathy\10230_left.jpeg,diabetic_retinopathy
10230_right.jpeg,E:\Main project\Batch 15\dataset\diabetic_retinopathy\10230_right.jpeg,diabetic_retinopathy
10232_left.jpeg,E:\Main project\Batch 15\dataset\diabetic_retinopathy\10232_left.jpeg,diabetic_retinopathy
10232_right.jpeg,E:\Main project\Batch 15\dataset\diabetic_retinopathy\10232_right.jpeg,diabetic_retinopathy
10233_left.jpeg,E:\Main project\Batch 15\dataset\diabetic_retinopathy\10233_left.jpeg,diabetic_retinopathy
10233_right.jpeg,E:\Main project\Batch 15\dataset\diabetic_retinopathy\10233_right.jpeg,diabetic_retinopathy
10234_left.jpeg,E:\Main project\Batch 15\dataset\diabetic_retinopathy\10234_left.jpeg,diabetic_retinopathy
10234_right.jpeg,E:\Main project\Batch 15\dataset\diabetic_retinopathy\10234_right.jpeg,diabetic_retinopathy
10241_left.jpeg,E:\Main project\Batch 15\dataset\diabetic_retinopathy\10241_left.jpeg,diabetic_retinopathy
10241_right.jpeg,E:\Main project\Batch 15\dataset\diabetic_retinopathy\10241_right.jpeg,diabetic_retinopathy
10242_left.jpeg,E:\Main project\Batch 15\dataset\diabetic_retinopathy\10242_left.jpeg,diabetic_retinopathy
10242_right.jpeg,E:\Main project\Batch 15\dataset\diabetic_retinopathy\10242_right.jpeg,diabetic_retinopathy
10243_left.jpeg,E:\Main project\Batch 15\dataset\diabetic_retinopathy\10243_left.jpeg,diabetic_retinopathy
10243_right.jpeg,E:\Main project\Batch 15\dataset\diabetic_retinopathy\10243_right.jpeg,diabetic_retinopathy
10244_left.jpeg,E:\Main project\Batch 15\dataset\diabetic_retinopathy\10244_left.jpeg,diabetic_retinopathy
10244_right.jpeg,E:\Main project\Batch 15\dataset\diabetic_retinopathy\10244_right.jpeg,diabetic_retinopathy
1024_left.jpeg,E:\Main project\Batch 15\dataset\diabetic_retinopathy\1024_left.jpeg,diabetic_retinopathy
1024_right.jpeg,E:\Main project\Batch 15\dataset\diabetic_retinopathy\1024_right.jpeg,diabetic_retinopathy
10250_left.jpeg,E:\Main project\Batch 15\dataset\diabetic_retinopathy\10250_left.jpeg,diabetic_retinopathy
10250_right.jpeg,E:\Main project\Batch 15\dataset\diabetic_retinopathy\10250_right.jpeg,diabetic_retinopathy
10251_left.jpeg,E:\Main project\Batch 15\dataset\diabetic_retinopathy\10251_left.jpeg,diabetic_retinopathy
10251_right.jpeg,E:\Main project\Batch 15\dataset\diabetic_retinopathy\10251_right.jpeg,diabetic_retinopathy
10252_left.jpeg,E:\Main project\Batch 15\dataset\diabetic_retinopathy\10252_left.jpeg,diabetic_retinopathy
10252_right.jpeg,E:\Main project\Batch 15\dataset\diabetic_retinopathy\10252_right.jpeg,diabetic_retinopathy
10255_left.jpeg,E:\Main project\Batch 15\dataset\diabetic_retinopathy\10255_left.jpeg,diabetic_retinopathy
10255_right.jpeg,E:\Main project\Batch 15\dataset\diabetic_retinopathy\10255_right.jpeg,diabetic_retinopathy
10257_left.jpeg,E:\Main project\Batch 15\dataset\diabetic_retinopathy\10257_left.jpeg,diabetic_retinopathy
10257_right.jpeg,E:\Main project\Batch 15\dataset\diabetic_retinopathy\10257_right.jpeg,diabetic_retinopathy
10260_left.jpeg,E:\Main project\Batch 15\dataset\diabetic_retinopathy\10260_left.jpeg,diabetic_retinopathy
10260_right.jpeg,E:\Main project\Batch 15\dataset\diabetic_retinopathy\10260_right.jpeg,diabetic_retinopathy
10262_left.jpeg,E:\Main project\Batch 15\dataset\diabetic_retinopathy\10262_left.jpeg,diabetic_retinopathy
10262_right.jpeg,E:\Main project\Batch 15\dataset\diabetic_retinopathy\10262_right.jpeg,diabetic_retinopathy
10263_left.jpeg,E:\Main project\Batch 15\dataset\diabetic_retinopathy\10263_left.jpeg,diabetic_retinopathy
10263_right.jpeg,E:\Main project\Batch 15\dataset\diabetic_retinopathy\10263_right.jpeg,diabetic_retinopathy
10265_left.jpeg,E:\Main project\Batch 15\dataset\diabetic_retinopathy\10265_left.jpeg,diabetic_retinopathy
10265_right.jpeg,E:\Main project\Batch 15\dataset\diabetic_retinopathy\10265_right.jpeg,diabetic_retinopathy
10266_left.jpeg,E:\Main project\Batch 15\dataset\diabetic_retinopathy\10266_left.jpeg,diabetic_retinopathy
10266_right.jpeg,E:\Main project\Batch 15\dataset\diabetic_retinopathy\10266_right.jpeg,diabetic_retinopathy
10272_left.jpeg,E:\Main project\Batch 15\dataset\diabetic_retinopathy\10272_left.jpeg,diabetic_retinopathy
10272_right.jpeg,E:\Main project\Batch 15\dataset\diabetic_retinopathy\10272_right.jpeg,diabetic_retinopathy
10276_left.jpeg,E:\Main project\Batch 15\dataset\diabetic_retinopathy\10276_left.jpeg,diabetic_retinopathy
10276_right.jpeg,E:\Main project\Batch 15\dataset\diabetic_retinopathy\10276_right.jpeg,diabetic_retinopathy
10278_left.jpeg,E:\Main project\Batch 15\dataset\diabetic_retinopathy\10278_left.jpeg,diabetic_retinopathy
10278_right.jpeg,E:\Main project\Batch 15\dataset\diabetic_retinopathy\10278_right.jpeg,diabetic_retinopathy
10279_left.jpeg,E:\Main project\Batch 15\dataset\diabetic_retinopathy\10279_left.jpeg,diabetic_retinopathy
10279_right.jpeg,E:\Main project\Batch 15\dataset\diabetic_retinopathy\10279_right.jpeg,diabetic_retinopathy
1027_left.jpeg,E:\Main project\Batch 15\dataset\diabetic_retinopathy\1027_left.jpeg,diabetic_retinopathy
1027_right.jpeg,E:\Main project\Batch 15\dataset\diabetic_retinopathy\1027_right.jpeg,diabetic_retinopathy
10284_left.jpeg,E:\Main project\Batch 15\dataset\diabetic_retinopathy\10284_left.jpeg,diabetic_retinopathy
10284_right.jpeg,E:\Main project\Batch 15\dataset\diabetic_retinopathy\10284_right.jpeg,diabetic_retinopathy
10293_left.jpeg,E:\Main project\Batch 15\dataset\diabetic_retinopathy\10293_left.jpeg,diabetic_retinopathy
10293_right.jpeg,E:\Main project\Batch 15\dataset\diabetic_retinopathy\10293_right.jpeg,diabetic_retinopathy
10294_left.jpeg,E:\Main project\Batch 15\dataset\diabetic_retinopathy\10294_left.jpeg,diabetic_retinopathy
10294_right.jpeg,E:\Main project\Batch 15\dataset\diabetic_retinopathy\10294_right.jpeg,diabetic_retinopathy
10295_left.jpeg,E:\Main project\Batch 15\dataset\diabetic_retinopathy\10295_left.jpeg,diabetic_retinopathy
10295_right.jpeg,E:\Main project\Batch 15\dataset\diabetic_retinopathy\10295_right.jpeg,diabetic_retinopathy
10297_left.jpeg,E:\Main project\Batch 15\dataset\diabetic_retinopathy\10297_left.jpeg,diabetic_retinopathy
10297_right.jpeg,E:\Main project\Batch 15\dataset\diabetic_retinopathy\10297_right.jpeg,diabetic_retinopathy
102_left.jpeg,E:\Main project\Batch 15\dataset\diabetic_retinopathy\102_left.jpeg,diabetic_retinopathy
102_right.jpeg,E:\Main project\Batch 15\dataset\diabetic_retinopathy\102_right.jpeg,diabetic_retinopathy
10303_left.jpeg,E:\Main project\Batch 15\dataset\diabetic_retinopathy\10303_left.jpeg,diabetic_retinopathy
10303_right.jpeg,E:\Main project\Batch 15\dataset\diabetic_retinopathy\10303_right.jpeg,diabetic_retinopathy
10305_left.jpeg,E:\Main project\Batch 15\dataset\diabetic_retinopathy\10305_left.jpeg,diabetic_retinopathy
10305_right.jpeg,E:\Main project\Batch 15\dataset\diabetic_retinopathy\10305_right.jpeg,diabetic_retinopathy
10306_left.jpeg,E:\Main project\Batch 15\dataset\diabetic_retinopathy\10306_left.jpeg,diabetic_retinopathy
10306_right.jpeg,E:\Main project\Batch 15\dataset\diabetic_retinopathy\10306_right.jpeg,diabetic_retinopathy
1030_left.jpeg,E:\Main project\Batch 15\dataset\diabetic_retinopathy\1030_left.jpeg,diabetic_retinopathy
1030_right.jpeg,E:\Main project\Batch 15\dataset\diabetic_retinopathy\1030_right.jpeg,diabetic_retinopathy
10310_left.jpeg,E:\Main project\Batch 15\dataset\diabetic_retinopathy\10310_left.jpeg,diabetic_retinopathy
10310_right.jpeg,E:\Main project\Batch 15\dataset\diabetic_retinopathy\10310_right.jpeg,diabetic_retinopathy
10312_left.jpeg,E:\Main project\Batch 15\dataset\diabetic_retinopathy\10312_left.jpeg,diabetic_retinopathy
10312_right.jpeg,E:\Main project\Batch 15\dataset\diabetic_retinopathy\10312_right.jpeg,diabetic_retinopathy
10317_left.jpeg,E:\Main project\Batch 15\dataset\diabetic_retinopathy\10317_left.jpeg,diabetic_retinopathy
10317_right.jpeg,E:\Main project\Batch 15\dataset\diabetic_retinopathy\10317_right.jpeg,diabetic_retinopathy
10319_left.jpeg,E:\Main project\Batch 15\dataset\diabetic_retinopathy\10319_left.jpeg,diabetic_retinopathy
10319_right.jpeg,E:\Main project\Batch 15\dataset\diabetic_retinopathy\10319_right.jpeg,diabetic_retinopathy
10321_left.jpeg,E:\Main project\Batch 15\dataset\diabetic_retinopathy\10321_left.jpeg,diabetic_retinopathy
10321_right.jpeg,E:\Main project\Batch 15\dataset\diabetic_retinopathy\10321_right.jpeg,diabetic_retinopathy
10325_left.jpeg,E:\Main project\Batch 15\dataset\diabetic_retinopathy\10325_left.jpeg,diabetic_retinopathy
10325_right.jpeg,E:\Main project\Batch 15\dataset\diabetic_retinopathy\10325_right.jpeg,diabetic_retinopathy
10326_left.jpeg,E:\Main project\Batch 15\dataset\diabetic_retinopathy\10326_left.jpeg,diabetic_retinopathy
10326_right.jpeg,E:\Main project\Batch 15\dataset\diabetic_retinopathy\10326_right.jpeg,diabetic_retinopathy
10328_left.jpeg,E:\Main project\Batch 15\dataset\diabetic_retinopathy\10328_left.jpeg,diabetic_retinopathy
10328_right.jpeg,E:\Main project\Batch 15\dataset\diabetic_retinopathy\10328_right.jpeg,diabetic_retinopathy
10333_left.jpeg,E:\Main project\Batch 15\dataset\diabetic_retinopathy\10333_left.jpeg,diabetic_retinopathy
10333_right.jpeg,E:\Main project\Batch 15\dataset\diabetic_retinopathy\10333_right.jpeg,diabetic_retinopathy
10337_left.jpeg,E:\Main project\Batch 15\dataset\diabetic_retinopathy\10337_left.jpeg,diabetic_retinopathy
10337_right.jpeg,E:\Main project\Batch 15\dataset\diabetic_retinopathy\10337_right.jpeg,diabetic_retinopathy
10339_left.jpeg,E:\Main project\Batch 15\dataset\diabetic_retinopathy\10339_left.jpeg,diabetic_retinopathy
10339_right.jpeg,E:\Main project\Batch 15\dataset\diabetic_retinopathy\10339_right.jpeg,diabetic_retinopathy
10340_left.jpeg,E:\Main project\Batch 15\dataset\diabetic_retinopathy\10340_left.jpeg,diabetic_retinopathy
10340_right.jpeg,E:\Main project\Batch 15\dataset\diabetic_retinopathy\10340_right.jpeg,diabetic_retinopathy
10343_left.jpeg,E:\Main project\Batch 15\dataset\diabetic_retinopathy\10343_left.jpeg,diabetic_retinopathy
10343_right.jpeg,E:\Main project\Batch 15\dataset\diabetic_retinopathy\10343_right.jpeg,diabetic_retinopathy
1034_left.jpeg,E:\Main project\Batch 15\dataset\diabetic_retinopathy\1034_left.jpeg,diabetic_retinopathy
1034_right.jpeg,E:\Main project\Batch 15\dataset\diabetic_retinopathy\1034_right.jpeg,diabetic_retinopathy
10359_left.jpeg,E:\Main project\Batch 15\dataset\diabetic_retinopathy\10359_left.jpeg,diabetic_retinopathy
10359_right.jpeg,E:\Main project\Batch 15\dataset\diabetic_retinopathy\10359_right.jpeg,diabetic_retinopathy
1035_left.jpeg,E:\Main project\Batch 15\dataset\diabetic_retinopathy\1035_left.jpeg,diabetic_retinopathy
1035_right.jpeg,E:\Main project\Batch 15\dataset\diabetic_retinopathy\1035_right.jpeg,diabetic_retinopathy
10363_left.jpeg,E:\Main project\Batch 15\dataset\diabetic_retinopathy\10363_left.jpeg,diabetic_retinopathy
10363_right.jpeg,E:\Main project\Batch 15\dataset\diabetic_retinopathy\10363_right.jpeg,diabetic_retinopathy
10367_left.jpeg,E:\Main project\Batch 15\dataset\diabetic_retinopathy\10367_left.jpeg,diabetic_retinopathy
10367_right.jpeg,E:\Main project\Batch 15\dataset\diabetic_retinopathy\10367_right.jpeg,diabetic_retinopathy
10368_left.jpeg,E:\Main project\Batch 15\dataset\diabetic_retinopathy\10368_left.jpeg,diabetic_retinopathy
10368_right.jpeg,E:\Main project\Batch 15\dataset\diabetic_retinopathy\10368_right.jpeg,diabetic_retinopathy
10369_left.jpeg,E:\Main project\Batch 15\dataset\diabetic_retinopathy\10369_left.jpeg,diabetic_retinopathy
10369_right.jpeg,E:\Main project\Batch 15\dataset\diabetic_retinopathy\10369_right.jpeg,diabetic_retinopathy
10377_left.jpeg,E:\Main project\Batch 15\dataset\diabetic_retinopathy\10377_left.jpeg,diabetic_retinopathy
10377_right.jpeg,E:\Main project\Batch 15\dataset\diabetic_retinopathy\10377_right.jpeg,diabetic_retinopathy
1037_left.jpeg,E:\Main project\Batch 15\dataset\diabetic_retinopathy\1037_left.jpeg,diabetic_retinopathy
1037_right.jpeg,E:\Main project\Batch 15\dataset\diabetic_retinopathy\1037_right.jpeg,diabetic_retinopathy
10386_left.jpeg,E:\Main project\Batch 15\dataset\diabetic_retinopathy\10386_left.jpeg,diabetic_retinopathy
10386_right.jpeg,E:\Main project\Batch 15\dataset\diabetic_retinopathy\10386_right.jpeg,diabetic_retinopathy
10389_left.jpeg,E:\Main project\Batch 15\dataset\diabetic_retinopathy\10389_left.jpeg,diabetic_retinopathy
10389_right.jpeg,E:\Main project\Batch 15\dataset\diabetic_retinopathy\10389_right.jpeg,diabetic_retinopathy
10391_left.jpeg,E:\Main project\Batch 15\dataset\diabetic_retinopathy\10391_left.jpeg,diabetic_retinopathy
10391_right.jpeg,E:\Main project\Batch 15\dataset\diabetic_retinopathy\10391_right.jpeg,diabetic_retinopathy
10397_left.jpeg,E:\Main project\Batch 15\dataset\diabetic_retinopathy\10397_left.jpeg,diabetic_retinopathy
10397_right.jpeg,E:\Main project\Batch 15\dataset\diabetic_retinopathy\10397_right.jpeg,diabetic_retinopathy
10398_left.jpeg,E:\Main project\Batch 15\dataset\diabetic_retinopathy\10398_left.jpeg,diabetic_retinopathy
10398_right.jpeg,E:\Main project\Batch 15\dataset\diabetic_retinopathy\10398_right.jpeg,diabetic_retinopathy
10403_left.jpeg,E:\Main project\Batch 15\dataset\diabetic_retinopathy\10403_left.jpeg,diabetic_retinopathy
10403_right.jpeg,E:\Main project\Batch 15\dataset\diabetic_retinopathy\10403_right.jpeg,diabetic_retinopathy
10404_left.jpeg,E:\Main project\Batch 15\dataset\diabetic_retinopathy\10404_left.jpeg,diabetic_retinopathy
10404_right.jpeg,E:\Main project\Batch 15\dataset\diabetic_retinopathy\10404_right.jpeg,diabetic_retinopathy
10407_left.jpeg,E:\Main project\Batch 15\dataset\diabetic_retinopathy\10407_left.jpeg,diabetic_retinopathy
10407_right.jpeg,E:\Main project\Batch 15\dataset\diabetic_retinopathy\10407_right.jpeg,diabetic_retinopathy
10408_left.jpeg,E:\Main project\Batch 15\dataset\diabetic_retinopathy\10408_left.jpeg,diabetic_retinopathy
10408_right.jpeg,E:\Main project\Batch 15\dataset\diabetic_retinopathy\10408_right.jpeg,diabetic_retinopathy
10409_left.jpeg,E:\Main project\Batch 15\dataset\diabetic_retinopathy\10409_left.jpeg,diabetic_retinopathy
10409_right.jpeg,E:\Main project\Batch 15\dataset\diabetic_retinopathy\10409_right.jpeg,diabetic_retinopathy
10415_left.jpeg,E:\Main project\Batch 15\dataset\diabetic_retinopathy\10415_left.jpeg,diabetic_retinopathy
10415_right.jpeg,E:\Main project\Batch 15\dataset\diabetic_retinopathy\10415_right.jpeg,diabetic_retinopathy
10416_left.jpeg,E:\Main project\Batch 15\dataset\diabetic_retinopathy\10416_left.jpeg,diabetic_retinopathy
10416_right.jpeg,E:\Main project\Batch 15\dataset\diabetic_retinopathy\10416_right.jpeg,diabetic_retinopathy
10419_left.jpeg,E:\Main project\Batch 15\dataset\diabetic_retinopathy\10419_left.jpeg,diabetic_retinopathy
10419_right.jpeg,E:\Main project\Batch 15\dataset\diabetic_retinopathy\10419_right.jpeg,diabetic_retinopathy
10426_left.jpeg,E:\Main project\Batch 15\dataset\diabetic_retinopathy\10426_left.jpeg,diabetic_retinopathy
10426_right.jpeg,E:\Main project\Batch 15\dataset\diabetic_retinopathy\10426_right.jpeg,diabetic_retinopathy
10429_left.jpeg,E:\Main project\Batch 15\dataset\diabetic_retinopathy\10429_left.jpeg,diabetic_retinopathy
10429_right.jpeg,E:\Main project\Batch 15\dataset\diabetic_retinopathy\10429_right.jpeg,diabetic_retinopathy
1042_left.jpeg,E:\Main project\Batch 15\dataset\diabetic_retinopathy\1042_left.jpeg,diabetic_retinopathy
1042_right.jpeg,E:\Main project\Batch 15\dataset\diabetic_retinopathy\1042_right.jpeg,diabetic_retinopathy
10431_left.jpeg,E:\Main project\Batch 15\dataset\diabetic_retinopathy\10431_left.jpeg,diabetic_retinopathy
10431_right.jpeg,E:\Main project\Batch 15\dataset\diabetic_retinopathy\10431_right.jpeg,diabetic_retinopathy
10438_left.jpeg,E:\Main project\Batch 15\dataset\diabetic_retinopathy\10438_left.jpeg,diabetic_retinopathy
10438_right.jpeg,E:\Main project\Batch 15\dataset\diabetic_retinopathy\10438_right.jpeg,diabetic_retinopathy
10439_left.jpeg,E:\Main project\Batch 15\dataset\diabetic_retinopathy\10439_left.jpeg,diabetic_retinopathy
10439_right.jpeg,E:\Main project\Batch 15\dataset\diabetic_retinopathy\10439_right.jpeg,diabetic_retinopathy
10444_left.jpeg,E:\Main project\Batch 15\dataset\diabetic_retinopathy\10444_left.jpeg,diabetic_retinopathy
10444_right.jpeg,E:\Main project\Batch 15\dataset\diabetic_retinopathy\10444_right.jpeg,diabetic_retinopathy
10448_left.jpeg,E:\Main project\Batch 15\dataset\diabetic_retinopathy\10448_left.jpeg,diabetic_retinopathy
10448_right.jpeg,E:\Main project\Batch 15\dataset\diabetic_retinopathy\10448_right.jpeg,diabetic_retinopathy
10452_left.jpeg,E:\Main project\Batch 15\dataset\diabetic_retinopathy\10452_left.jpeg,diabetic_retinopathy
10452_right.jpeg,E:\Main project\Batch 15\dataset\diabetic_retinopathy\10452_right.jpeg,diabetic_retinopathy
10457_left.jpeg,E:\Main project\Batch 15\dataset\diabetic_retinopathy\10457_left.jpeg,diabetic_retinopathy
10457_right.jpeg,E:\Main project\Batch 15\dataset\diabetic_retinopathy\10457_right.jpeg,diabetic_retinopathy
10458_left.jpeg,E:\Main project\Batch 15\dataset\diabetic_retinopathy\10458_left.jpeg,diabetic_retinopathy
10458_right.jpeg,E:\Main project\Batch 15\dataset\diabetic_retinopathy\10458_right.jpeg,diabetic_retinopathy
10464_left.jpeg,E:\Main project\Batch 15\dataset\diabetic_retinopathy\10464_left.jpeg,diabetic_retinopathy
10464_right.jpeg,E:\Main project\Batch 15\dataset\diabetic_retinopathy\10464_right.jpeg,diabetic_retinopathy
10475_left.jpeg,E:\Main project\Batch 15\dataset\diabetic_retinopathy\10475_left.jpeg,diabetic_retinopathy
10475_right.jpeg,E:\Main project\Batch 15\dataset\diabetic_retinopathy\10475_right.jpeg,diabetic_retinopathy
10479_left.jpeg,E:\Main project\Batch 15\dataset\diabetic_retinopathy\10479_left.jpeg,diabetic_retinopathy
10479_right.jpeg,E:\Main project\Batch 15\dataset\diabetic_retinopathy\10479_right.jpeg,diabetic_retinopathy
10481_left.jpeg,E:\Main project\Batch 15\dataset\diabetic_retinopathy\10481_left.jpeg,diabetic_retinopathy
10481_right.jpeg,E:\Main project\Batch 15\dataset\diabetic_retinopathy\10481_right.jpeg,diabetic_retinopathy
10484_left.jpeg,E:\Main project\Batch 15\dataset\diabetic_retinopathy\10484_left.jpeg,diabetic_retinopathy
10484_right.jpeg,E:\Main project\Batch 15\dataset\diabetic_retinopathy\10484_right.jpeg,diabetic_retinopathy
10487_left.jpeg,E:\Main project\Batch 15\dataset\diabetic_retinopathy\10487_left.jpeg,diabetic_retinopathy
10487_right.jpeg,E:\Main project\Batch 15\dataset\diabetic_retinopathy\10487_right.jpeg,diabetic_retinopathy
10489_left.jpeg,E:\Main project\Batch 15\dataset\diabetic_retinopathy\10489_left.jpeg,diabetic_retinopathy
10489_right.jpeg,E:\Main project\Batch 15\dataset\diabetic_retinopathy\10489_right.jpeg,diabetic_retinopathy
10492_left.jpeg,E:\Main project\Batch 15\dataset\diabetic_retinopathy\10492_left.jpeg,diabetic_retinopathy
10492_right.jpeg,E:\Main project\Batch 15\dataset\diabetic_retinopathy\10492_right.jpeg,diabetic_retinopathy
1049_left.jpeg,E:\Main project\Batch 15\dataset\diabetic_retinopathy\1049_left.jpeg,diabetic_retinopathy
1049_right.jpeg,E:\Main project\Batch 15\dataset\diabetic_retinopathy\1049_right.jpeg,diabetic_retinopathy
10503_left.jpeg,E:\Main project\Batch 15\dataset\diabetic_retinopathy\10503_left.jpeg,diabetic_retinopathy
10503_right.jpeg,E:\Main project\Batch 15\dataset\diabetic_retinopathy\10503_right.jpeg,diabetic_retinopathy
10504_left.jpeg,E:\Main project\Batch 15\dataset\diabetic_retinopathy\10504_left.jpeg,diabetic_retinopathy
10504_right.jpeg,E:\Main project\Batch 15\dataset\diabetic_retinopathy\10504_right.jpeg,diabetic_retinopathy
10510_left.jpeg,E:\Main project\Batch 15\dataset\diabetic_retinopathy\10510_left.jpeg,diabetic_retinopathy
10510_right.jpeg,E:\Main project\Batch 15\dataset\diabetic_retinopathy\10510_right.jpeg,diabetic_retinopathy
10511_left.jpeg,E:\Main project\Batch 15\dataset\diabetic_retinopathy\10511_left.jpeg,diabetic_retinopathy
10511_right.jpeg,E:\Main project\Batch 15\dataset\diabetic_retinopathy\10511_right.jpeg,diabetic_retinopathy
10513_left.jpeg,E:\Main project\Batch 15\dataset\diabetic_retinopathy\10513_left.jpeg,diabetic_retinopathy
10513_right.jpeg,E:\Main project\Batch 15\dataset\diabetic_retinopathy\10513_right.jpeg,diabetic_retinopathy
10515_left.jpeg,E:\Main project\Batch 15\dataset\diabetic_retinopathy\10515_left.jpeg,diabetic_retinopathy
10515_right.jpeg,E:\Main project\Batch 15\dataset\diabetic_retinopathy\10515_right.jpeg,diabetic_retinopathy
10521_left.jpeg,E:\Main project\Batch 15\dataset\diabetic_retinopathy\10521_left.jpeg,diabetic_retinopathy
10521_right.jpeg,E:\Main project\Batch 15\dataset\diabetic_retinopathy\10521_right.jpeg,diabetic_retinopathy
10523_left.jpeg,E:\Main project\Batch 15\dataset\diabetic_retinopathy\10523_left.jpeg,diabetic_retinopathy
10523_right.jpeg,E:\Main project\Batch 15\dataset\diabetic_retinopathy\10523_right.jpeg,diabetic_retinopathy
1052_left.jpeg,E:\Main project\Batch 15\dataset\diabetic_retinopathy\1052_left.jpeg,diabetic_retinopathy
1052_right.jpeg,E:\Main project\Batch 15\dataset\diabetic_retinopathy\1052_right.jpeg,diabetic_retinopathy
10534_left.jpeg,E:\Main project\Batch 15\dataset\diabetic_retinopathy\10534_left.jpeg,diabetic_retinopathy
10534_right.jpeg,E:\Main project\Batch 15\dataset\diabetic_retinopathy\10534_right.jpeg,diabetic_retinopathy
10542_left.jpeg,E:\Main project\Batch 15\dataset\diabetic_retinopathy\10542_left.jpeg,diabetic_retinopathy
10542_right.jpeg,E:\Main project\Batch 15\dataset\diabetic_retinopathy\10542_right.jpeg,diabetic_retinopathy
10548_left.jpeg,E:\Main project\Batch 15\dataset\diabetic_retinopathy\10548_left.jpeg,diabetic_retinopathy
10548_right.jpeg,E:\Main project\Batch 15\dataset\diabetic_retinopathy\10548_right.jpeg,diabetic_retinopathy
10550_left.jpeg,E:\Main project\Batch 15\dataset\diabetic_retinopathy\10550_left.jpeg,diabetic_retinopathy
10550_right.jpeg,E:\Main project\Batch 15\dataset\diabetic_retinopathy\10550_right.jpeg,diabetic_retinopathy
10551_left.jpeg,E:\Main project\Batch 15\dataset\diabetic_retinopathy\10551_left.jpeg,diabetic_retinopathy
10551_right.jpeg,E:\Main project\Batch 15\dataset\diabetic_retinopathy\10551_right.jpeg,diabetic_retinopathy
1055_left.jpeg,E:\Main project\Batch 15\dataset\diabetic_retinopathy\1055_left.jpeg,diabetic_retinopathy
1055_right.jpeg,E:\Main project\Batch 15\dataset\diabetic_retinopathy\1055_right.jpeg,diabetic_retinopathy
10562_left.jpeg,E:\Main project\Batch 15\dataset\diabetic_retinopathy\10562_left.jpeg,diabetic_retinopathy
10562_right.jpeg,E:\Main project\Batch 15\dataset\diabetic_retinopathy\10562_right.jpeg,diabetic_retinopathy
10563_left.jpeg,E:\Main project\Batch 15\dataset\diabetic_retinopathy\10563_left.jpeg,diabetic_retinopathy
10563_right.jpeg,E:\Main project\Batch 15\dataset\diabetic_retinopathy\10563_right.jpeg,diabetic_retinopathy
10566_left.jpeg,E:\Main project\Batch 15\dataset\diabetic_retinopathy\10566_left.jpeg,diabetic_retinopathy
10566_right.jpeg,E:\Main project\Batch 15\dataset\diabetic_retinopathy\10566_right.jpeg,diabetic_retinopathy
10568_left.jpeg,E:\Main project\Batch 15\dataset\diabetic_retinopathy\10568_left.jpeg,diabetic_retinopathy
10568_right.jpeg,E:\Main project\Batch 15\dataset\diabetic_retinopathy\10568_right.jpeg,diabetic_retinopathy
10569_left.jpeg,E:\Main project\Batch 15\dataset\diabetic_retinopathy\10569_left.jpeg,diabetic_retinopathy
10569_right.jpeg,E:\Main project\Batch 15\dataset\diabetic_retinopathy\10569_right.jpeg,diabetic_retinopathy
1056_left.jpeg,E:\Main project\Batch 15\dataset\diabetic_retinopathy\1056_left.jpeg,diabetic_retinopathy
1056_right.jpeg,E:\Main project\Batch 15\dataset\diabetic_retinopathy\1056_right.jpeg,diabetic_retinopathy
10570_left.jpeg,E:\Main project\Batch 15\dataset\diabetic_retinopathy\10570_left.jpeg,diabetic_retinopathy
10570_right.jpeg,E:\Main project\Batch 15\dataset\diabetic_retinopathy\10570_right.jpeg,diabetic_retinopathy
10579_left.jpeg,E:\Main project\Batch 15\dataset\diabetic_retinopathy\10579_left.jpeg,diabetic_retinopathy
10579_right.jpeg,E:\Main project\Batch 15\dataset\diabetic_retinopathy\10579_right.jpeg,diabetic_retinopathy
1057_left.jpeg,E:\Main project\Batch 15\dataset\diabetic_retinopathy\1057_left.jpeg,diabetic_retinopathy
1057_right.jpeg,E:\Main project\Batch 15\dataset\diabetic_retinopathy\1057_right.jpeg,diabetic_retinopathy
10583_left.jpeg,E:\Main project\Batch 15\dataset\diabetic_retinopathy\10583_left.jpeg,diabetic_retinopathy
10583_right.jpeg,E:\Main project\Batch 15\dataset\diabetic_retinopathy\10583_right.jpeg,diabetic_retinopathy
10585_left.jpeg,E:\Main project\Batch 15\dataset\diabetic_retinopathy\10585_left.jpeg,diabetic_retinopathy
10585_right.jpeg,E:\Main project\Batch 15\dataset\diabetic_retinopathy\10585_right.jpeg,diabetic_retinopathy
10587_left.jpeg,E:\Main project\Batch 15\dataset\diabetic_retinopathy\10587_left.jpeg,diabetic_retinopathy
10587_right.jpeg,E:\Main project\Batch 15\dataset\diabetic_retinopathy\10587_right.jpeg,diabetic_retinopathy
1058_left.jpeg,E:\Main project\Batch 15\dataset\diabetic_retinopathy\1058_left.jpeg,diabetic_retinopathy
1058_right.jpeg,E:\Main project\Batch 15\dataset\diabetic_retinopathy\1058_right.jpeg,diabetic_retinopathy
10592_left.jpeg,E:\Main project\Batch 15\dataset\diabetic_retinopathy\10592_left.jpeg,diabetic_retinopathy
10592_right.jpeg,E:\Main project\Batch 15\dataset\diabetic_retinopathy\10592_right.jpeg,diabetic_retinopathy
1059_left.jpeg,E:\Main project\Batch 15\dataset\diabetic_retinopathy\1059_left.jpeg,diabetic_retinopathy
1059_right.jpeg,E:\Main project\Batch 15\dataset\diabetic_retinopathy\1059_right.jpeg,diabetic_retinopathy
10603_left.jpeg,E:\Main project\Batch 15\dataset\diabetic_retinopathy\10603_left.jpeg,diabetic_retinopathy
10603_right.jpeg,E:\Main project\Batch 15\dataset\diabetic_retinopathy\10603_right.jpeg,diabetic_retinopathy
10605_left.jpeg,E:\Main project\Batch 15\dataset\diabetic_retinopathy\10605_left.jpeg,diabetic_retinopathy
10605_right.jpeg,E:\Main project\Batch 15\dataset\diabetic_retinopathy\10605_right.jpeg,diabetic_retinopathy
10606_left.jpeg,E:\Main project\Batch 15\dataset\diabetic_retinopathy\10606_left.jpeg,diabetic_retinopathy
10606_right.jpeg,E:\Main project\Batch 15\dataset\diabetic_retinopathy\10606_right.jpeg,diabetic_retinopathy
10608_left.jpeg,E:\Main project\Batch 15\dataset\diabetic_retinopathy\10608_left.jpeg,diabetic_retinopathy
10608_right.jpeg,E:\Main project\Batch 15\dataset\diabetic_retinopathy\10608_right.jpeg,diabetic_retinopathy
10610_left.jpeg,E:\Main project\Batch 15\dataset\diabetic_retinopathy\10610_left.jpeg,diabetic_retinopathy
10610_right.jpeg,E:\Main project\Batch 15\dataset\diabetic_retinopathy\10610_right.jpeg,diabetic_retinopathy
10612_left.jpeg,E:\Main project\Batch 15\dataset\diabetic_retinopathy\10612_left.jpeg,diabetic_retinopathy
10612_right.jpeg,E:\Main project\Batch 15\dataset\diabetic_retinopathy\10612_right.jpeg,diabetic_retinopathy
10616_left.jpeg,E:\Main project\Batch 15\dataset\diabetic_retinopathy\10616_left.jpeg,diabetic_retinopathy
10616_right.jpeg,E:\Main project\Batch 15\dataset\diabetic_retinopathy\10616_right.jpeg,diabetic_retinopathy
10619_left.jpeg,E:\Main project\Batch 15\dataset\diabetic_retinopathy\10619_left.jpeg,diabetic_retinopathy
10619_right.jpeg,E:\Main project\Batch 15\dataset\diabetic_retinopathy\10619_right.jpeg,diabetic_retinopathy
10622_left.jpeg,E:\Main project\Batch 15\dataset\diabetic_retinopathy\10622_left.jpeg,diabetic_retinopathy
10622_right.jpeg,E:\Main project\Batch 15\dataset\diabetic_retinopathy\10622_right.jpeg,diabetic_retinopathy
10623_left.jpeg,E:\Main project\Batch 15\dataset\diabetic_retinopathy\10623_left.jpeg,diabetic_retinopathy
10623_right.jpeg,E:\Main project\Batch 15\dataset\diabetic_retinopathy\10623_right.jpeg,diabetic_retinopathy
10624_left.jpeg,E:\Main project\Batch 15\dataset\diabetic_retinopathy\10624_left.jpeg,diabetic_retinopathy
10624_right.jpeg,E:\Main project\Batch 15\dataset\diabetic_retinopathy\10624_right.jpeg,diabetic_retinopathy
10626_left.jpeg,E:\Main project\Batch 15\dataset\diabetic_retinopathy\10626_left.jpeg,diabetic_retinopathy
10626_right.jpeg,E:\Main project\Batch 15\dataset\diabetic_retinopathy\10626_right.jpeg,diabetic_retinopathy
10629_left.jpeg,E:\Main project\Batch 15\dataset\diabetic_retinopathy\10629_left.jpeg,diabetic_retinopathy
10629_right.jpeg,E:\Main project\Batch 15\dataset\diabetic_retinopathy\10629_right.jpeg,diabetic_retinopathy
10636_left.jpeg,E:\Main project\Batch 15\dataset\diabetic_retinopathy\10636_left.jpeg,diabetic_retinopathy
10636_right.jpeg,E:\Main project\Batch 15\dataset\diabetic_retinopathy\10636_right.jpeg,diabetic_retinopathy
10640_left.jpeg,E:\Main project\Batch 15\dataset\diabetic_retinopathy\10640_left.jpeg,diabetic_retinopathy
10640_right.jpeg,E:\Main project\Batch 15\dataset\diabetic_retinopathy\10640_right.jpeg,diabetic_retinopathy
10644_left.jpeg,E:\Main project\Batch 15\dataset\diabetic_retinopathy\10644_left.jpeg,diabetic_retinopathy
10644_right.jpeg,E:\Main project\Batch 15\dataset\diabetic_retinopathy\10644_right.jpeg,diabetic_retinopathy
10645_left.jpeg,E:\Main project\Batch 15\dataset\diabetic_retinopathy\10645_left.jpeg,diabetic_retinopathy
10645_right.jpeg,E:\Main project\Batch 15\dataset\diabetic_retinopathy\10645_right.jpeg,diabetic_retinopathy
10646_left.jpeg,E:\Main project\Batch 15\dataset\diabetic_retinopathy\10646_left.jpeg,diabetic_retinopathy
10646_right.jpeg,E:\Main project\Batch 15\dataset\diabetic_retinopathy\10646_right.jpeg,diabetic_retinopathy
10650_left.jpeg,E:\Main project\Batch 15\dataset\diabetic_retinopathy\10650_left.jpeg,diabetic_retinopathy
10650_right.jpeg,E:\Main project\Batch 15\dataset\diabetic_retinopathy\10650_right.jpeg,diabetic_retinopathy
10651_left.jpeg,E:\Main project\Batch 15\dataset\diabetic_retinopathy\10651_left.jpeg,diabetic_retinopathy
10651_right.jpeg,E:\Main project\Batch 15\dataset\diabetic_retinopathy\10651_right.jpeg,diabetic_retinopathy
10653_left.jpeg,E:\Main project\Batch 15\dataset\diabetic_retinopathy\10653_left.jpeg,diabetic_retinopathy
10653_right.jpeg,E:\Main project\Batch 15\dataset\diabetic_retinopathy\10653_right.jpeg,diabetic_retinopathy
10657_left.jpeg,E:\Main project\Batch 15\dataset\diabetic_retinopathy\10657_left.jpeg,diabetic_retinopathy
10657_right.jpeg,E:\Main project\Batch 15\dataset\diabetic_retinopathy\10657_right.jpeg,diabetic_retinopathy
10660_left.jpeg,E:\Main project\Batch 15\dataset\diabetic_retinopathy\10660_left.jpeg,diabetic_retinopathy
10660_right.jpeg,E:\Main project\Batch 15\dataset\diabetic_retinopathy\10660_right.jpeg,diabetic_retinopathy
10672_left.jpeg,E:\Main project\Batch 15\dataset\diabetic_retinopathy\10672_left.jpeg,diabetic_retinopathy
10672_right.jpeg,E:\Main project\Batch 15\dataset\diabetic_retinopathy\10672_right.jpeg,diabetic_retinopathy
10674_left.jpeg,E:\Main project\Batch 15\dataset\diabetic_retinopathy\10674_left.jpeg,diabetic_retinopathy
10674_right.jpeg,E:\Main project\Batch 15\dataset\diabetic_retinopathy\10674_right.jpeg,diabetic_retinopathy
10675_left.jpeg,E:\Main project\Batch 15\dataset\diabetic_retinopathy\10675_left.jpeg,diabetic_retinopathy
10675_right.jpeg,E:\Main project\Batch 15\dataset\diabetic_retinopathy\10675_right.jpeg,diabetic_retinopathy
10680_left.jpeg,E:\Main project\Batch 15\dataset\diabetic_retinopathy\10680_left.jpeg,diabetic_retinopathy
10680_right.jpeg,E:\Main project\Batch 15\dataset\diabetic_retinopathy\10680_right.jpeg,diabetic_retinopathy
10688_left.jpeg,E:\Main project\Batch 15\dataset\diabetic_retinopathy\10688_left.jpeg,diabetic_retinopathy
10688_right.jpeg,E:\Main project\Batch 15\dataset\diabetic_retinopathy\10688_right.jpeg,diabetic_retinopathy
10694_left.jpeg,E:\Main project\Batch 15\dataset\diabetic_retinopathy\10694_left.jpeg,diabetic_retinopathy
10694_right.jpeg,E:\Main project\Batch 15\dataset\diabetic_retinopathy\10694_right.jpeg,diabetic_retinopathy
10695_left.jpeg,E:\Main project\Batch 15\dataset\diabetic_retinopathy\10695_left.jpeg,diabetic_retinopathy
10695_right.jpeg,E:\Main project\Batch 15\dataset\diabetic_retinopathy\10695_right.jpeg,diabetic_retinopathy
10701_left.jpeg,E:\Main project\Batch 15\dataset\diabetic_retinopathy\10701_left.jpeg,diabetic_retinopathy
10701_right.jpeg,E:\Main project\Batch 15\dataset\diabetic_retinopathy\10701_right.jpeg,diabetic_retinopathy
10705_left.jpeg,E:\Main project\Batch 15\dataset\diabetic_retinopathy\10705_left.jpeg,diabetic_retinopathy
10705_right.jpeg,E:\Main project\Batch 15\dataset\diabetic_retinopathy\10705_right.jpeg,diabetic_retinopathy
1070_left.jpeg,E:\Main project\Batch 15\dataset\diabetic_retinopathy\1070_left.jpeg,diabetic_retinopathy
1070_right.jpeg,E:\Main project\Batch 15\dataset\diabetic_retinopathy\1070_right.jpeg,diabetic_retinopathy
10710_left.jpeg,E:\Main project\Batch 15\dataset\diabetic_retinopathy\10710_left.jpeg,diabetic_retinopathy
10710_right.jpeg,E:\Main project\Batch 15\dataset\diabetic_retinopathy\10710_right.jpeg,diabetic_retinopathy
10720_left.jpeg,E:\Main project\Batch 15\dataset\diabetic_retinopathy\10720_left.jpeg,diabetic_retinopathy
10720_right.jpeg,E:\Main project\Batch 15\dataset\diabetic_retinopathy\10720_right.jpeg,diabetic_retinopathy
10722_left.jpeg,E:\Main project\Batch 15\dataset\diabetic_retinopathy\10722_left.jpeg,diabetic_retinopathy
10722_right.jpeg,E:\Main project\Batch 15\dataset\diabetic_retinopathy\10722_right.jpeg,diabetic_retinopathy
10723_left.jpeg,E:\Main project\Batch 15\dataset\diabetic_retinopathy\10723_left.jpeg,diabetic_retinopathy
10723_right.jpeg,E:\Main project\Batch 15\dataset\diabetic_retinopathy\10723_right.jpeg,diabetic_retinopathy
10726_left.jpeg,E:\Main project\Batch 15\dataset\diabetic_retinopathy\10726_left.jpeg,diabetic_retinopathy
10726_right.jpeg,E:\Main project\Batch 15\dataset\diabetic_retinopathy\10726_right.jpeg,diabetic_retinopathy
10727_left.jpeg,E:\Main project\Batch 15\dataset\diabetic_retinopathy\10727_left.jpeg,diabetic_retinopathy
10727_right.jpeg,E:\Main project\Batch 15\dataset\diabetic_retinopathy\10727_right.jpeg,diabetic_retinopathy
10729_left.jpeg,E:\Main project\Batch 15\dataset\diabetic_retinopathy\10729_left.jpeg,diabetic_retinopathy
10729_right.jpeg,E:\Main project\Batch 15\dataset\diabetic_retinopathy\10729_right.jpeg,diabetic_retinopathy
10732_left.jpeg,E:\Main project\Batch 15\dataset\diabetic_retinopathy\10732_left.jpeg,diabetic_retinopathy
10732_right.jpeg,E:\Main project\Batch 15\dataset\diabetic_retinopathy\10732_right.jpeg,diabetic_retinopathy
10734_left.jpeg,E:\Main project\Batch 15\dataset\diabetic_retinopathy\10734_left.jpeg,diabetic_retinopathy
10734_right.jpeg,E:\Main project\Batch 15\dataset\diabetic_retinopathy\10734_right.jpeg,diabetic_retinopathy
1073_left.jpeg,E:\Main project\Batch 15\dataset\diabetic_retinopathy\1073_left.jpeg,diabetic_retinopathy
1073_right.jpeg,E:\Main project\Batch 15\dataset\diabetic_retinopathy\1073_right.jpeg,diabetic_retinopathy
10743_left.jpeg,E:\Main project\Batch 15\dataset\diabetic_retinopathy\10743_left.jpeg,diabetic_retinopathy
10743_right.jpeg,E:\Main project\Batch 15\dataset\diabetic_retinopathy\10743_right.jpeg,diabetic_retinopathy
10745_left.jpeg,E:\Main project\Batch 15\dataset\diabetic_retinopathy\10745_left.jpeg,diabetic_retinopathy
10745_right.jpeg,E:\Main project\Batch 15\dataset\diabetic_retinopathy\10745_right.jpeg,diabetic_retinopathy
10748_left.jpeg,E:\Main project\Batch 15\dataset\diabetic_retinopathy\10748_left.jpeg,diabetic_retinopathy
10748_right.jpeg,E:\Main project\Batch 15\dataset\diabetic_retinopathy\10748_right.jpeg,diabetic_retinopathy
10751_left.jpeg,E:\Main project\Batch 15\dataset\diabetic_retinopathy\10751_left.jpeg,diabetic_retinopathy
10751_right.jpeg,E:\Main project\Batch 15\dataset\diabetic_retinopathy\10751_right.jpeg,diabetic_retinopathy
10752_left.jpeg,E:\Main project\Batch 15\dataset\diabetic_retinopathy\10752_left.jpeg,diabetic_retinopathy
10752_right.jpeg,E:\Main project\Batch 15\dataset\diabetic_retinopathy\10752_right.jpeg,diabetic_retinopathy
10755_left.jpeg,E:\Main project\Batch 15\dataset\diabetic_retinopathy\10755_left.jpeg,diabetic_retinopathy
10755_right.jpeg,E:\Main project\Batch 15\dataset\diabetic_retinopathy\10755_right.jpeg,diabetic_retinopathy
10758_left.jpeg,E:\Main project\Batch 15\dataset\diabetic_retinopathy\10758_left.jpeg,diabetic_retinopathy
10758_right.jpeg,E:\Main project\Batch 15\dataset\diabetic_retinopathy\10758_right.jpeg,diabetic_retinopathy
1075_left.jpeg,E:\Main project\Batch 15\dataset\diabetic_retinopathy\1075_left.jpeg,diabetic_retinopathy
1075_right.jpeg,E:\Main project\Batch 15\dataset\diabetic_retinopathy\1075_right.jpeg,diabetic_retinopathy
10761_left.jpeg,E:\Main project\Batch 15\dataset\diabetic_retinopathy\10761_left.jpeg,diabetic_retinopathy
10761_right.jpeg,E:\Main project\Batch 15\dataset\diabetic_retinopathy\10761_right.jpeg,diabetic_retinopathy
10762_left.jpeg,E:\Main project\Batch 15\dataset\diabetic_retinopathy\10762_left.jpeg,diabetic_retinopathy
10762_right.jpeg,E:\Main project\Batch 15\dataset\diabetic_retinopathy\10762_right.jpeg,diabetic_retinopathy
10763_left.jpeg,E:\Main project\Batch 15\dataset\diabetic_retinopathy\10763_left.jpeg,diabetic_retinopathy
10763_right.jpeg,E:\Main project\Batch 15\dataset\diabetic_retinopathy\10763_right.jpeg,diabetic_retinopathy
1076_left.jpeg,E:\Main project\Batch 15\dataset\diabetic_retinopathy\1076_left.jpeg,diabetic_retinopathy
1076_right.jpeg,E:\Main project\Batch 15\dataset\diabetic_retinopathy\1076_right.jpeg,diabetic_retinopathy
10770_left.jpeg,E:\Main project\Batch 15\dataset\diabetic_retinopathy\10770_left.jpeg,diabetic_retinopathy
10770_right.jpeg,E:\Main project\Batch 15\dataset\diabetic_retinopathy\10770_right.jpeg,diabetic_retinopathy
10772_left.jpeg,E:\Main project\Batch 15\dataset\diabetic_retinopathy\10772_left.jpeg,diabetic_retinopathy
10772_right.jpeg,E:\Main project\Batch 15\dataset\diabetic_retinopathy\10772_right.jpeg,diabetic_retinopathy
10777_left.jpeg,E:\Main project\Batch 15\dataset\diabetic_retinopathy\10777_left.jpeg,diabetic_retinopathy
10777_right.jpeg,E:\Main project\Batch 15\dataset\diabetic_retinopathy\10777_right.jpeg,diabetic_retinopathy
10779_left.jpeg,E:\Main project\Batch 15\dataset\diabetic_retinopathy\10779_left.jpeg,diabetic_retinopathy
10779_right.jpeg,E:\Main project\Batch 15\dataset\diabetic_retinopathy\10779_right.jpeg,diabetic_retinopathy
1077_left.jpeg,E:\Main project\Batch 15\dataset\diabetic_retinopathy\1077_left.jpeg,diabetic_retinopathy
1077_right.jpeg,E:\Main project\Batch 15\dataset\diabetic_retinopathy\1077_right.jpeg,diabetic_retinopathy
10781_left.jpeg,E:\Main project\Batch 15\dataset\diabetic_retinopathy\10781_left.jpeg,diabetic_retinopathy
10781_right.jpeg,E:\Main project\Batch 15\dataset\diabetic_retinopathy\10781_right.jpeg,diabetic_retinopathy
10782_left.jpeg,E:\Main project\Batch 15\dataset\diabetic_retinopathy\10782_left.jpeg,diabetic_retinopathy
10782_right.jpeg,E:\Main project\Batch 15\dataset\diabetic_retinopathy\10782_right.jpeg,diabetic_retinopathy
10785_left.jpeg,E:\Main project\Batch 15\dataset\diabetic_retinopathy\10785_left.jpeg,diabetic_retinopathy
10785_right.jpeg,E:\Main project\Batch 15\dataset\diabetic_retinopathy\10785_right.jpeg,diabetic_retinopathy
10786_left.jpeg,E:\Main project\Batch 15\dataset\diabetic_retinopathy\10786_left.jpeg,diabetic_retinopathy
10786_right.jpeg,E:\Main project\Batch 15\dataset\diabetic_retinopathy\10786_right.jpeg,diabetic_retinopathy
10787_left.jpeg,E:\Main project\Batch 15\dataset\diabetic_retinopathy\10787_left.jpeg,diabetic_retinopathy
10787_right.jpeg,E:\Main project\Batch 15\dataset\diabetic_retinopathy\10787_right.jpeg,diabetic_retinopathy
10790_left.jpeg,E:\Main project\Batch 15\dataset\diabetic_retinopathy\10790_left.jpeg,diabetic_retinopathy
10790_right.jpeg,E:\Main project\Batch 15\dataset\diabetic_retinopathy\10790_right.jpeg,diabetic_retinopathy
10792_left.jpeg,E:\Main project\Batch 15\dataset\diabetic_retinopathy\10792_left.jpeg,diabetic_retinopathy
10792_right.jpeg,E:\Main project\Batch 15\dataset\diabetic_retinopathy\10792_right.jpeg,diabetic_retinopathy
10794_left.jpeg,E:\Main project\Batch 15\dataset\diabetic_retinopathy\10794_left.jpeg,diabetic_retinopathy
10794_right.jpeg,E:\Main project\Batch 15\dataset\diabetic_retinopathy\10794_right.jpeg,diabetic_retinopathy
10808_left.jpeg,E:\Main project\Batch 15\dataset\diabetic_retinopathy\10808_left.jpeg,diabetic_retinopathy
10808_right.jpeg,E:\Main project\Batch 15\dataset\diabetic_retinopathy\10808_right.jpeg,diabetic_retinopathy
10810_left.jpeg,E:\Main project\Batch 15\dataset\diabetic_retinopathy\10810_left.jpeg,diabetic_retinopathy
10810_right.jpeg,E:\Main project\Batch 15\dataset\diabetic_retinopathy\10810_right.jpeg,diabetic_retinopathy
10814_left.jpeg,E:\Main project\Batch 15\dataset\diabetic_retinopathy\10814_left.jpeg,diabetic_retinopathy
10814_right.jpeg,E:\Main project\Batch 15\dataset\diabetic_retinopathy\10814_right.jpeg,diabetic_retinopathy
10815_left.jpeg,E:\Main project\Batch 15\dataset\diabetic_retinopathy\10815_left.jpeg,diabetic_retinopathy
10815_right.jpeg,E:\Main project\Batch 15\dataset\diabetic_retinopathy\10815_right.jpeg,diabetic_retinopathy
10823_left.jpeg,E:\Main project\Batch 15\dataset\diabetic_retinopathy\10823_left.jpeg,diabetic_retinopathy
10823_right.jpeg,E:\Main project\Batch 15\dataset\diabetic_retinopathy\10823_right.jpeg,diabetic_retinopathy
10827_left.jpeg,E:\Main project\Batch 15\dataset\diabetic_retinopathy\10827_left.jpeg,diabetic_retinopathy
10827_right.jpeg,E:\Main project\Batch 15\dataset\diabetic_retinopathy\10827_right.jpeg,diabetic_retinopathy
10832_left.jpeg,E:\Main project\Batch 15\dataset\diabetic_retinopathy\10832_left.jpeg,diabetic_retinopathy
10832_right.jpeg,E:\Main project\Batch 15\dataset\diabetic_retinopathy\10832_right.jpeg,diabetic_retinopathy
10833_left.jpeg,E:\Main project\Batch 15\dataset\diabetic_retinopathy\10833_left.jpeg,diabetic_retinopathy
10833_right.jpeg,E:\Main project\Batch 15\dataset\diabetic_retinopathy\10833_right.jpeg,diabetic_retinopathy
10838_left.jpeg,E:\Main project\Batch 15\dataset\diabetic_retinopathy\10838_left.jpeg,diabetic_retinopathy
10838_right.jpeg,E:\Main project\Batch 15\dataset\diabetic_retinopathy\10838_right.jpeg,diabetic_retinopathy
10839_left.jpeg,E:\Main project\Batch 15\dataset\diabetic_retinopathy\10839_left.jpeg,diabetic_retinopathy
10839_right.jpeg,E:\Main project\Batch 15\dataset\diabetic_retinopathy\10839_right.jpeg,diabetic_retinopathy
10842_left.jpeg,E:\Main project\Batch 15\dataset\diabetic_retinopathy\10842_left.jpeg,diabetic_retinopathy
10842_right.jpeg,E:\Main project\Batch 15\dataset\diabetic_retinopathy\10842_right.jpeg,diabetic_retinopathy
10844_left.jpeg,E:\Main project\Batch 15\dataset\diabetic_retinopathy\10844_left.jpeg,diabetic_retinopathy
10844_right.jpeg,E:\Main project\Batch 15\dataset\diabetic_retinopathy\10844_right.jpeg,diabetic_retinopathy
1084_left.jpeg,E:\Main project\Batch 15\dataset\diabetic_retinopathy\1084_left.jpeg,diabetic_retinopathy
1084_right.jpeg,E:\Main project\Batch 15\dataset\diabetic_retinopathy\1084_right.jpeg,diabetic_retinopathy
10851_left.jpeg,E:\Main project\Batch 15\dataset\diabetic_retinopathy\10851_left.jpeg,diabetic_retinopathy
10851_right.jpeg,E:\Main project\Batch 15\dataset\diabetic_retinopathy\10851_right.jpeg,diabetic_retinopathy
10853_left.jpeg,E:\Main project\Batch 15\dataset\diabetic_retinopathy\10853_left.jpeg,diabetic_retinopathy
10853_right.jpeg,E:\Main project\Batch 15\dataset\diabetic_retinopathy\10853_right.jpeg,diabetic_retinopathy
10854_left.jpeg,E:\Main project\Batch 15\dataset\diabetic_retinopathy\10854_left.jpeg,diabetic_retinopathy
10854_right.jpeg,E:\Main project\Batch 15\dataset\diabetic_retinopathy\10854_right.jpeg,diabetic_retinopathy
10861_left.jpeg,E:\Main project\Batch 15\dataset\diabetic_retinopathy\10861_left.jpeg,diabetic_retinopathy
10861_right.jpeg,E:\Main project\Batch 15\dataset\diabetic_retinopathy\10861_right.jpeg,diabetic_retinopathy
10864_left.jpeg,E:\Main project\Batch 15\dataset\diabetic_retinopathy\10864_left.jpeg,diabetic_retinopathy
10864_right.jpeg,E:\Main project\Batch 15\dataset\diabetic_retinopathy\10864_right.jpeg,diabetic_retinopathy
10865_left.jpeg,E:\Main project\Batch 15\dataset\diabetic_retinopathy\10865_left.jpeg,diabetic_retinopathy
10865_right.jpeg,E:\Main project\Batch 15\dataset\diabetic_retinopathy\10865_right.jpeg,diabetic_retinopathy
10873_left.jpeg,E:\Main project\Batch 15\dataset\diabetic_retinopathy\10873_left.jpeg,diabetic_retinopathy
10873_right.jpeg,E:\Main project\Batch 15\dataset\diabetic_retinopathy\10873_right.jpeg,diabetic_retinopathy
10874_left.jpeg,E:\Main project\Batch 15\dataset\diabetic_retinopathy\10874_left.jpeg,diabetic_retinopathy
10874_right.jpeg,E:\Main project\Batch 15\dataset\diabetic_retinopathy\10874_right.jpeg,diabetic_retinopathy
10879_left.jpeg,E:\Main project\Batch 15\dataset\diabetic_retinopathy\10879_left.jpeg,diabetic_retinopathy
10879_right.jpeg,E:\Main project\Batch 15\dataset\diabetic_retinopathy\10879_right.jpeg,diabetic_retinopathy
10883_left.jpeg,E:\Main project\Batch 15\dataset\diabetic_retinopathy\10883_left.jpeg,diabetic_retinopathy
10883_right.jpeg,E:\Main project\Batch 15\dataset\diabetic_retinopathy\10883_right.jpeg,diabetic_retinopathy
10884_left.jpeg,E:\Main project\Batch 15\dataset\diabetic_retinopathy\10884_left.jpeg,diabetic_retinopathy
10884_right.jpeg,E:\Main project\Batch 15\dataset\diabetic_retinopathy\10884_right.jpeg,diabetic_retinopathy
10886_left.jpeg,E:\Main project\Batch 15\dataset\diabetic_retinopathy\10886_left.jpeg,diabetic_retinopathy
10886_right.jpeg,E:\Main project\Batch 15\dataset\diabetic_retinopathy\10886_right.jpeg,diabetic_retinopathy
10891_left.jpeg,E:\Main project\Batch 15\dataset\diabetic_retinopathy\10891_left.jpeg,diabetic_retinopathy
10891_right.jpeg,E:\Main project\Batch 15\dataset\diabetic_retinopathy\10891_right.jpeg,diabetic_retinopathy
10897_left.jpeg,E:\Main project\Batch 15\dataset\diabetic_retinopathy\10897_left.jpeg,diabetic_retinopathy
10897_right.jpeg,E:\Main project\Batch 15\dataset\diabetic_retinopathy\10897_right.jpeg,diabetic_retinopathy
108_left.jpeg,E:\Main project\Batch 15\dataset\diabetic_retinopathy\108_left.jpeg,diabetic_retinopathy
108_right.jpeg,E:\Main project\Batch 15\dataset\diabetic_retinopathy\108_right.jpeg,diabetic_retinopathy
10903_left.jpeg,E:\Main project\Batch 15\dataset\diabetic_retinopathy\10903_left.jpeg,diabetic_retinopathy
10903_right.jpeg,E:\Main project\Batch 15\dataset\diabetic_retinopathy\10903_right.jpeg,diabetic_retinopathy
10907_left.jpeg,E:\Main project\Batch 15\dataset\diabetic_retinopathy\10907_left.jpeg,diabetic_retinopathy
10907_right.jpeg,E:\Main project\Batch 15\dataset\diabetic_retinopathy\10907_right.jpeg,diabetic_retinopathy
10908_left.jpeg,E:\Main project\Batch 15\dataset\diabetic_retinopathy\10908_left.jpeg,diabetic_retinopathy
10908_right.jpeg,E:\Main project\Batch 15\dataset\diabetic_retinopathy\10908_right.jpeg,diabetic_retinopathy
10913_left.jpeg,E:\Main project\Batch 15\dataset\diabetic_retinopathy\10913_left.jpeg,diabetic_retinopathy
10913_right.jpeg,E:\Main project\Batch 15\dataset\diabetic_retinopathy\10913_right.jpeg,diabetic_retinopathy
10915_left.jpeg,E:\Main project\Batch 15\dataset\diabetic_retinopathy\10915_left.jpeg,diabetic_retinopathy
10915_right.jpeg,E:\Main project\Batch 15\dataset\diabetic_retinopathy\10915_right.jpeg,diabetic_retinopathy
10916_left.jpeg,E:\Main project\Batch 15\dataset\diabetic_retinopathy\10916_left.jpeg,diabetic_retinopathy
10916_right.jpeg,E:\Main project\Batch 15\dataset\diabetic_retinopathy\10916_right.jpeg,diabetic_retinopathy
10919_left.jpeg,E:\Main project\Batch 15\dataset\diabetic_retinopathy\10919_left.jpeg,diabetic_retinopathy
10919_right.jpeg,E:\Main project\Batch 15\dataset\diabetic_retinopathy\10919_right.jpeg,diabetic_retinopathy
10920_left.jpeg,E:\Main project\Batch 15\dataset\diabetic_retinopathy\10920_left.jpeg,diabetic_retinopathy
10920_right.jpeg,E:\Main project\Batch 15\dataset\diabetic_retinopathy\10920_right.jpeg,diabetic_retinopathy
10924_left.jpeg,E:\Main project\Batch 15\dataset\diabetic_retinopathy\10924_left.jpeg,diabetic_retinopathy
10924_right.jpeg,E:\Main project\Batch 15\dataset\diabetic_retinopathy\10924_right.jpeg,diabetic_retinopathy
1092_left.jpeg,E:\Main project\Batch 15\dataset\diabetic_retinopathy\1092_left.jpeg,diabetic_retinopathy
1092_right.jpeg,E:\Main project\Batch 15\dataset\diabetic_retinopathy\1092_right.jpeg,diabetic_retinopathy
10930_left.jpeg,E:\Main project\Batch 15\dataset\diabetic_retinopathy\10930_left.jpeg,diabetic_retinopathy
10930_right.jpeg,E:\Main project\Batch 15\dataset\diabetic_retinopathy\10930_right.jpeg,diabetic_retinopathy
10934_left.jpeg,E:\Main project\Batch 15\dataset\diabetic_retinopathy\10934_left.jpeg,diabetic_retinopathy
10934_right.jpeg,E:\Main project\Batch 15\dataset\diabetic_retinopathy\10934_right.jpeg,diabetic_retinopathy
10936_left.jpeg,E:\Main project\Batch 15\dataset\diabetic_retinopathy\10936_left.jpeg,diabetic_retinopathy
10936_right.jpeg,E:\Main project\Batch 15\dataset\diabetic_retinopathy\10936_right.jpeg,diabetic_retinopathy
1093_left.jpeg,E:\Main project\Batch 15\dataset\diabetic_retinopathy\1093_left.jpeg,diabetic_retinopathy
1093_right.jpeg,E:\Main project\Batch 15\dataset\diabetic_retinopathy\1093_right.jpeg,diabetic_retinopathy
10940_left.jpeg,E:\Main project\Batch 15\dataset\diabetic_retinopathy\10940_left.jpeg,diabetic_retinopathy
10940_right.jpeg,E:\Main project\Batch 15\dataset\diabetic_retinopathy\10940_right.jpeg,diabetic_retinopathy
10941_left.jpeg,E:\Main project\Batch 15\dataset\diabetic_retinopathy\10941_left.jpeg,diabetic_retinopathy
10941_right.jpeg,E:\Main project\Batch 15\dataset\diabetic_retinopathy\10941_right.jpeg,diabetic_retinopathy
10942_left.jpeg,E:\Main project\Batch 15\dataset\diabetic_retinopathy\10942_left.jpeg,diabetic_retinopathy
10942_right.jpeg,E:\Main project\Batch 15\dataset\diabetic_retinopathy\10942_right.jpeg,diabetic_retinopathy
10943_left.jpeg,E:\Main project\Batch 15\dataset\diabetic_retinopathy\10943_left.jpeg,diabetic_retinopathy
10943_right.jpeg,E:\Main project\Batch 15\dataset\diabetic_retinopathy\10943_right.jpeg,diabetic_retinopathy
10945_left.jpeg,E:\Main project\Batch 15\dataset\diabetic_retinopathy\10945_left.jpeg,diabetic_retinopathy
10945_right.jpeg,E:\Main project\Batch 15\dataset\diabetic_retinopathy\10945_right.jpeg,diabetic_retinopathy
10947_left.jpeg,E:\Main project\Batch 15\dataset\diabetic_retinopathy\10947_left.jpeg,diabetic_retinopathy
10947_right.jpeg,E:\Main project\Batch 15\dataset\diabetic_retinopathy\10947_right.jpeg,diabetic_retinopathy
10952_left.jpeg,E:\Main project\Batch 15\dataset\diabetic_retinopathy\10952_left.jpeg,diabetic_retinopathy
10952_right.jpeg,E:\Main project\Batch 15\dataset\diabetic_retinopathy\10952_right.jpeg,diabetic_retinopathy
10954_left.jpeg,E:\Main project\Batch 15\dataset\diabetic_retinopathy\10954_left.jpeg,diabetic_retinopathy
10954_right.jpeg,E:\Main project\Batch 15\dataset\diabetic_retinopathy\10954_right.jpeg,diabetic_retinopathy
10960_left.jpeg,E:\Main project\Batch 15\dataset\diabetic_retinopathy\10960_left.jpeg,diabetic_retinopathy
10960_right.jpeg,E:\Main project\Batch 15\dataset\diabetic_retinopathy\10960_right.jpeg,diabetic_retinopathy
10961_left.jpeg,E:\Main project\Batch 15\dataset\diabetic_retinopathy\10961_left.jpeg,diabetic_retinopathy
10961_right.jpeg,E:\Main project\Batch 15\dataset\diabetic_retinopathy\10961_right.jpeg,diabetic_retinopathy
10962_left.jpeg,E:\Main project\Batch 15\dataset\diabetic_retinopathy\10962_left.jpeg,diabetic_retinopathy
10962_right.jpeg,E:\Main project\Batch 15\dataset\diabetic_retinopathy\10962_right.jpeg,diabetic_retinopathy
10966_left.jpeg,E:\Main project\Batch 15\dataset\diabetic_retinopathy\10966_left.jpeg,diabetic_retinopathy
10966_right.jpeg,E:\Main project\Batch 15\dataset\diabetic_retinopathy\10966_right.jpeg,diabetic_retinopathy
10969_left.jpeg,E:\Main project\Batch 15\dataset\diabetic_retinopathy\10969_left.jpeg,diabetic_retinopathy
10969_right.jpeg,E:\Main project\Batch 15\dataset\diabetic_retinopathy\10969_right.jpeg,diabetic_retinopathy
1096_left.jpeg,E:\Main project\Batch 15\dataset\diabetic_retinopathy\1096_left.jpeg,diabetic_retinopathy
1096_right.jpeg,E:\Main project\Batch 15\dataset\diabetic_retinopathy\1096_right.jpeg,diabetic_retinopathy
10970_left.jpeg,E:\Main project\Batch 15\dataset\diabetic_retinopathy\10970_left.jpeg,diabetic_retinopathy
10970_right.jpeg,E:\Main project\Batch 15\dataset\diabetic_retinopathy\10970_right.jpeg,diabetic_retinopathy
10974_left.jpeg,E:\Main project\Batch 15\dataset\diabetic_retinopathy\10974_left.jpeg,diabetic_retinopathy
10974_right.jpeg,E:\Main project\Batch 15\dataset\diabetic_retinopathy\10974_right.jpeg,diabetic_retinopathy
10975_left.jpeg,E:\Main project\Batch 15\dataset\diabetic_retinopathy\10975_left.jpeg,diabetic_retinopathy
10975_right.jpeg,E:\Main project\Batch 15\dataset\diabetic_retinopathy\10975_right.jpeg,diabetic_retinopathy
10976_left.jpeg,E:\Main project\Batch 15\dataset\diabetic_retinopathy\10976_left.jpeg,diabetic_retinopathy
10976_right.jpeg,E:\Main project\Batch 15\dataset\diabetic_retinopathy\10976_right.jpeg,diabetic_retinopathy
10977_left.jpeg,E:\Main project\Batch 15\dataset\diabetic_retinopathy\10977_left.jpeg,diabetic_retinopathy
10977_right.jpeg,E:\Main project\Batch 15\dataset\diabetic_retinopathy\10977_right.jpeg,diabetic_retinopathy
10983_left.jpeg,E:\Main project\Batch 15\dataset\diabetic_retinopathy\10983_left.jpeg,diabetic_retinopathy
10983_right.jpeg,E:\Main project\Batch 15\dataset\diabetic_retinopathy\10983_right.jpeg,diabetic_retinopathy
10987_left.jpeg,E:\Main project\Batch 15\dataset\diabetic_retinopathy\10987_left.jpeg,diabetic_retinopathy
10987_right.jpeg,E:\Main project\Batch 15\dataset\diabetic_retinopathy\10987_right.jpeg,diabetic_retinopathy
10988_left.jpeg,E:\Main project\Batch 15\dataset\diabetic_retinopathy\10988_left.jpeg,diabetic_retinopathy
10988_right.jpeg,E:\Main project\Batch 15\dataset\diabetic_retinopathy\10988_right.jpeg,diabetic_retinopathy
10989_left.jpeg,E:\Main project\Batch 15\dataset\diabetic_retinopathy\10989_left.jpeg,diabetic_retinopathy
10989_right.jpeg,E:\Main project\Batch 15\dataset\diabetic_retinopathy\10989_right.jpeg,diabetic_retinopathy
1098_left.jpeg,E:\Main project\Batch 15\dataset\diabetic_retinopathy\1098_left.jpeg,diabetic_retinopathy
1098_right.jpeg,E:\Main project\Batch 15\dataset\diabetic_retinopathy\1098_right.jpeg,diabetic_retinopathy
10994_left.jpeg,E:\Main project\Batch 15\dataset\diabetic_retinopathy\10994_left.jpeg,diabetic_retinopathy
10994_right.jpeg,E:\Main project\Batch 15\dataset\diabetic_retinopathy\10994_right.jpeg,diabetic_retinopathy
11003_left.jpeg,E:\Main project\Batch 15\dataset\diabetic_retinopathy\11003_left.jpeg,diabetic_retinopathy
11003_right.jpeg,E:\Main project\Batch 15\dataset\diabetic_retinopathy\11003_right.jpeg,diabetic_retinopathy
11005_left.jpeg,E:\Main project\Batch 15\dataset\diabetic_retinopathy\11005_left.jpeg,diabetic_retinopathy
11005_right.jpeg,E:\Main project\Batch 15\dataset\diabetic_retinopathy\11005_right.jpeg,diabetic_retinopathy
11007_left.jpeg,E:\Main project\Batch 15\dataset\diabetic_retinopathy\11007_left.jpeg,diabetic_retinopathy
11007_right.jpeg,E:\Main project\Batch 15\dataset\diabetic_retinopathy\11007_right.jpeg,diabetic_retinopathy
11008_left.jpeg,E:\Main project\Batch 15\dataset\diabetic_retinopathy\11008_left.jpeg,diabetic_retinopathy
11008_right.jpeg,E:\Main project\Batch 15\dataset\diabetic_retinopathy\11008_right.jpeg,diabetic_retinopathy
1100_left.jpeg,E:\Main project\Batch 15\dataset\diabetic_retinopathy\1100_left.jpeg,diabetic_retinopathy
1100_right.jpeg,E:\Main project\Batch 15\dataset\diabetic_retinopathy\1100_right.jpeg,diabetic_retinopathy
11013_left.jpeg,E:\Main project\Batch 15\dataset\diabetic_retinopathy\11013_left.jpeg,diabetic_retinopathy
11013_right.jpeg,E:\Main project\Batch 15\dataset\diabetic_retinopathy\11013_right.jpeg,diabetic_retinopathy
11023_left.jpeg,E:\Main project\Batch 15\dataset\diabetic_retinopathy\11023_left.jpeg,diabetic_retinopathy
11023_right.jpeg,E:\Main project\Batch 15\dataset\diabetic_retinopathy\11023_right.jpeg,diabetic_retinopathy
11026_left.jpeg,E:\Main project\Batch 15\dataset\diabetic_retinopathy\11026_left.jpeg,diabetic_retinopathy
11026_right.jpeg,E:\Main project\Batch 15\dataset\diabetic_retinopathy\11026_right.jpeg,diabetic_retinopathy
1102_left.jpeg,E:\Main project\Batch 15\dataset\diabetic_retinopathy\1102_left.jpeg,diabetic_retinopathy
1102_right.jpeg,E:\Main project\Batch 15\dataset\diabetic_retinopathy\1102_right.jpeg,diabetic_retinopathy
11032_left.jpeg,E:\Main project\Batch 15\dataset\diabetic_retinopathy\11032_left.jpeg,diabetic_retinopathy
11032_right.jpeg,E:\Main project\Batch 15\dataset\diabetic_retinopathy\11032_right.jpeg,diabetic_retinopathy
11037_left.jpeg,E:\Main project\Batch 15\dataset\diabetic_retinopathy\11037_left.jpeg,diabetic_retinopathy
11037_right.jpeg,E:\Main project\Batch 15\dataset\diabetic_retinopathy\11037_right.jpeg,diabetic_retinopathy
11040_left.jpeg,E:\Main project\Batch 15\dataset\diabetic_retinopathy\11040_left.jpeg,diabetic_retinopathy
11040_right.jpeg,E:\Main project\Batch 15\dataset\diabetic_retinopathy\11040_right.jpeg,diabetic_retinopathy
11049_left.jpeg,E:\Main project\Batch 15\dataset\diabetic_retinopathy\11049_left.jpeg,diabetic_retinopathy
11049_right.jpeg,E:\Main project\Batch 15\dataset\diabetic_retinopathy\11049_right.jpeg,diabetic_retinopathy
11050_left.jpeg,E:\Main project\Batch 15\dataset\diabetic_retinopathy\11050_left.jpeg,diabetic_retinopathy
11050_right.jpeg,E:\Main project\Batch 15\dataset\diabetic_retinopathy\11050_right.jpeg,diabetic_retinopathy
11053_left.jpeg,E:\Main project\Batch 15\dataset\diabetic_retinopathy\11053_left.jpeg,diabetic_retinopathy
11053_right.jpeg,E:\Main project\Batch 15\dataset\diabetic_retinopathy\11053_right.jpeg,diabetic_retinopathy
11057_left.jpeg,E:\Main project\Batch 15\dataset\diabetic_retinopathy\11057_left.jpeg,diabetic_retinopathy
11057_right.jpeg,E:\Main project\Batch 15\dataset\diabetic_retinopathy\11057_right.jpeg,diabetic_retinopathy
11058_left.jpeg,E:\Main project\Batch 15\dataset\diabetic_retinopathy\11058_left.jpeg,diabetic_retinopathy
11058_right.jpeg,E:\Main project\Batch 15\dataset\diabetic_retinopathy\11058_right.jpeg,diabetic_retinopathy
11067_left.jpeg,E:\Main project\Batch 15\dataset\diabetic_retinopathy\11067_left.jpeg,diabetic_retinopathy
11067_right.jpeg,E:\Main project\Batch 15\dataset\diabetic_retinopathy\11067_right.jpeg,diabetic_retinopathy
11080_left.jpeg,E:\Main project\Batch 15\dataset\diabetic_retinopathy\11080_left.jpeg,diabetic_retinopathy
11080_right.jpeg,E:\Main project\Batch 15\dataset\diabetic_retinopathy\11080_right.jpeg,diabetic_retinopathy
11087_left.jpeg,E:\Main project\Batch 15\dataset\diabetic_retinopathy\11087_left.jpeg,diabetic_retinopathy
11087_right.jpeg,E:\Main project\Batch 15\dataset\diabetic_retinopathy\11087_right.jpeg,diabetic_retinopathy
11091_left.jpeg,E:\Main project\Batch 15\dataset\diabetic_retinopathy\11091_left.jpeg,diabetic_retinopathy
11091_right.jpeg,E:\Main project\Batch 15\dataset\diabetic_retinopathy\11091_right.jpeg,diabetic_retinopathy
11098_left.jpeg,E:\Main project\Batch 15\dataset\diabetic_retinopathy\11098_left.jpeg,diabetic_retinopathy
11098_right.jpeg,E:\Main project\Batch 15\dataset\diabetic_retinopathy\11098_right.jpeg,diabetic_retinopathy
11113_left.jpeg,E:\Main project\Batch 15\dataset\diabetic_retinopathy\11113_left.jpeg,diabetic_retinopathy
11113_right.jpeg,E:\Main project\Batch 15\dataset\diabetic_retinopathy\11113_right.jpeg,diabetic_retinopathy
11114_left.jpeg,E:\Main project\Batch 15\dataset\diabetic_retinopathy\11114_left.jpeg,diabetic_retinopathy
11114_right.jpeg,E:\Main project\Batch 15\dataset\diabetic_retinopathy\11114_right.jpeg,diabetic_retinopathy
11115_left.jpeg,E:\Main project\Batch 15\dataset\diabetic_retinopathy\11115_left.jpeg,diabetic_retinopathy
11115_right.jpeg,E:\Main project\Batch 15\dataset\diabetic_retinopathy\11115_right.jpeg,diabetic_retinopathy
11117_left.jpeg,E:\Main project\Batch 15\dataset\diabetic_retinopathy\11117_left.jpeg,diabetic_retinopathy
11117_right.jpeg,E:\Main project\Batch 15\dataset\diabetic_retinopathy\11117_right.jpeg,diabetic_retinopathy
11119_left.jpeg,E:\Main project\Batch 15\dataset\diabetic_retinopathy\11119_left.jpeg,diabetic_retinopathy
11119_right.jpeg,E:\Main project\Batch 15\dataset\diabetic_retinopathy\11119_right.jpeg,diabetic_retinopathy
1111_left.jpeg,E:\Main project\Batch 15\dataset\diabetic_retinopathy\1111_left.jpeg,diabetic_retinopathy
1111_right.jpeg,E:\Main project\Batch 15\dataset\diabetic_retinopathy\1111_right.jpeg,diabetic_retinopathy
11120_left.jpeg,E:\Main project\Batch 15\dataset\diabetic_retinopathy\11120_left.jpeg,diabetic_retinopathy
11120_right.jpeg,E:\Main project\Batch 15\dataset\diabetic_retinopathy\11120_right.jpeg,diabetic_retinopathy
11121_left.jpeg,E:\Main project\Batch 15\dataset\diabetic_retinopathy\11121_left.jpeg,diabetic_retinopathy
11121_right.jpeg,E:\Main project\Batch 15\dataset\diabetic_retinopathy\11121_right.jpeg,diabetic_retinopathy
11122_left.jpeg,E:\Main project\Batch 15\dataset\diabetic_retinopathy\11122_left.jpeg,diabetic_retinopathy
11122_right.jpeg,E:\Main project\Batch 15\dataset\diabetic_retinopathy\11122_right.jpeg,diabetic_retinopathy
11123_left.jpeg,E:\Main project\Batch 15\dataset\diabetic_retinopathy\11123_left.jpeg,diabetic_retinopathy
11123_right.jpeg,E:\Main project\Batch 15\dataset\diabetic_retinopathy\11123_right.jpeg,diabetic_retinopathy
11124_left.jpeg,E:\Main project\Batch 15\dataset\diabetic_retinopathy\11124_left.jpeg,diabetic_retinopathy
11124_right.jpeg,E:\Main project\Batch 15\dataset\diabetic_retinopathy\11124_right.jpeg,diabetic_retinopathy
11127_left.jpeg,E:\Main project\Batch 15\dataset\diabetic_retinopathy\11127_left.jpeg,diabetic_retinopathy
11127_right.jpeg,E:\Main project\Batch 15\dataset\diabetic_retinopathy\11127_right.jpeg,diabetic_retinopathy
11130_left.jpeg,E:\Main project\Batch 15\dataset\diabetic_retinopathy\11130_left.jpeg,diabetic_retinopathy
11130_right.jpeg,E:\Main project\Batch 15\dataset\diabetic_retinopathy\11130_right.jpeg,diabetic_retinopathy
11136_left.jpeg,E:\Main project\Batch 15\dataset\diabetic_retinopathy\11136_left.jpeg,diabetic_retinopathy
11136_right.jpeg,E:\Main project\Batch 15\dataset\diabetic_retinopathy\11136_right.jpeg,diabetic_retinopathy
1113_left.jpeg,E:\Main project\Batch 15\dataset\diabetic_retinopathy\1113_left.jpeg,diabetic_retinopathy
1113_right.jpeg,E:\Main project\Batch 15\dataset\diabetic_retinopathy\1113_right.jpeg,diabetic_retinopathy
11142_left.jpeg,E:\Main project\Batch 15\dataset\diabetic_retinopathy\11142_left.jpeg,diabetic_retinopathy
11142_right.jpeg,E:\Main project\Batch 15\dataset\diabetic_retinopathy\11142_right.jpeg,diabetic_retinopathy
11147_left.jpeg,E:\Main project\Batch 15\dataset\diabetic_retinopathy\11147_left.jpeg,diabetic_retinopathy
11147_right.jpeg,E:\Main project\Batch 15\dataset\diabetic_retinopathy\11147_right.jpeg,diabetic_retinopathy
11152_left.jpeg,E:\Main project\Batch 15\dataset\diabetic_retinopathy\11152_left.jpeg,diabetic_retinopathy
11152_right.jpeg,E:\Main project\Batch 15\dataset\diabetic_retinopathy\11152_right.jpeg,diabetic_retinopathy
11153_left.jpeg,E:\Main project\Batch 15\dataset\diabetic_retinopathy\11153_left.jpeg,diabetic_retinopathy
11153_right.jpeg,E:\Main project\Batch 15\dataset\diabetic_retinopathy\11153_right.jpeg,diabetic_retinopathy
11155_left.jpeg,E:\Main project\Batch 15\dataset\diabetic_retinopathy\11155_left.jpeg,diabetic_retinopathy
11155_right.jpeg,E:\Main project\Batch 15\dataset\diabetic_retinopathy\11155_right.jpeg,diabetic_retinopathy
11156_left.jpeg,E:\Main project\Batch 15\dataset\diabetic_retinopathy\11156_left.jpeg,diabetic_retinopathy
11156_right.jpeg,E:\Main project\Batch 15\dataset\diabetic_retinopathy\11156_right.jpeg,diabetic_retinopathy
11157_left.jpeg,E:\Main project\Batch 15\dataset\diabetic_retinopathy\11157_left.jpeg,diabetic_retinopathy
11157_right.jpeg,E:\Main project\Batch 15\dataset\diabetic_retinopathy\11157_right.jpeg,diabetic_retinopathy
11159_left.jpeg,E:\Main project\Batch 15\dataset\diabetic_retinopathy\11159_left.jpeg,diabetic_retinopathy
11159_right.jpeg,E:\Main project\Batch 15\dataset\diabetic_retinopathy\11159_right.jpeg,diabetic_retinopathy
11161_left.jpeg,E:\Main project\Batch 15\dataset\diabetic_retinopathy\11161_left.jpeg,diabetic_retinopathy
11161_right.jpeg,E:\Main project\Batch 15\dataset\diabetic_retinopathy\11161_right.jpeg,diabetic_retinopathy
11164_left.jpeg,E:\Main project\Batch 15\dataset\diabetic_retinopathy\11164_left.jpeg,diabetic_retinopathy
11164_right.jpeg,E:\Main project\Batch 15\dataset\diabetic_retinopathy\11164_right.jpeg,diabetic_retinopathy
11165_left.jpeg,E:\Main project\Batch 15\dataset\diabetic_retinopathy\11165_left.jpeg,diabetic_retinopathy
11165_right.jpeg,E:\Main project\Batch 15\dataset\diabetic_retinopathy\11165_right.jpeg,diabetic_retinopathy
11169_left.jpeg,E:\Main project\Batch 15\dataset\diabetic_retinopathy\11169_left.jpeg,diabetic_retinopathy
11169_right.jpeg,E:\Main project\Batch 15\dataset\diabetic_retinopathy\11169_right.jpeg,diabetic_retinopathy
11176_left.jpeg,E:\Main project\Batch 15\dataset\diabetic_retinopathy\11176_left.jpeg,diabetic_retinopathy
11176_right.jpeg,E:\Main project\Batch 15\dataset\diabetic_retinopathy\11176_right.jpeg,diabetic_retinopathy
11181_left.jpeg,E:\Main project\Batch 15\dataset\diabetic_retinopathy\11181_left.jpeg,diabetic_retinopathy
11181_right.jpeg,E:\Main project\Batch 15\dataset\diabetic_retinopathy\11181_right.jpeg,diabetic_retinopathy
11182_left.jpeg,E:\Main project\Batch 15\dataset\diabetic_retinopathy\11182_left.jpeg,diabetic_retinopathy
11182_right.jpeg,E:\Main project\Batch 15\dataset\diabetic_retinopathy\11182_right.jpeg,diabetic_retinopathy
11183_left.jpeg,E:\Main project\Batch 15\dataset\diabetic_retinopathy\11183_left.jpeg,diabetic_retinopathy
11183_right.jpeg,E:\Main project\Batch 15\dataset\diabetic_retinopathy\11183_right.jpeg,diabetic_retinopathy
11187_left.jpeg,E:\Main project\Batch 15\dataset\diabetic_retinopathy\11187_left.jpeg,diabetic_retinopathy
11187_right.jpeg,E:\Main project\Batch 15\dataset\diabetic_retinopathy\11187_right.jpeg,diabetic_retinopathy
11196_left.jpeg,E:\Main project\Batch 15\dataset\diabetic_retinopathy\11196_left.jpeg,diabetic_retinopathy
11196_right.jpeg,E:\Main project\Batch 15\dataset\diabetic_retinopathy\11196_right.jpeg,diabetic_retinopathy
11197_left.jpeg,E:\Main project\Batch 15\dataset\diabetic_retinopathy\11197_left.jpeg,diabetic_retinopathy
11197_right.jpeg,E:\Main project\Batch 15\dataset\diabetic_retinopathy\11197_right.jpeg,diabetic_retinopathy
11198_left.jpeg,E:\Main project\Batch 15\dataset\diabetic_retinopathy\11198_left.jpeg,diabetic_retinopathy
11198_right.jpeg,E:\Main project\Batch 15\dataset\diabetic_retinopathy\11198_right.jpeg,diabetic_retinopathy
111_left.jpeg,E:\Main project\Batch 15\dataset\diabetic_retinopathy\111_left.jpeg,diabetic_retinopathy
111_right.jpeg,E:\Main project\Batch 15\dataset\diabetic_retinopathy\111_right.jpeg,diabetic_retinopathy
11203_left.jpeg,E:\Main project\Batch 15\dataset\diabetic_retinopathy\11203_left.jpeg,diabetic_retinopathy
11203_right.jpeg,E:\Main project\Batch 15\dataset\diabetic_retinopathy\11203_right.jpeg,diabetic_retinopathy
11206_left.jpeg,E:\Main project\Batch 15\dataset\diabetic_retinopathy\11206_left.jpeg,diabetic_retinopathy
11206_right.jpeg,E:\Main project\Batch 15\dataset\diabetic_retinopathy\11206_right.jpeg,diabetic_retinopathy
11216_left.jpeg,E:\Main project\Batch 15\dataset\diabetic_retinopathy\11216_left.jpeg,diabetic_retinopathy
11216_right.jpeg,E:\Main project\Batch 15\dataset\diabetic_retinopathy\11216_right.jpeg,diabetic_retinopathy
11219_left.jpeg,E:\Main project\Batch 15\dataset\diabetic_retinopathy\11219_left.jpeg,diabetic_retinopathy
11219_right.jpeg,E:\Main project\Batch 15\dataset\diabetic_retinopathy\11219_right.jpeg,diabetic_retinopathy
11221_left.jpeg,E:\Main project\Batch 15\dataset\diabetic_retinopathy\11221_left.jpeg,diabetic_retinopathy
11221_right.jpeg,E:\Main project\Batch 15\dataset\diabetic_retinopathy\11221_right.jpeg,diabetic_retinopathy
11222_left.jpeg,E:\Main project\Batch 15\dataset\diabetic_retinopathy\11222_left.jpeg,diabetic_retinopathy
11222_right.jpeg,E:\Main project\Batch 15\dataset\diabetic_retinopathy\11222_right.jpeg,diabetic_retinopathy
11228_left.jpeg,E:\Main project\Batch 15\dataset\diabetic_retinopathy\11228_left.jpeg,diabetic_retinopathy
11228_right.jpeg,E:\Main project\Batch 15\dataset\diabetic_retinopathy\11228_right.jpeg,diabetic_retinopathy
11229_left.jpeg,E:\Main project\Batch 15\dataset\diabetic_retinopathy\11229_left.jpeg,diabetic_retinopathy
11229_right.jpeg,E:\Main project\Batch 15\dataset\diabetic_retinopathy\11229_right.jpeg,diabetic_retinopathy
11231_left.jpeg,E:\Main project\Batch 15\dataset\diabetic_retinopathy\11231_left.jpeg,diabetic_retinopathy
11231_right.jpeg,E:\Main project\Batch 15\dataset\diabetic_retinopathy\11231_right.jpeg,diabetic_retinopathy
11232_left.jpeg,E:\Main project\Batch 15\dataset\diabetic_retinopathy\11232_left.jpeg,diabetic_retinopathy
11232_right.jpeg,E:\Main project\Batch 15\dataset\diabetic_retinopathy\11232_right.jpeg,diabetic_retinopathy
11234_left.jpeg,E:\Main project\Batch 15\dataset\diabetic_retinopathy\11234_left.jpeg,diabetic_retinopathy
11234_right.jpeg,E:\Main project\Batch 15\dataset\diabetic_retinopathy\11234_right.jpeg,diabetic_retinopathy
1123_left.jpeg,E:\Main project\Batch 15\dataset\diabetic_retinopathy\1123_left.jpeg,diabetic_retinopathy
1123_right.jpeg,E:\Main project\Batch 15\dataset\diabetic_retinopathy\1123_right.jpeg,diabetic_retinopathy
11241_left.jpeg,E:\Main project\Batch 15\dataset\diabetic_retinopathy\11241_left.jpeg,diabetic_retinopathy
11241_right.jpeg,E:\Main project\Batch 15\dataset\diabetic_retinopathy\11241_right.jpeg,diabetic_retinopathy
11243_left.jpeg,E:\Main project\Batch 15\dataset\diabetic_retinopathy\11243_left.jpeg,diabetic_retinopathy
11243_right.jpeg,E:\Main project\Batch 15\dataset\diabetic_retinopathy\11243_right.jpeg,diabetic_retinopathy
11244_left.jpeg,E:\Main project\Batch 15\dataset\diabetic_retinopathy\11244_left.jpeg,diabetic_retinopathy
11244_right.jpeg,E:\Main project\Batch 15\dataset\diabetic_retinopathy\11244_right.jpeg,diabetic_retinopathy
11246_left.jpeg,E:\Main project\Batch 15\dataset\diabetic_retinopathy\11246_left.jpeg,diabetic_retinopathy
11246_right.jpeg,E:\Main project\Batch 15\dataset\diabetic_retinopathy\11246_right.jpeg,diabetic_retinopathy
11247_left.jpeg,E:\Main project\Batch 15\dataset\diabetic_retinopathy\11247_left.jpeg,diabetic_retinopathy
11247_right.jpeg,E:\Main project\Batch 15\dataset\diabetic_retinopathy\11247_right.jpeg,diabetic_retinopathy
11249_left.jpeg,E:\Main project\Batch 15\dataset\diabetic_retinopathy\11249_left.jpeg,diabetic_retinopathy
11249_right.jpeg,E:\Main project\Batch 15\dataset\diabetic_retinopathy\11249_right.jpeg,diabetic_retinopathy
11261_left.jpeg,E:\Main project\Batch 15\dataset\diabetic_retinopathy\11261_left.jpeg,diabetic_retinopathy
11261_right.jpeg,E:\Main project\Batch 15\dataset\diabetic_retinopathy\11261_right.jpeg,diabetic_retinopathy
11265_left.jpeg,E:\Main project\Batch 15\dataset\diabetic_retinopathy\11265_left.jpeg,diabetic_retinopathy
11265_right.jpeg,E:\Main project\Batch 15\dataset\diabetic_retinopathy\11265_right.jpeg,diabetic_retinopathy
11267_left.jpeg,E:\Main project\Batch 15\dataset\diabetic_retinopathy\11267_left.jpeg,diabetic_retinopathy
11267_right.jpeg,E:\Main project\Batch 15\dataset\diabetic_retinopathy\11267_right.jpeg,diabetic_retinopathy
11270_left.jpeg,E:\Main project\Batch 15\dataset\diabetic_retinopathy\11270_left.jpeg,diabetic_retinopathy
11270_right.jpeg,E:\Main project\Batch 15\dataset\diabetic_retinopathy\11270_right.jpeg,diabetic_retinopathy
11271_left.jpeg,E:\Main project\Batch 15\dataset\diabetic_retinopathy\11271_left.jpeg,diabetic_retinopathy
11271_right.jpeg,E:\Main project\Batch 15\dataset\diabetic_retinopathy\11271_right.jpeg,diabetic_retinopathy
11273_left.jpeg,E:\Main project\Batch 15\dataset\diabetic_retinopathy\11273_left.jpeg,diabetic_retinopathy
11273_right.jpeg,E:\Main project\Batch 15\dataset\diabetic_retinopathy\11273_right.jpeg,diabetic_retinopathy
11283_left.jpeg,E:\Main project\Batch 15\dataset\diabetic_retinopathy\11283_left.jpeg,diabetic_retinopathy
11283_right.jpeg,E:\Main project\Batch 15\dataset\diabetic_retinopathy\11283_right.jpeg,diabetic_retinopathy
11288_left.jpeg,E:\Main project\Batch 15\dataset\diabetic_retinopathy\11288_left.jpeg,diabetic_retinopathy
11288_right.jpeg,E:\Main project\Batch 15\dataset\diabetic_retinopathy\11288_right.jpeg,diabetic_retinopathy
11289_left.jpeg,E:\Main project\Batch 15\dataset\diabetic_retinopathy\11289_left.jpeg,diabetic_retinopathy
11289_right.jpeg,E:\Main project\Batch 15\dataset\diabetic_retinopathy\11289_right.jpeg,diabetic_retinopathy
11291_left.jpeg,E:\Main project\Batch 15\dataset\diabetic_retinopathy\11291_left.jpeg,diabetic_retinopathy
11291_right.jpeg,E:\Main project\Batch 15\dataset\diabetic_retinopathy\11291_right.jpeg,diabetic_retinopathy
11292_left.jpeg,E:\Main project\Batch 15\dataset\diabetic_retinopathy\11292_left.jpeg,diabetic_retinopathy
11292_right.jpeg,E:\Main project\Batch 15\dataset\diabetic_retinopathy\11292_right.jpeg,diabetic_retinopathy
11293_left.jpeg,E:\Main project\Batch 15\dataset\diabetic_retinopathy\11293_left.jpeg,diabetic_retinopathy
11293_right.jpeg,E:\Main project\Batch 15\dataset\diabetic_retinopathy\11293_right.jpeg,diabetic_retinopathy
11298_left.jpeg,E:\Main project\Batch 15\dataset\diabetic_retinopathy\11298_left.jpeg,diabetic_retinopathy
11298_right.jpeg,E:\Main project\Batch 15\dataset\diabetic_retinopathy\11298_right.jpeg,diabetic_retinopathy
11299_left.jpeg,E:\Main project\Batch 15\dataset\diabetic_retinopathy\11299_left.jpeg,diabetic_retinopathy
11299_right.jpeg,E:\Main project\Batch 15\dataset\diabetic_retinopathy\11299_right.jpeg,diabetic_retinopathy
11301_left.jpeg,E:\Main project\Batch 15\dataset\diabetic_retinopathy\11301_left.jpeg,diabetic_retinopathy
11301_right.jpeg,E:\Main project\Batch 15\dataset\diabetic_retinopathy\11301_right.jpeg,diabetic_retinopathy
11304_left.jpeg,E:\Main project\Batch 15\dataset\diabetic_retinopathy\11304_left.jpeg,diabetic_retinopathy
11304_right.jpeg,E:\Main project\Batch 15\dataset\diabetic_retinopathy\11304_right.jpeg,diabetic_retinopathy
11305_left.jpeg,E:\Main project\Batch 15\dataset\diabetic_retinopathy\11305_left.jpeg,diabetic_retinopathy
11305_right.jpeg,E:\Main project\Batch 15\dataset\diabetic_retinopathy\11305_right.jpeg,diabetic_retinopathy
11310_left.jpeg,E:\Main project\Batch 15\dataset\diabetic_retinopathy\11310_left.jpeg,diabetic_retinopathy
11310_right.jpeg,E:\Main project\Batch 15\dataset\diabetic_retinopathy\11310_right.jpeg,diabetic_retinopathy
11313_left.jpeg,E:\Main project\Batch 15\dataset\diabetic_retinopathy\11313_left.jpeg,diabetic_retinopathy
11313_right.jpeg,E:\Main project\Batch 15\dataset\diabetic_retinopathy\11313_right.jpeg,diabetic_retinopathy
11314_left.jpeg,E:\Main project\Batch 15\dataset\diabetic_retinopathy\11314_left.jpeg,diabetic_retinopathy
11314_right.jpeg,E:\Main project\Batch 15\dataset\diabetic_retinopathy\11314_right.jpeg,diabetic_retinopathy
11315_left.jpeg,E:\Main project\Batch 15\dataset\diabetic_retinopathy\11315_left.jpeg,diabetic_retinopathy
11315_right.jpeg,E:\Main project\Batch 15\dataset\diabetic_retinopathy\11315_right.jpeg,diabetic_retinopathy
11316_left.jpeg,E:\Main project\Batch 15\dataset\diabetic_retinopathy\11316_left.jpeg,diabetic_retinopathy
11316_right.jpeg,E:\Main project\Batch 15\dataset\diabetic_retinopathy\11316_right.jpeg,diabetic_retinopathy
11317_left.jpeg,E:\Main project\Batch 15\dataset\diabetic_retinopathy\11317_left.jpeg,diabetic_retinopathy
11317_right.jpeg,E:\Main project\Batch 15\dataset\diabetic_retinopathy\11317_right.jpeg,diabetic_retinopathy
11319_left.jpeg,E:\Main project\Batch 15\dataset\diabetic_retinopathy\11319_left.jpeg,diabetic_retinopathy
11319_right.jpeg,E:\Main project\Batch 15\dataset\diabetic_retinopathy\11319_right.jpeg,diabetic_retinopathy
1131_left.jpeg,E:\Main project\Batch 15\dataset\diabetic_retinopathy\1131_left.jpeg,diabetic_retinopathy
1131_right.jpeg,E:\Main project\Batch 15\dataset\diabetic_retinopathy\1131_right.jpeg,diabetic_retinopathy
11321_left.jpeg,E:\Main project\Batch 15\dataset\diabetic_retinopathy\11321_left.jpeg,diabetic_retinopathy
11321_right.jpeg,E:\Main project\Batch 15\dataset\diabetic_retinopathy\11321_right.jpeg,diabetic_retinopathy
11326_left.jpeg,E:\Main project\Batch 15\dataset\diabetic_retinopathy\11326_left.jpeg,diabetic_retinopathy
11326_right.jpeg,E:\Main project\Batch 15\dataset\diabetic_retinopathy\11326_right.jpeg,diabetic_retinopathy
11335_left.jpeg,E:\Main project\Batch 15\dataset\diabetic_retinopathy\11335_left.jpeg,diabetic_retinopathy
11335_right.jpeg,E:\Main project\Batch 15\dataset\diabetic_retinopathy\11335_right.jpeg,diabetic_retinopathy
1133_left.jpeg,E:\Main project\Batch 15\dataset\diabetic_retinopathy\1133_left.jpeg,diabetic_retinopathy
1133_right.jpeg,E:\Main project\Batch 15\dataset\diabetic_retinopathy\1133_right.jpeg,diabetic_retinopathy
11340_left.jpeg,E:\Main project\Batch 15\dataset\diabetic_retinopathy\11340_left.jpeg,diabetic_retinopathy
11340_right.jpeg,E:\Main project\Batch 15\dataset\diabetic_retinopathy\11340_right.jpeg,diabetic_retinopathy
11341_left.jpeg,E:\Main project\Batch 15\dataset\diabetic_retinopathy\11341_left.jpeg,diabetic_retinopathy
11341_right.jpeg,E:\Main project\Batch 15\dataset\diabetic_retinopathy\11341_right.jpeg,diabetic_retinopathy
11345_left.jpeg,E:\Main project\Batch 15\dataset\diabetic_retinopathy\11345_left.jpeg,diabetic_retinopathy
11345_right.jpeg,E:\Main project\Batch 15\dataset\diabetic_retinopathy\11345_right.jpeg,diabetic_retinopathy
11349_left.jpeg,E:\Main project\Batch 15\dataset\diabetic_retinopathy\11349_left.jpeg,diabetic_retinopathy
11349_right.jpeg,E:\Main project\Batch 15\dataset\diabetic_retinopathy\11349_right.jpeg,diabetic_retinopathy
11364_left.jpeg,E:\Main project\Batch 15\dataset\diabetic_retinopathy\11364_left.jpeg,diabetic_retinopathy
11364_right.jpeg,E:\Main project\Batch 15\dataset\diabetic_retinopathy\11364_right.jpeg,diabetic_retinopathy
11365_left.jpeg,E:\Main project\Batch 15\dataset\diabetic_retinopathy\11365_left.jpeg,diabetic_retinopathy
11365_right.jpeg,E:\Main project\Batch 15\dataset\diabetic_retinopathy\11365_right.jpeg,diabetic_retinopathy
1136_left.jpeg,E:\Main project\Batch 15\dataset\diabetic_retinopathy\1136_left.jpeg,diabetic_retinopathy
1136_right.jpeg,E:\Main project\Batch 15\dataset\diabetic_retinopathy\1136_right.jpeg,diabetic_retinopathy
11370_left.jpeg,E:\Main project\Batch 15\dataset\diabetic_retinopathy\11370_left.jpeg,diabetic_retinopathy
11370_right.jpeg,E:\Main project\Batch 15\dataset\diabetic_retinopathy\11370_right.jpeg,diabetic_retinopathy
11371_left.jpeg,E:\Main project\Batch 15\dataset\diabetic_retinopathy\11371_left.jpeg,diabetic_retinopathy
11371_right.jpeg,E:\Main project\Batch 15\dataset\diabetic_retinopathy\11371_right.jpeg,diabetic_retinopathy
11378_left.jpeg,E:\Main project\Batch 15\dataset\diabetic_retinopathy\11378_left.jpeg,diabetic_retinopathy
11378_right.jpeg,E:\Main project\Batch 15\dataset\diabetic_retinopathy\11378_right.jpeg,diabetic_retinopathy
11382_left.jpeg,E:\Main project\Batch 15\dataset\diabetic_retinopathy\11382_left.jpeg,diabetic_retinopathy
11382_right.jpeg,E:\Main project\Batch 15\dataset\diabetic_retinopathy\11382_right.jpeg,diabetic_retinopathy
11385_left.jpeg,E:\Main project\Batch 15\dataset\diabetic_retinopathy\11385_left.jpeg,diabetic_retinopathy
11385_right.jpeg,E:\Main project\Batch 15\dataset\diabetic_retinopathy\11385_right.jpeg,diabetic_retinopathy
11387_left.jpeg,E:\Main project\Batch 15\dataset\diabetic_retinopathy\11387_left.jpeg,diabetic_retinopathy
11387_right.jpeg,E:\Main project\Batch 15\dataset\diabetic_retinopathy\11387_right.jpeg,diabetic_retinopathy
11388_left.jpeg,E:\Main project\Batch 15\dataset\diabetic_retinopathy\11388_left.jpeg,diabetic_retinopathy
11388_right.jpeg,E:\Main project\Batch 15\dataset\diabetic_retinopathy\11388_right.jpeg,diabetic_retinopathy
1138_left.jpeg,E:\Main project\Batch 15\dataset\diabetic_retinopathy\1138_left.jpeg,diabetic_retinopathy
1138_right.jpeg,E:\Main project\Batch 15\dataset\diabetic_retinopathy\1138_right.jpeg,diabetic_retinopathy
11391_left.jpeg,E:\Main project\Batch 15\dataset\diabetic_retinopathy\11391_left.jpeg,diabetic_retinopathy
11391_right.jpeg,E:\Main project\Batch 15\dataset\diabetic_retinopathy\11391_right.jpeg,diabetic_retinopathy
11392_left.jpeg,E:\Main project\Batch 15\dataset\diabetic_retinopathy\11392_left.jpeg,diabetic_retinopathy
11392_right.jpeg,E:\Main project\Batch 15\dataset\diabetic_retinopathy\11392_right.jpeg,diabetic_retinopathy
11393_left.jpeg,E:\Main project\Batch 15\dataset\diabetic_retinopathy\11393_left.jpeg,diabetic_retinopathy
11393_right.jpeg,E:\Main project\Batch 15\dataset\diabetic_retinopathy\11393_right.jpeg,diabetic_retinopathy
11394_left.jpeg,E:\Main project\Batch 15\dataset\diabetic_retinopathy\11394_left.jpeg,diabetic_retinopathy
11394_right.jpeg,E:\Main project\Batch 15\dataset\diabetic_retinopathy\11394_right.jpeg,diabetic_retinopathy
11397_left.jpeg,E:\Main project\Batch 15\dataset\diabetic_retinopathy\11397_left.jpeg,diabetic_retinopathy
11397_right.jpeg,E:\Main project\Batch 15\dataset\diabetic_retinopathy\11397_right.jpeg,diabetic_retinopathy
1139_left.jpeg,E:\Main project\Batch 15\dataset\diabetic_retinopathy\1139_left.jpeg,diabetic_retinopathy
1139_right.jpeg,E:\Main project\Batch 15\dataset\diabetic_retinopathy\1139_right.jpeg,diabetic_retinopathy
11407_left.jpeg,E:\Main project\Batch 15\dataset\diabetic_retinopathy\11407_left.jpeg,diabetic_retinopathy
11407_right.jpeg,E:\Main project\Batch 15\dataset\diabetic_retinopathy\11407_right.jpeg,diabetic_retinopathy
11408_left.jpeg,E:\Main project\Batch 15\dataset\diabetic_retinopathy\11408_left.jpeg,diabetic_retinopathy
11408_right.jpeg,E:\Main project\Batch 15\dataset\diabetic_retinopathy\11408_right.jpeg,diabetic_retinopathy
11409_left.jpeg,E:\Main project\Batch 15\dataset\diabetic_retinopathy\11409_left.jpeg,diabetic_retinopathy
11409_right.jpeg,E:\Main project\Batch 15\dataset\diabetic_retinopathy\11409_right.jpeg,diabetic_retinopathy
11417_left.jpeg,E:\Main project\Batch 15\dataset\diabetic_retinopathy\11417_left.jpeg,diabetic_retinopathy
11417_right.jpeg,E:\Main project\Batch 15\dataset\diabetic_retinopathy\11417_right.jpeg,diabetic_retinopathy
11420_left.jpeg,E:\Main project\Batch 15\dataset\diabetic_retinopathy\11420_left.jpeg,diabetic_retinopathy
11420_right.jpeg,E:\Main project\Batch 15\dataset\diabetic_retinopathy\11420_right.jpeg,diabetic_retinopathy
11421_left.jpeg,E:\Main project\Batch 15\dataset\diabetic_retinopathy\11421_left.jpeg,diabetic_retinopathy
11421_right.jpeg,E:\Main project\Batch 15\dataset\diabetic_retinopathy\11421_right.jpeg,diabetic_retinopathy
11425_left.jpeg,E:\Main project\Batch 15\dataset\diabetic_retinopathy\11425_left.jpeg,diabetic_retinopathy
11425_right.jpeg,E:\Main project\Batch 15\dataset\diabetic_retinopathy\11425_right.jpeg,diabetic_retinopathy
11428_left.jpeg,E:\Main project\Batch 15\dataset\diabetic_retinopathy\11428_left.jpeg,diabetic_retinopathy
11428_right.jpeg,E:\Main project\Batch 15\dataset\diabetic_retinopathy\11428_right.jpeg,diabetic_retinopathy
11432_left.jpeg,E:\Main project\Batch 15\dataset\diabetic_retinopathy\11432_left.jpeg,diabetic_retinopathy
11432_right.jpeg,E:\Main project\Batch 15\dataset\diabetic_retinopathy\11432_right.jpeg,diabetic_retinopathy
11435_left.jpeg,E:\Main project\Batch 15\dataset\diabetic_retinopathy\11435_left.jpeg,diabetic_retinopathy
11435_right.jpeg,E:\Main project\Batch 15\dataset\diabetic_retinopathy\11435_right.jpeg,diabetic_retinopathy
11437_left.jpeg,E:\Main project\Batch 15\dataset\diabetic_retinopathy\11437_left.jpeg,diabetic_retinopathy
11437_right.jpeg,E:\Main project\Batch 15\dataset\diabetic_retinopathy\11437_right.jpeg,diabetic_retinopathy
11438_left.jpeg,E:\Main project\Batch 15\dataset\diabetic_retinopathy\11438_left.jpeg,diabetic_retinopathy
11438_right.jpeg,E:\Main project\Batch 15\dataset\diabetic_retinopathy\11438_right.jpeg,diabetic_retinopathy
11439_left.jpeg,E:\Main project\Batch 15\dataset\diabetic_retinopathy\11439_left.jpeg,diabetic_retinopathy
11439_right.jpeg,E:\Main project\Batch 15\dataset\diabetic_retinopathy\11439_right.jpeg,diabetic_retinopathy
11443_left.jpeg,E:\Main project\Batch 15\dataset\diabetic_retinopathy\11443_left.jpeg,diabetic_retinopathy
11443_right.jpeg,E:\Main project\Batch 15\dataset\diabetic_retinopathy\11443_right.jpeg,diabetic_retinopathy
11444_left.jpeg,E:\Main project\Batch 15\dataset\diabetic_retinopathy\11444_left.jpeg,diabetic_retinopathy
11444_right.jpeg,E:\Main project\Batch 15\dataset\diabetic_retinopathy\11444_right.jpeg,diabetic_retinopathy
11445_left.jpeg,E:\Main project\Batch 15\dataset\diabetic_retinopathy\11445_left.jpeg,diabetic_retinopathy
11445_right.jpeg,E:\Main project\Batch 15\dataset\diabetic_retinopathy\11445_right.jpeg,diabetic_retinopathy
11446_left.jpeg,E:\Main project\Batch 15\dataset\diabetic_retinopathy\11446_left.jpeg,diabetic_retinopathy
11446_right.jpeg,E:\Main project\Batch 15\dataset\diabetic_retinopathy\11446_right.jpeg,diabetic_retinopathy
11448_left.jpeg,E:\Main project\Batch 15\dataset\diabetic_retinopathy\11448_left.jpeg,diabetic_retinopathy
11448_right.jpeg,E:\Main project\Batch 15\dataset\diabetic_retinopathy\11448_right.jpeg,diabetic_retinopathy
11455_left.jpeg,E:\Main project\Batch 15\dataset\diabetic_retinopathy\11455_left.jpeg,diabetic_retinopathy
11455_right.jpeg,E:\Main project\Batch 15\dataset\diabetic_retinopathy\11455_right.jpeg,diabetic_retinopathy
1145_left.jpeg,E:\Main project\Batch 15\dataset\diabetic_retinopathy\1145_left.jpeg,diabetic_retinopathy
1145_right.jpeg,E:\Main project\Batch 15\dataset\diabetic_retinopathy\1145_right.jpeg,diabetic_retinopathy
11464_left.jpeg,E:\Main project\Batch 15\dataset\diabetic_retinopathy\11464_left.jpeg,diabetic_retinopathy
11464_right.jpeg,E:\Main project\Batch 15\dataset\diabetic_retinopathy\11464_right.jpeg,diabetic_retinopathy
1146_left.jpeg,E:\Main project\Batch 15\dataset\diabetic_retinopathy\1146_left.jpeg,diabetic_retinopathy
1146_right.jpeg,E:\Main project\Batch 15\dataset\diabetic_retinopathy\1146_right.jpeg,diabetic_retinopathy
11471_left.jpeg,E:\Main project\Batch 15\dataset\diabetic_retinopathy\11471_left.jpeg,diabetic_retinopathy
11471_right.jpeg,E:\Main project\Batch 15\dataset\diabetic_retinopathy\11471_right.jpeg,diabetic_retinopathy
11474_left.jpeg,E:\Main project\Batch 15\dataset\diabetic_retinopathy\11474_left.jpeg,diabetic_retinopathy
11474_right.jpeg,E:\Main project\Batch 15\dataset\diabetic_retinopathy\11474_right.jpeg,diabetic_retinopathy
11476_left.jpeg,E:\Main project\Batch 15\dataset\diabetic_retinopathy\11476_left.jpeg,diabetic_retinopathy
11476_right.jpeg,E:\Main project\Batch 15\dataset\diabetic_retinopathy\11476_right.jpeg,diabetic_retinopathy
1147_left.jpeg,E:\Main project\Batch 15\dataset\diabetic_retinopathy\1147_left.jpeg,diabetic_retinopathy
1147_right.jpeg,E:\Main project\Batch 15\dataset\diabetic_retinopathy\1147_right.jpeg,diabetic_retinopathy
11482_left.jpeg,E:\Main project\Batch 15\dataset\diabetic_retinopathy\11482_left.jpeg,diabetic_retinopathy
11482_right.jpeg,E:\Main project\Batch 15\dataset\diabetic_retinopathy\11482_right.jpeg,diabetic_retinopathy
11487_left.jpeg,E:\Main project\Batch 15\dataset\diabetic_retinopathy\11487_left.jpeg,diabetic_retinopathy
11487_right.jpeg,E:\Main project\Batch 15\dataset\diabetic_retinopathy\11487_right.jpeg,diabetic_retinopathy
11490_left.jpeg,E:\Main project\Batch 15\dataset\diabetic_retinopathy\11490_left.jpeg,diabetic_retinopathy
11490_right.jpeg,E:\Main project\Batch 15\dataset\diabetic_retinopathy\11490_right.jpeg,diabetic_retinopathy
11495_left.jpeg,E:\Main project\Batch 15\dataset\diabetic_retinopathy\11495_left.jpeg,diabetic_retinopathy
11495_right.jpeg,E:\Main project\Batch 15\dataset\diabetic_retinopathy\11495_right.jpeg,diabetic_retinopathy
11496_left.jpeg,E:\Main project\Batch 15\dataset\diabetic_retinopathy\11496_left.jpeg,diabetic_retinopathy
11496_right.jpeg,E:\Main project\Batch 15\dataset\diabetic_retinopathy\11496_right.jpeg,diabetic_retinopathy
11500_left.jpeg,E:\Main project\Batch 15\dataset\diabetic_retinopathy\11500_left.jpeg,diabetic_retinopathy
11500_right.jpeg,E:\Main project\Batch 15\dataset\diabetic_retinopathy\11500_right.jpeg,diabetic_retinopathy
11504_left.jpeg,E:\Main project\Batch 15\dataset\diabetic_retinopathy\11504_left.jpeg,diabetic_retinopathy
11504_right.jpeg,E:\Main project\Batch 15\dataset\diabetic_retinopathy\11504_right.jpeg,diabetic_retinopathy
11516_left.jpeg,E:\Main project\Batch 15\dataset\diabetic_retinopathy\11516_left.jpeg,diabetic_retinopathy
11516_right.jpeg,E:\Main project\Batch 15\dataset\diabetic_retinopathy\11516_right.jpeg,diabetic_retinopathy
11519_left.jpeg,E:\Main project\Batch 15\dataset\diabetic_retinopathy\11519_left.jpeg,diabetic_retinopathy
11519_right.jpeg,E:\Main project\Batch 15\dataset\diabetic_retinopathy\11519_right.jpeg,diabetic_retinopathy
11520_left.jpeg,E:\Main project\Batch 15\dataset\diabetic_retinopathy\11520_left.jpeg,diabetic_retinopathy
11520_right.jpeg,E:\Main project\Batch 15\dataset\diabetic_retinopathy\11520_right.jpeg,diabetic_retinopathy
11527_left.jpeg,E:\Main project\Batch 15\dataset\diabetic_retinopathy\11527_left.jpeg,diabetic_retinopathy
11527_right.jpeg,E:\Main project\Batch 15\dataset\diabetic_retinopathy\11527_right.jpeg,diabetic_retinopathy
11529_left.jpeg,E:\Main project\Batch 15\dataset\diabetic_retinopathy\11529_left.jpeg,diabetic_retinopathy
11529_right.jpeg,E:\Main project\Batch 15\dataset\diabetic_retinopathy\11529_right.jpeg,diabetic_retinopathy
11534_left.jpeg,E:\Main project\Batch 15\dataset\diabetic_retinopathy\11534_left.jpeg,diabetic_retinopathy
11534_right.jpeg,E:\Main project\Batch 15\dataset\diabetic_retinopathy\11534_right.jpeg,diabetic_retinopathy
11541_left.jpeg,E:\Main project\Batch 15\dataset\diabetic_retinopathy\11541_left.jpeg,diabetic_retinopathy
11541_right.jpeg,E:\Main project\Batch 15\dataset\diabetic_retinopathy\11541_right.jpeg,diabetic_retinopathy
11542_left.jpeg,E:\Main project\Batch 15\dataset\diabetic_retinopathy\11542_left.jpeg,diabetic_retinopathy
11542_right.jpeg,E:\Main project\Batch 15\dataset\diabetic_retinopathy\11542_right.jpeg,diabetic_retinopathy
11545_left.jpeg,E:\Main project\Batch 15\dataset\diabetic_retinopathy\11545_left.jpeg,diabetic_retinopathy
11545_right.jpeg,E:\Main project\Batch 15\dataset\diabetic_retinopathy\11545_right.jpeg,diabetic_retinopathy
11546_left.jpeg,E:\Main project\Batch 15\dataset\diabetic_retinopathy\11546_left.jpeg,diabetic_retinopathy
11546_right.jpeg,E:\Main project\Batch 15\dataset\diabetic_retinopathy\11546_right.jpeg,diabetic_retinopathy
11550_left.jpeg,E:\Main project\Batch 15\dataset\diabetic_retinopathy\11550_left.jpeg,diabetic_retinopathy
11550_right.jpeg,E:\Main project\Batch 15\dataset\diabetic_retinopathy\11550_right.jpeg,diabetic_retinopathy
11551_left.jpeg,E:\Main project\Batch 15\dataset\diabetic_retinopathy\11551_left.jpeg,diabetic_retinopathy
11551_right.jpeg,E:\Main project\Batch 15\dataset\diabetic_retinopathy\11551_right.jpeg,diabetic_retinopathy
11553_left.jpeg,E:\Main project\Batch 15\dataset\diabetic_retinopathy\11553_left.jpeg,diabetic_retinopathy
11553_right.jpeg,E:\Main project\Batch 15\dataset\diabetic_retinopathy\11553_right.jpeg,diabetic_retinopathy
11573_left.jpeg,E:\Main project\Batch 15\dataset\diabetic_retinopathy\11573_left.jpeg,diabetic_retinopathy
11573_right.jpeg,E:\Main project\Batch 15\dataset\diabetic_retinopathy\11573_right.jpeg,diabetic_retinopathy
11574_left.jpeg,E:\Main project\Batch 15\dataset\diabetic_retinopathy\11574_left.jpeg,diabetic_retinopathy
11574_right.jpeg,E:\Main project\Batch 15\dataset\diabetic_retinopathy\11574_right.jpeg,diabetic_retinopathy
11575_left.jpeg,E:\Main project\Batch 15\dataset\diabetic_retinopathy\11575_left.jpeg,diabetic_retinopathy
11575_right.jpeg,E:\Main project\Batch 15\dataset\diabetic_retinopathy\11575_right.jpeg,diabetic_retinopathy
11579_left.jpeg,E:\Main project\Batch 15\dataset\diabetic_retinopathy\11579_left.jpeg,diabetic_retinopathy
11579_right.jpeg,E:\Main project\Batch 15\dataset\diabetic_retinopathy\11579_right.jpeg,diabetic_retinopathy
11581_left.jpeg,E:\Main project\Batch 15\dataset\diabetic_retinopathy\11581_left.jpeg,diabetic_retinopathy
11581_right.jpeg,E:\Main project\Batch 15\dataset\diabetic_retinopathy\11581_right.jpeg,diabetic_retinopathy
11584_left.jpeg,E:\Main project\Batch 15\dataset\diabetic_retinopathy\11584_left.jpeg,diabetic_retinopathy
11584_right.jpeg,E:\Main project\Batch 15\dataset\diabetic_retinopathy\11584_right.jpeg,diabetic_retinopathy
11590_left.jpeg,E:\Main project\Batch 15\dataset\diabetic_retinopathy\11590_left.jpeg,diabetic_retinopathy
11590_right.jpeg,E:\Main project\Batch 15\dataset\diabetic_retinopathy\11590_right.jpeg,diabetic_retinopathy
11593_left.jpeg,E:\Main project\Batch 15\dataset\diabetic_retinopathy\11593_left.jpeg,diabetic_retinopathy
11593_right.jpeg,E:\Main project\Batch 15\dataset\diabetic_retinopathy\11593_right.jpeg,diabetic_retinopathy
11594_left.jpeg,E:\Main project\Batch 15\dataset\diabetic_retinopathy\11594_left.jpeg,diabetic_retinopathy
11594_right.jpeg,E:\Main project\Batch 15\dataset\diabetic_retinopathy\11594_right.jpeg,diabetic_retinopathy
11598_left.jpeg,E:\Main project\Batch 15\dataset\diabetic_retinopathy\11598_left.jpeg,diabetic_retinopathy
11598_right.jpeg,E:\Main project\Batch 15\dataset\diabetic_retinopathy\11598_right.jpeg,diabetic_retinopathy
1161_left.jpeg,E:\Main project\Batch 15\dataset\diabetic_retinopathy\1161_left.jpeg,diabetic_retinopathy
1161_right.jpeg,E:\Main project\Batch 15\dataset\diabetic_retinopathy\1161_right.jpeg,diabetic_retinopathy
1165_left.jpeg,E:\Main project\Batch 15\dataset\diabetic_retinopathy\1165_left.jpeg,diabetic_retinopathy
1165_right.jpeg,E:\Main project\Batch 15\dataset\diabetic_retinopathy\1165_right.jpeg,diabetic_retinopathy
1167_left.jpeg,E:\Main project\Batch 15\dataset\diabetic_retinopathy\1167_left.jpeg,diabetic_retinopathy
1167_right.jpeg,E:\Main project\Batch 15\dataset\diabetic_retinopathy\1167_right.jpeg,diabetic_retinopathy
1170_left.jpeg,E:\Main project\Batch 15\dataset\diabetic_retinopathy\1170_left.jpeg,diabetic_retinopathy
1170_right.jpeg,E:\Main project\Batch 15\dataset\diabetic_retinopathy\1170_right.jpeg,diabetic_retinopathy
1172_left.jpeg,E:\Main project\Batch 15\dataset\diabetic_retinopathy\1172_left.jpeg,diabetic_retinopathy
1172_right.jpeg,E:\Main project\Batch 15\dataset\diabetic_retinopathy\1172_right.jpeg,diabetic_retinopathy
1178_left.jpeg,E:\Main project\Batch 15\dataset\diabetic_retinopathy\1178_left.jpeg,diabetic_retinopathy
1178_right.jpeg,E:\Main project\Batch 15\dataset\diabetic_retinopathy\1178_right.jpeg,diabetic_retinopathy
1179_left.jpeg,E:\Main project\Batch 15\dataset\diabetic_retinopathy\1179_left.jpeg,diabetic_retinopathy
1179_right.jpeg,E:\Main project\Batch 15\dataset\diabetic_retinopathy\1179_right.jpeg,diabetic_retinopathy
117_left.jpeg,E:\Main project\Batch 15\dataset\diabetic_retinopathy\117_left.jpeg,diabetic_retinopathy
117_right.jpeg,E:\Main project\Batch 15\dataset\diabetic_retinopathy\117_right.jpeg,diabetic_retinopathy
1180_left.jpeg,E:\Main project\Batch 15\dataset\diabetic_retinopathy\1180_left.jpeg,diabetic_retinopathy
1180_right.jpeg,E:\Main project\Batch 15\dataset\diabetic_retinopathy\1180_right.jpeg,diabetic_retinopathy
1182_left.jpeg,E:\Main project\Batch 15\dataset\diabetic_retinopathy\1182_left.jpeg,diabetic_retinopathy
1182_right.jpeg,E:\Main project\Batch 15\dataset\diabetic_retinopathy\1182_right.jpeg,diabetic_retinopathy
1188_left.jpeg,E:\Main project\Batch 15\dataset\diabetic_retinopathy\1188_left.jpeg,diabetic_retinopathy
1188_right.jpeg,E:\Main project\Batch 15\dataset\diabetic_retinopathy\1188_right.jpeg,diabetic_retinopathy
1192_left.jpeg,E:\Main project\Batch 15\dataset\diabetic_retinopathy\1192_left.jpeg,diabetic_retinopathy
1192_right.jpeg,E:\Main project\Batch 15\dataset\diabetic_retinopathy\1192_right.jpeg,diabetic_retinopathy
1196_left.jpeg,E:\Main project\Batch 15\dataset\diabetic_retinopathy\1196_left.jpeg,diabetic_retinopathy
1196_right.jpeg,E:\Main project\Batch 15\dataset\diabetic_retinopathy\1196_right.jpeg,diabetic_retinopathy
1197_left.jpeg,E:\Main project\Batch 15\dataset\diabetic_retinopathy\1197_left.jpeg,diabetic_retinopathy
1197_right.jpeg,E:\Main project\Batch 15\dataset\diabetic_retinopathy\1197_right.jpeg,diabetic_retinopathy
1199_left.jpeg,E:\Main project\Batch 15\dataset\diabetic_retinopathy\1199_left.jpeg,diabetic_retinopathy
1199_right.jpeg,E:\Main project\Batch 15\dataset\diabetic_retinopathy\1199_right.jpeg,diabetic_retinopathy
119_left.jpeg,E:\Main project\Batch 15\dataset\diabetic_retinopathy\119_left.jpeg,diabetic_retinopathy
119_right.jpeg,E:\Main project\Batch 15\dataset\diabetic_retinopathy\119_right.jpeg,diabetic_retinopathy
1204_left.jpeg,E:\Main project\Batch 15\dataset\diabetic_retinopathy\1204_left.jpeg,diabetic_retinopathy
1204_right.jpeg,E:\Main project\Batch 15\dataset\diabetic_retinopathy\1204_right.jpeg,diabetic_retinopathy
1206_left.jpeg,E:\Main project\Batch 15\dataset\diabetic_retinopathy\1206_left.jpeg,diabetic_retinopathy
1206_right.jpeg,E:\Main project\Batch 15\dataset\diabetic_retinopathy\1206_right.jpeg,diabetic_retinopathy
1211_left.jpeg,E:\Main project\Batch 15\dataset\diabetic_retinopathy\1211_left.jpeg,diabetic_retinopathy
1211_right.jpeg,E:\Main project\Batch 15\dataset\diabetic_retinopathy\1211_right.jpeg,diabetic_retinopathy
122_left.jpeg,E:\Main project\Batch 15\dataset\diabetic_retinopathy\122_left.jpeg,diabetic_retinopathy
122_right.jpeg,E:\Main project\Batch 15\dataset\diabetic_retinopathy\122_right.jpeg,diabetic_retinopathy
1240_left.jpeg,E:\Main project\Batch 15\dataset\diabetic_retinopathy\1240_left.jpeg,diabetic_retinopathy
1240_right.jpeg,E:\Main project\Batch 15\dataset\diabetic_retinopathy\1240_right.jpeg,diabetic_retinopathy
1242_left.jpeg,E:\Main project\Batch 15\dataset\diabetic_retinopathy\1242_left.jpeg,diabetic_retinopathy
1242_right.jpeg,E:\Main project\Batch 15\dataset\diabetic_retinopathy\1242_right.jpeg,diabetic_retinopathy
1259_left.jpeg,E:\Main project\Batch 15\dataset\diabetic_retinopathy\1259_left.jpeg,diabetic_retinopathy
1259_right.jpeg,E:\Main project\Batch 15\dataset\diabetic_retinopathy\1259_right.jpeg,diabetic_retinopathy
125_left.jpeg,E:\Main project\Batch 15\dataset\diabetic_retinopathy\125_left.jpeg,diabetic_retinopathy
125_right.jpeg,E:\Main project\Batch 15\dataset\diabetic_retinopathy\125_right.jpeg,diabetic_retinopathy
1260_left.jpeg,E:\Main project\Batch 15\dataset\diabetic_retinopathy\1260_left.jpeg,diabetic_retinopathy
1260_right.jpeg,E:\Main project\Batch 15\dataset\diabetic_retinopathy\1260_right.jpeg,diabetic_retinopathy
1266_left.jpeg,E:\Main project\Batch 15\dataset\diabetic_retinopathy\1266_left.jpeg,diabetic_retinopathy
1266_right.jpeg,E:\Main project\Batch 15\dataset\diabetic_retinopathy\1266_right.jpeg,diabetic_retinopathy
1267_left.jpeg,E:\Main project\Batch 15\dataset\diabetic_retinopathy\1267_left.jpeg,diabetic_retinopathy
1267_right.jpeg,E:\Main project\Batch 15\dataset\diabetic_retinopathy\1267_right.jpeg,diabetic_retinopathy
1269_left.jpeg,E:\Main project\Batch 15\dataset\diabetic_retinopathy\1269_left.jpeg,diabetic_retinopathy
1269_right.jpeg,E:\Main project\Batch 15\dataset\diabetic_retinopathy\1269_right.jpeg,diabetic_retinopathy
1272_left.jpeg,E:\Main project\Batch 15\dataset\diabetic_retinopathy\1272_left.jpeg,diabetic_retinopathy
1272_right.jpeg,E:\Main project\Batch 15\dataset\diabetic_retinopathy\1272_right.jpeg,diabetic_retinopathy
1275_left.jpeg,E:\Main project\Batch 15\dataset\diabetic_retinopathy\1275_left.jpeg,diabetic_retinopathy
1275_right.jpeg,E:\Main project\Batch 15\dataset\diabetic_retinopathy\1275_right.jpeg,diabetic_retinopathy
1277_left.jpeg,E:\Main project\Batch 15\dataset\diabetic_retinopathy\1277_left.jpeg,diabetic_retinopathy
1277_right.jpeg,E:\Main project\Batch 15\dataset\diabetic_retinopathy\1277_right.jpeg,diabetic_retinopathy
1285_left.jpeg,E:\Main project\Batch 15\dataset\diabetic_retinopathy\1285_left.jpeg,diabetic_retinopathy
1285_right.jpeg,E:\Main project\Batch 15\dataset\diabetic_retinopathy\1285_right.jpeg,diabetic_retinopathy
1289_left.jpeg,E:\Main project\Batch 15\dataset\diabetic_retinopathy\1289_left.jpeg,diabetic_retinopathy
1289_right.jpeg,E:\Main project\Batch 15\dataset\diabetic_retinopathy\1289_right.jpeg,diabetic_retinopathy
1292_left.jpeg,E:\Main project\Batch 15\dataset\diabetic_retinopathy\1292_left.jpeg,diabetic_retinopathy
1292_right.jpeg,E:\Main project\Batch 15\dataset\diabetic_retinopathy\1292_right.jpeg,diabetic_retinopathy
1294_left.jpeg,E:\Main project\Batch 15\dataset\diabetic_retinopathy\1294_left.jpeg,diabetic_retinopathy
1294_right.jpeg,E:\Main project\Batch 15\dataset\diabetic_retinopathy\1294_right.jpeg,diabetic_retinopathy
1296_left.jpeg,E:\Main project\Batch 15\dataset\diabetic_retinopathy\1296_left.jpeg,diabetic_retinopathy
1296_right.jpeg,E:\Main project\Batch 15\dataset\diabetic_retinopathy\1296_right.jpeg,diabetic_retinopathy
1297_left.jpeg,E:\Main project\Batch 15\dataset\diabetic_retinopathy\1297_left.jpeg,diabetic_retinopathy
1297_right.jpeg,E:\Main project\Batch 15\dataset\diabetic_retinopathy\1297_right.jpeg,diabetic_retinopathy
129_left.jpeg,E:\Main project\Batch 15\dataset\diabetic_retinopathy\129_left.jpeg,diabetic_retinopathy
129_right.jpeg,E:\Main project\Batch 15\dataset\diabetic_retinopathy\129_right.jpeg,diabetic_retinopathy
1302_left.jpeg,E:\Main project\Batch 15\dataset\diabetic_retinopathy\1302_left.jpeg,diabetic_retinopathy
1302_right.jpeg,E:\Main project\Batch 15\dataset\diabetic_retinopathy\1302_right.jpeg,diabetic_retinopathy
1305_left.jpeg,E:\Main project\Batch 15\dataset\diabetic_retinopathy\1305_left.jpeg,diabetic_retinopathy
1305_right.jpeg,E:\Main project\Batch 15\dataset\diabetic_retinopathy\1305_right.jpeg,diabetic_retinopathy
DR1.jpg,E:\Main project\Batch 15\dataset\diabetic_retinopathy\DR1.jpg,diabetic_retinopathy
DR10.jpg,E:\Main project\Batch 15\dataset\diabetic_retinopathy\DR10.jpg,diabetic_retinopathy
DR100.jpg,E:\Main project\Batch 15\dataset\diabetic_retinopathy\DR100.jpg,diabetic_retinopathy
DR1000.jpg,E:\Main project\Batch 15\dataset\diabetic_retinopathy\DR1000.jpg,diabetic_retinopathy
DR1001.jpg,E:\Main project\Batch 15\dataset\diabetic_retinopathy\DR1001.jpg,diabetic_retinopathy
DR1002.jpg,E:\Main project\Batch 15\dataset\diabetic_retinopathy\DR1002.jpg,diabetic_retinopathy
DR1003.jpg,E:\Main project\Batch 15\dataset\diabetic_retinopathy\DR1003.jpg,diabetic_retinopathy
DR1004.jpg,E:\Main project\Batch 15\dataset\diabetic_retinopathy\DR1004.jpg,diabetic_retinopathy
DR1005.jpg,E:\Main project\Batch 15\dataset\diabetic_retinopathy\DR1005.jpg,diabetic_retinopathy
DR1006.jpg,E:\Main project\Batch 15\dataset\diabetic_retinopathy\DR1006.jpg,diabetic_retinopathy
DR1007.jpg,E:\Main project\Batch 15\dataset\diabetic_retinopathy\DR1007.jpg,diabetic_retinopathy
DR101.jpg,E:\Main project\Batch 15\dataset\diabetic_retinopathy\DR101.jpg,diabetic_retinopathy
DR1011.jpg,E:\Main project\Batch 15\dataset\diabetic_retinopathy\DR1011.jpg,diabetic_retinopathy
DR1014.jpg,E:\Main project\Batch 15\dataset\diabetic_retinopathy\DR1014.jpg,diabetic_retinopathy
DR1015.jpg,E:\Main project\Batch 15\dataset\diabetic_retinopathy\DR1015.jpg,diabetic_retinopathy
DR1016.jpg,E:\Main project\Batch 15\dataset\diabetic_retinopathy\DR1016.jpg,diabetic_retinopathy
DR1017.jpg,E:\Main project\Batch 15\dataset\diabetic_retinopathy\DR1017.jpg,diabetic_retinopathy
DR1018.jpg,E:\Main project\Batch 15\dataset\diabetic_retinopathy\DR1018.jpg,diabetic_retinopathy
DR1019.jpg,E:\Main project\Batch 15\dataset\diabetic_retinopathy\DR1019.jpg,diabetic_retinopathy
DR102.jpg,E:\Main project\Batch 15\dataset\diabetic_retinopathy\DR102.jpg,diabetic_retinopathy
DR1020.jpg,E:\Main project\Batch 15\dataset\diabetic_retinopathy\DR1020.jpg,diabetic_retinopathy
DR1021.jpg,E:\Main project\Batch 15\dataset\diabetic_retinopathy\DR1021.jpg,diabetic_retinopathy
DR1022.jpg,E:\Main project\Batch 15\dataset\diabetic_retinopathy\DR1022.jpg,diabetic_retinopathy
DR1023.jpg,E:\Main project\Batch 15\dataset\diabetic_retinopathy\DR1023.jpg,diabetic_retinopathy
DR1026.jpg,E:\Main project\Batch 15\dataset\diabetic_retinopathy\DR1026.jpg,diabetic_retinopathy
DR1027.jpg,E:\Main project\Batch 15\dataset\diabetic_retinopathy\DR1027.jpg,diabetic_retinopathy
DR1028.jpg,E:\Main project\Batch 15\dataset\diabetic_retinopathy\DR1028.jpg,diabetic_retinopathy
DR1029.jpg,E:\Main project\Batch 15\dataset\diabetic_retinopathy\DR1029.jpg,diabetic_retinopathy
DR103.jpg,E:\Main project\Batch 15\dataset\diabetic_retinopathy\DR103.jpg,diabetic_retinopathy
DR1030.jpg,E:\Main project\Batch 15\dataset\diabetic_retinopathy\DR1030.jpg,diabetic_retinopathy
DR1031.jpg,E:\Main project\Batch 15\dataset\diabetic_retinopathy\DR1031.jpg,diabetic_retinopathy
DR1032.jpg,E:\Main project\Batch 15\dataset\diabetic_retinopathy\DR1032.jpg,diabetic_retinopathy
DR1033.jpg,E:\Main project\Batch 15\dataset\diabetic_retinopathy\DR1033.jpg,diabetic_retinopathy
DR1034.jpg,E:\Main project\Batch 15\dataset\diabetic_retinopathy\DR1034.jpg,diabetic_retinopathy
DR1035.jpg,E:\Main project\Batch 15\dataset\diabetic_retinopathy\DR1035.jpg,diabetic_retinopathy
DR1036.jpg,E:\Main project\Batch 15\dataset\diabetic_retinopathy\DR1036.jpg,diabetic_retinopathy
DR1037.jpg,E:\Main project\Batch 15\dataset\diabetic_retinopathy\DR1037.jpg,diabetic_retinopathy
DR1038.jpg,E:\Main project\Batch 15\dataset\diabetic_retinopathy\DR1038.jpg,diabetic_retinopathy
DR1039.jpg,E:\Main project\Batch 15\dataset\diabetic_retinopathy\DR1039.jpg,diabetic_retinopathy
DR104.jpg,E:\Main project\Batch 15\dataset\diabetic_retinopathy\DR104.jpg,diabetic_retinopathy
DR1040.jpg,E:\Main project\Batch 15\dataset\diabetic_retinopathy\DR1040.jpg,diabetic_retinopathy
DR1041.jpg,E:\Main project\Batch 15\dataset\diabetic_retinopathy\DR1041.jpg,diabetic_retinopathy
DR1042.jpg,E:\Main project\Batch 15\dataset\diabetic_retinopathy\DR1042.jpg,diabetic_retinopathy
DR1043.jpg,E:\Main project\Batch 15\dataset\diabetic_retinopathy\DR1043.jpg,diabetic_retinopathy
DR1044.jpg,E:\Main project\Batch 15\dataset\diabetic_retinopathy\DR1044.jpg,diabetic_retinopathy
DR1045.jpg,E:\Main project\Batch 15\dataset\diabetic_retinopathy\DR1045.jpg,diabetic_retinopathy
DR1046.jpg,E:\Main project\Batch 15\dataset\diabetic_retinopathy\DR1046.jpg,diabetic_retinopathy
DR1047.jpg,E:\Main project\Batch 15\dataset\diabetic_retinopathy\DR1047.jpg,diabetic_retinopathy
DR1048.jpg,E:\Main project\Batch 15\dataset\diabetic_retinopathy\DR1048.jpg,diabetic_retinopathy
DR1049.jpg,E:\Main project\Batch 15\dataset\diabetic_retinopathy\DR1049.jpg,diabetic_retinopathy
DR105.jpg,E:\Main project\Batch 15\dataset\diabetic_retinopathy\DR105.jpg,diabetic_retinopathy
DR1051.jpg,E:\Main project\Batch 15\dataset\diabetic_retinopathy\DR1051.jpg,diabetic_retinopathy
DR1052.jpg,E:\Main project\Batch 15\dataset\diabetic_retinopathy\DR1052.jpg,diabetic_retinopathy
DR1053.jpg,E:\Main project\Batch 15\dataset\diabetic_retinopathy\DR1053.jpg,diabetic_retinopathy
DR1054.jpg,E:\Main project\Batch 15\dataset\diabetic_retinopathy\DR1054.jpg,diabetic_retinopathy
DR1055.jpg,E:\Main project\Batch 15\dataset\diabetic_retinopathy\DR1055.jpg,diabetic_retinopathy
DR1056.jpg,E:\Main project\Batch 15\dataset\diabetic_retinopathy\DR1056.jpg,diabetic_retinopathy
DR1057.jpg,E:\Main project\Batch 15\dataset\diabetic_retinopathy\DR1057.jpg,diabetic_retinopathy
DR1058.jpg,E:\Main project\Batch 15\dataset\diabetic_retinopathy\DR1058.jpg,diabetic_retinopathy
DR1059.jpg,E:\Main project\Batch 15\dataset\diabetic_retinopathy\DR1059.jpg,diabetic_retinopathy
DR106.jpg,E:\Main project\Batch 15\dataset\diabetic_retinopathy\DR106.jpg,diabetic_retinopathy
DR1060.jpg,E:\Main project\Batch 15\dataset\diabetic_retinopathy\DR1060.jpg,diabetic_retinopathy
DR1061.jpg,E:\Main project\Batch 15\dataset\diabetic_retinopathy\DR1061.jpg,diabetic_retinopathy
DR1062.jpg,E:\Main project\Batch 15\dataset\diabetic_retinopathy\DR1062.jpg,diabetic_retinopathy
DR1063.jpg,E:\Main project\Batch 15\dataset\diabetic_retinopathy\DR1063.jpg,diabetic_retinopathy
DR1064.jpg,E:\Main project\Batch 15\dataset\diabetic_retinopathy\DR1064.jpg,diabetic_retinopathy
DR1065.jpg,E:\Main project\Batch 15\dataset\diabetic_retinopathy\DR1065.jpg,diabetic_retinopathy
DR1066.jpg,E:\Main project\Batch 15\dataset\diabetic_retinopathy\DR1066.jpg,diabetic_retinopathy
DR1067.jpg,E:\Main project\Batch 15\dataset\diabetic_retinopathy\DR1067.jpg,diabetic_retinopathy
DR1068.jpg,E:\Main project\Batch 15\dataset\diabetic_retinopathy\DR1068.jpg,diabetic_retinopathy
DR1069.jpg,E:\Main project\Batch 15\dataset\diabetic_retinopathy\DR1069.jpg,diabetic_retinopathy
DR107.jpg,E:\Main project\Batch 15\dataset\diabetic_retinopathy\DR107.jpg,diabetic_retinopathy
DR1070.jpg,E:\Main project\Batch 15\dataset\diabetic_retinopathy\DR1070.jpg,diabetic_retinopathy
DR1071.jpg,E:\Main project\Batch 15\dataset\diabetic_retinopathy\DR1071.jpg,diabetic_retinopathy
DR1072.jpg,E:\Main project\Batch 15\dataset\diabetic_retinopathy\DR1072.jpg,diabetic_retinopathy
DR1073.jpg,E:\Main project\Batch 15\dataset\diabetic_retinopathy\DR1073.jpg,diabetic_retinopathy
DR1074.jpg,E:\Main project\Batch 15\dataset\diabetic_retinopathy\DR1074.jpg,diabetic_retinopathy
DR1075.jpg,E:\Main project\Batch 15\dataset\diabetic_retinopathy\DR1075.jpg,diabetic_retinopathy
DR1076.jpg,E:\Main project\Batch 15\dataset\diabetic_retinopathy\DR1076.jpg,diabetic_retinopathy
DR1077.jpg,E:\Main project\Batch 15\dataset\diabetic_retinopathy\DR1077.jpg,diabetic_retinopathy
DR1078.jpg,E:\Main project\Batch 15\dataset\diabetic_retinopathy\DR1078.jpg,diabetic_retinopathy
DR1079.jpg,E:\Main project\Batch 15\dataset\diabetic_retinopathy\DR1079.jpg,diabetic_retinopathy
DR108.jpg,E:\Main project\Batch 15\dataset\diabetic_retinopathy\DR108.jpg,diabetic_retinopathy
DR1080.jpg,E:\Main project\Batch 15\dataset\diabetic_retinopathy\DR1080.jpg,diabetic_retinopathy
DR1081.jpg,E:\Main project\Batch 15\dataset\diabetic_retinopathy\DR1081.jpg,diabetic_retinopathy
DR1082.jpg,E:\Main project\Batch 15\dataset\diabetic_retinopathy\DR1082.jpg,diabetic_retinopathy
DR1083.jpg,E:\Main project\Batch 15\dataset\diabetic_retinopathy\DR1083.jpg,diabetic_retinopathy
DR1084.jpg,E:\Main project\Batch 15\dataset\diabetic_retinopathy\DR1084.jpg,diabetic_retinopathy
DR1085.jpg,E:\Main project\Batch 15\dataset\diabetic_retinopathy\DR1085.jpg,diabetic_retinopathy
DR1086.jpg,E:\Main project\Batch 15\dataset\diabetic_retinopathy\DR1086.jpg,diabetic_retinopathy
DR1087.jpg,E:\Main project\Batch 15\dataset\diabetic_retinopathy\DR1087.jpg,diabetic_retinopathy
DR1088.jpg,E:\Main project\Batch 15\dataset\diabetic_retinopathy\DR1088.jpg,diabetic_retinopathy
DR1089.jpg,E:\Main project\Batch 15\dataset\diabetic_retinopathy\DR1089.jpg,diabetic_retinopathy
DR109.jpg,E:\Main project\Batch 15\dataset\diabetic_retinopathy\DR109.jpg,diabetic_retinopathy
DR1090.jpg,E:\Main project\Batch 15\dataset\diabetic_retinopathy\DR1090.jpg,diabetic_retinopathy
DR1091.jpg,E:\Main project\Batch 15\dataset\diabetic_retinopathy\DR1091.jpg,diabetic_retinopathy
DR1092.jpg,E:\Main project\Batch 15\dataset\diabetic_retinopathy\DR1092.jpg,diabetic_retinopathy
DR1093.jpg,E:\Main project\Batch 15\dataset\diabetic_retinopathy\DR1093.jpg,diabetic_retinopathy
DR1094.jpg,E:\Main project\Batch 15\dataset\diabetic_retinopathy\DR1094.jpg,diabetic_retinopathy
DR1095.jpg,E:\Main project\Batch 15\dataset\diabetic_retinopathy\DR1095.jpg,diabetic_retinopathy
DR1096.jpg,E:\Main project\Batch 15\dataset\diabetic_retinopathy\DR1096.jpg,diabetic_retinopathy
DR1097.jpg,E:\Main project\Batch 15\dataset\diabetic_retinopathy\DR1097.jpg,diabetic_retinopathy
DR1098.jpg,E:\Main project\Batch 15\dataset\diabetic_retinopathy\DR1098.jpg,diabetic_retinopathy
DR1099.jpg,E:\Main project\Batch 15\dataset\diabetic_retinopathy\DR1099.jpg,diabetic_retinopathy
DR11.jpg,E:\Main project\Batch 15\dataset\diabetic_retinopathy\DR11.jpg,diabetic_retinopathy
DR110.jpg,E:\Main project\Batch 15\dataset\diabetic_retinopathy\DR110.jpg,diabetic_retinopathy
DR1100.jpg,E:\Main project\Batch 15\dataset\diabetic_retinopathy\DR1100.jpg,diabetic_retinopathy
DR1102.jpg,E:\Main project\Batch 15\dataset\diabetic_retinopathy\DR1102.jpg,diabetic_retinopathy
DR1103.jpg,E:\Main project\Batch 15\dataset\diabetic_retinopathy\DR1103.jpg,diabetic_retinopathy
DR1104.jpg,E:\Main project\Batch 15\dataset\diabetic_retinopathy\DR1104.jpg,diabetic_retinopathy
DR1105.jpg,E:\Main project\Batch 15\dataset\diabetic_retinopathy\DR1105.jpg,diabetic_retinopathy
DR1106.jpg,E:\Main project\Batch 15\dataset\diabetic_retinopathy\DR1106.jpg,diabetic_retinopathy
DR1107.jpg,E:\Main project\Batch 15\dataset\diabetic_retinopathy\DR1107.jpg,diabetic_retinopathy
DR1108.jpg,E:\Main project\Batch 15\dataset\diabetic_retinopathy\DR1108.jpg,diabetic_retinopathy
DR1109.jpg,E:\Main project\Batch 15\dataset\diabetic_retinopathy\DR1109.jpg,diabetic_retinopathy
DR111.jpg,E:\Main project\Batch 15\dataset\diabetic_retinopathy\DR111.jpg,diabetic_retinopathy
DR1110.jpg,E:\Main project\Batch 15\dataset\diabetic_retinopathy\DR1110.jpg,diabetic_retinopathy
DR1111.jpg,E:\Main project\Batch 15\dataset\diabetic_retinopathy\DR1111.jpg,diabetic_retinopathy
DR1112.jpg,E:\Main project\Batch 15\dataset\diabetic_retinopathy\DR1112.jpg,diabetic_retinopathy
DR1113.jpg,E:\Main project\Batch 15\dataset\diabetic_retinopathy\DR1113.jpg,diabetic_retinopathy
DR1114.jpg,E:\Main project\Batch 15\dataset\diabetic_retinopathy\DR1114.jpg,diabetic_retinopathy
DR1115.jpg,E:\Main project\Batch 15\dataset\diabetic_retinopathy\DR1115.jpg,diabetic_retinopathy
DR1116.jpg,E:\Main project\Batch 15\dataset\diabetic_retinopathy\DR1116.jpg,diabetic_retinopathy
DR1117.jpg,E:\Main project\Batch 15\dataset\diabetic_retinopathy\DR1117.jpg,diabetic_retinopathy
DR1118.jpg,E:\Main project\Batch 15\dataset\diabetic_retinopathy\DR1118.jpg,diabetic_retinopathy
DR1119.jpg,E:\Main project\Batch 15\dataset\diabetic_retinopathy\DR1119.jpg,diabetic_retinopathy
DR112.jpg,E:\Main project\Batch 15\dataset\diabetic_retinopathy\DR112.jpg,diabetic_retinopathy
DR1120.jpg,E:\Main project\Batch 15\dataset\diabetic_retinopathy\DR1120.jpg,diabetic_retinopathy
DR1121.jpg,E:\Main project\Batch 15\dataset\diabetic_retinopathy\DR1121.jpg,diabetic_retinopathy
DR1122.jpg,E:\Main project\Batch 15\dataset\diabetic_retinopathy\DR1122.jpg,diabetic_retinopathy
DR1123.jpg,E:\Main project\Batch 15\dataset\diabetic_retinopathy\DR1123.jpg,diabetic_retinopathy
DR1124.jpg,E:\Main project\Batch 15\dataset\diabetic_retinopathy\DR1124.jpg,diabetic_retinopathy
DR1125.jpg,E:\Main project\Batch 15\dataset\diabetic_retinopathy\DR1125.jpg,diabetic_retinopathy
DR1126.jpg,E:\Main project\Batch 15\dataset\diabetic_retinopathy\DR1126.jpg,diabetic_retinopathy
DR1127.jpg,E:\Main project\Batch 15\dataset\diabetic_retinopathy\DR1127.jpg,diabetic_retinopathy
DR1128.jpg,E:\Main project\Batch 15\dataset\diabetic_retinopathy\DR1128.jpg,diabetic_retinopathy
DR1129.jpg,E:\Main project\Batch 15\dataset\diabetic_retinopathy\DR1129.jpg,diabetic_retinopathy
DR113.jpg,E:\Main project\Batch 15\dataset\diabetic_retinopathy\DR113.jpg,diabetic_retinopathy
DR1130.jpg,E:\Main project\Batch 15\dataset\diabetic_retinopathy\DR1130.jpg,diabetic_retinopathy
DR1131.jpg,E:\Main project\Batch 15\dataset\diabetic_retinopathy\DR1131.jpg,diabetic_retinopathy
DR1132.jpg,E:\Main project\Batch 15\dataset\diabetic_retinopathy\DR1132.jpg,diabetic_retinopathy
DR1133.jpg,E:\Main project\Batch 15\dataset\diabetic_retinopathy\DR1133.jpg,diabetic_retinopathy
DR1134.jpg,E:\Main project\Batch 15\dataset\diabetic_retinopathy\DR1134.jpg,diabetic_retinopathy
DR1135.jpg,E:\Main project\Batch 15\dataset\diabetic_retinopathy\DR1135.jpg,diabetic_retinopathy
DR1136.jpg,E:\Main project\Batch 15\dataset\diabetic_retinopathy\DR1136.jpg,diabetic_retinopathy
DR1137.jpg,E:\Main project\Batch 15\dataset\diabetic_retinopathy\DR1137.jpg,diabetic_retinopathy
DR1138.jpg,E:\Main project\Batch 15\dataset\diabetic_retinopathy\DR1138.jpg,diabetic_retinopathy
DR1139.jpg,E:\Main project\Batch 15\dataset\diabetic_retinopathy\DR1139.jpg,diabetic_retinopathy
DR114.jpg,E:\Main project\Batch 15\dataset\diabetic_retinopathy\DR114.jpg,diabetic_retinopathy
DR1140.jpg,E:\Main project\Batch 15\dataset\diabetic_retinopathy\DR1140.jpg,diabetic_retinopathy
DR1141.jpg,E:\Main project\Batch 15\dataset\diabetic_retinopathy\DR1141.jpg,diabetic_retinopathy
DR1142.jpg,E:\Main project\Batch 15\dataset\diabetic_retinopathy\DR1142.jpg,diabetic_retinopathy
DR1143.jpg,E:\Main project\Batch 15\dataset\diabetic_retinopathy\DR1143.jpg,diabetic_retinopathy
DR1144.jpg,E:\Main project\Batch 15\dataset\diabetic_retinopathy\DR1144.jpg,diabetic_retinopathy
DR1145.jpg,E:\Main project\Batch 15\dataset\diabetic_retinopathy\DR1145.jpg,diabetic_retinopathy
DR1146.jpg,E:\Main project\Batch 15\dataset\diabetic_retinopathy\DR1146.jpg,diabetic_retinopathy
DR1147.jpg,E:\Main project\Batch 15\dataset\diabetic_retinopathy\DR1147.jpg,diabetic_retinopathy
DR1148.jpg,E:\Main project\Batch 15\dataset\diabetic_retinopathy\DR1148.jpg,diabetic_retinopathy
DR1149.jpg,E:\Main project\Batch 15\dataset\diabetic_retinopathy\DR1149.jpg,diabetic_retinopathy
DR115.jpg,E:\Main project\Batch 15\dataset\diabetic_retinopathy\DR115.jpg,diabetic_retinopathy
DR1151.jpg,E:\Main project\Batch 15\dataset\diabetic_retinopathy\DR1151.jpg,diabetic_retinopathy
DR1152.jpg,E:\Main project\Batch 15\dataset\diabetic_retinopathy\DR1152.jpg,diabetic_retinopathy
DR1153.jpg,E:\Main project\Batch 15\dataset\diabetic_retinopathy\DR1153.jpg,diabetic_retinopathy
DR1154.jpg,E:\Main project\Batch 15\dataset\diabetic_retinopathy\DR1154.jpg,diabetic_retinopathy
DR1155.jpg,E:\Main project\Batch 15\dataset\diabetic_retinopathy\DR1155.jpg,diabetic_retinopathy
DR1156.jpg,E:\Main project\Batch 15\dataset\diabetic_retinopathy\DR1156.jpg,diabetic_retinopathy
DR1157.jpg,E:\Main project\Batch 15\dataset\diabetic_retinopathy\DR1157.jpg,diabetic_retinopathy
DR1158.jpg,E:\Main project\Batch 15\dataset\diabetic_retinopathy\DR1158.jpg,diabetic_retinopathy
DR1159.jpg,E:\Main project\Batch 15\dataset\diabetic_retinopathy\DR1159.jpg,diabetic_retinopathy
DR116.jpg,E:\Main project\Batch 15\dataset\diabetic_retinopathy\DR116.jpg,diabetic_retinopathy
DR1160.jpg,E:\Main project\Batch 15\dataset\diabetic_retinopathy\DR1160.jpg,diabetic_retinopathy
DR1161.jpg,E:\Main project\Batch 15\dataset\diabetic_retinopathy\DR1161.jpg,diabetic_retinopathy
DR1162.jpg,E:\Main project\Batch 15\dataset\diabetic_retinopathy\DR1162.jpg,diabetic_retinopathy
DR1163.jpg,E:\Main project\Batch 15\dataset\diabetic_retinopathy\DR1163.jpg,diabetic_retinopathy
DR1164.jpg,E:\Main project\Batch 15\dataset\diabetic_retinopathy\DR1164.jpg,diabetic_retinopathy
DR1165.jpg,E:\Main project\Batch 15\dataset\diabetic_retinopathy\DR1165.jpg,diabetic_retinopathy
DR1166.jpg,E:\Main project\Batch 15\dataset\diabetic_retinopathy\DR1166.jpg,diabetic_retinopathy
DR1167.jpg,E:\Main project\Batch 15\dataset\diabetic_retinopathy\DR1167.jpg,diabetic_retinopathy
DR1168.jpg,E:\Main project\Batch 15\dataset\diabetic_retinopathy\DR1168.jpg,diabetic_retinopathy
DR1169.jpg,E:\Main project\Batch 15\dataset\diabetic_retinopathy\DR1169.jpg,diabetic_retinopathy
DR117.jpg,E:\Main project\Batch 15\dataset\diabetic_retinopathy\DR117.jpg,diabetic_retinopathy
DR1170.jpg,E:\Main project\Batch 15\dataset\diabetic_retinopathy\DR1170.jpg,diabetic_retinopathy
DR1171.jpg,E:\Main project\Batch 15\dataset\diabetic_retinopathy\DR1171.jpg,diabetic_retinopathy
DR1172.jpg,E:\Main project\Batch 15\dataset\diabetic_retinopathy\DR1172.jpg,diabetic_retinopathy
DR1173.jpg,E:\Main project\Batch 15\dataset\diabetic_retinopathy\DR1173.jpg,diabetic_retinopathy
DR1174.jpg,E:\Main project\Batch 15\dataset\diabetic_retinopathy\DR1174.jpg,diabetic_retinopathy
DR1175.jpg,E:\Main project\Batch 15\dataset\diabetic_retinopathy\DR1175.jpg,diabetic_retinopathy
DR1176.jpg,E:\Main project\Batch 15\dataset\diabetic_retinopathy\DR1176.jpg,diabetic_retinopathy
DR1177.jpg,E:\Main project\Batch 15\dataset\diabetic_retinopathy\DR1177.jpg,diabetic_retinopathy
DR1178.jpg,E:\Main project\Batch 15\dataset\diabetic_retinopathy\DR1178.jpg,diabetic_retinopathy
DR118.jpg,E:\Main project\Batch 15\dataset\diabetic_retinopathy\DR118.jpg,diabetic_retinopathy
DR1180.jpg,E:\Main project\Batch 15\dataset\diabetic_retinopathy\DR1180.jpg,diabetic_retinopathy
DR1181.jpg,E:\Main project\Batch 15\dataset\diabetic_retinopathy\DR1181.jpg,diabetic_retinopathy
DR1182.jpg,E:\Main project\Batch 15\dataset\diabetic_retinopathy\DR1182.jpg,diabetic_retinopathy
DR1183.jpg,E:\Main project\Batch 15\dataset\diabetic_retinopathy\DR1183.jpg,diabetic_retinopathy
DR1184.jpg,E:\Main project\Batch 15\dataset\diabetic_retinopathy\DR1184.jpg,diabetic_retinopathy
DR1185.jpg,E:\Main project\Batch 15\dataset\diabetic_retinopathy\DR1185.jpg,diabetic_retinopathy
DR1186.jpg,E:\Main project\Batch 15\dataset\diabetic_retinopathy\DR1186.jpg,diabetic_retinopathy
DR1187.jpg,E:\Main project\Batch 15\dataset\diabetic_retinopathy\DR1187.jpg,diabetic_retinopathy
DR1188.jpg,E:\Main project\Batch 15\dataset\diabetic_retinopathy\DR1188.jpg,diabetic_retinopathy
DR1189.jpg,E:\Main project\Batch 15\dataset\diabetic_retinopathy\DR1189.jpg,diabetic_retinopathy
DR119.jpg,E:\Main project\Batch 15\dataset\diabetic_retinopathy\DR119.jpg,diabetic_retinopathy
DR1190.jpg,E:\Main project\Batch 15\dataset\diabetic_retinopathy\DR1190.jpg,diabetic_retinopathy
DR1191.jpg,E:\Main project\Batch 15\dataset\diabetic_retinopathy\DR1191.jpg,diabetic_retinopathy
DR1192.jpg,E:\Main project\Batch 15\dataset\diabetic_retinopathy\DR1192.jpg,diabetic_retinopathy
DR1193.jpg,E:\Main project\Batch 15\dataset\diabetic_retinopathy\DR1193.jpg,diabetic_retinopathy
DR1194.jpg,E:\Main project\Batch 15\dataset\diabetic_retinopathy\DR1194.jpg,diabetic_retinopathy
DR1195.jpg,E:\Main project\Batch 15\dataset\diabetic_retinopathy\DR1195.jpg,diabetic_retinopathy
DR1196.jpg,E:\Main project\Batch 15\dataset\diabetic_retinopathy\DR1196.jpg,diabetic_retinopathy
DR1197.jpg,E:\Main project\Batch 15\dataset\diabetic_retinopathy\DR1197.jpg,diabetic_retinopathy
DR1198.jpg,E:\Main project\Batch 15\dataset\diabetic_retinopathy\DR1198.jpg,diabetic_retinopathy
DR1199.jpg,E:\Main project\Batch 15\dataset\diabetic_retinopathy\DR1199.jpg,diabetic_retinopathy
DR12.jpg,E:\Main project\Batch 15\dataset\diabetic_retinopathy\DR12.jpg,diabetic_retinopathy
DR120.jpg,E:\Main project\Batch 15\dataset\diabetic_retinopathy\DR120.jpg,diabetic_retinopathy
DR1200.jpg,E:\Main project\Batch 15\dataset\diabetic_retinopathy\DR1200.jpg,diabetic_retinopathy
DR1201.jpg,E:\Main project\Batch 15\dataset\diabetic_retinopathy\DR1201.jpg,diabetic_retinopathy
DR1202.jpg,E:\Main project\Batch 15\dataset\diabetic_retinopathy\DR1202.jpg,diabetic_retinopathy
DR1203.jpg,E:\Main project\Batch 15\dataset\diabetic_retinopathy\DR1203.jpg,diabetic_retinopathy
DR1204.jpg,E:\Main project\Batch 15\dataset\diabetic_retinopathy\DR1204.jpg,diabetic_retinopathy
DR1205.jpg,E:\Main project\Batch 15\dataset\diabetic_retinopathy\DR1205.jpg,diabetic_retinopathy
DR1206.jpg,E:\Main project\Batch 15\dataset\diabetic_retinopathy\DR1206.jpg,diabetic_retinopathy
DR1207.jpg,E:\Main project\Batch 15\dataset\diabetic_retinopathy\DR1207.jpg,diabetic_retinopathy
DR1208.jpg,E:\Main project\Batch 15\dataset\diabetic_retinopathy\DR1208.jpg,diabetic_retinopathy
DR1209.jpg,E:\Main project\Batch 15\dataset\diabetic_retinopathy\DR1209.jpg,diabetic_retinopathy
DR121.jpg,E:\Main project\Batch 15\dataset\diabetic_retinopathy\DR121.jpg,diabetic_retinopathy
DR1210.jpg,E:\Main project\Batch 15\dataset\diabetic_retinopathy\DR1210.jpg,diabetic_retinopathy
DR1211.jpg,E:\Main project\Batch 15\dataset\diabetic_retinopathy\DR1211.jpg,diabetic_retinopathy
DR1212.jpg,E:\Main project\Batch 15\dataset\diabetic_retinopathy\DR1212.jpg,diabetic_retinopathy
DR1213.jpg,E:\Main project\Batch 15\dataset\diabetic_retinopathy\DR1213.jpg,diabetic_retinopathy
DR1214.jpg,E:\Main project\Batch 15\dataset\diabetic_retinopathy\DR1214.jpg,diabetic_retinopathy
DR1215.jpg,E:\Main project\Batch 15\dataset\diabetic_retinopathy\DR1215.jpg,diabetic_retinopathy
DR1216.jpg,E:\Main project\Batch 15\dataset\diabetic_retinopathy\DR1216.jpg,diabetic_retinopathy
DR1217.jpg,E:\Main project\Batch 15\dataset\diabetic_retinopathy\DR1217.jpg,diabetic_retinopathy
DR1218.jpg,E:\Main project\Batch 15\dataset\diabetic_retinopathy\DR1218.jpg,diabetic_retinopathy
DR1219.jpg,E:\Main project\Batch 15\dataset\diabetic_retinopathy\DR1219.jpg,diabetic_retinopathy
DR122.jpg,E:\Main project\Batch 15\dataset\diabetic_retinopathy\DR122.jpg,diabetic_retinopathy
DR1220.jpg,E:\Main project\Batch 15\dataset\diabetic_retinopathy\DR1220.jpg,diabetic_retinopathy
DR1221.jpg,E:\Main project\Batch 15\dataset\diabetic_retinopathy\DR1221.jpg,diabetic_retinopathy
DR1222.jpg,E:\Main project\Batch 15\dataset\diabetic_retinopathy\DR1222.jpg,diabetic_retinopathy
DR1223.jpg,E:\Main project\Batch 15\dataset\diabetic_retinopathy\DR1223.jpg,diabetic_retinopathy
DR1224.jpg,E:\Main project\Batch 15\dataset\diabetic_retinopathy\DR1224.jpg,diabetic_retinopathy
DR1225.jpg,E:\Main project\Batch 15\dataset\diabetic_retinopathy\DR1225.jpg,diabetic_retinopathy
DR1226.jpg,E:\Main project\Batch 15\dataset\diabetic_retinopathy\DR1226.jpg,diabetic_retinopathy
DR1227.jpg,E:\Main project\Batch 15\dataset\diabetic_retinopathy\DR1227.jpg,diabetic_retinopathy
DR1228.jpg,E:\Main project\Batch 15\dataset\diabetic_retinopathy\DR1228.jpg,diabetic_retinopathy
DR1229.jpg,E:\Main project\Batch 15\dataset\diabetic_retinopathy\DR1229.jpg,diabetic_retinopathy
DR123.jpg,E:\Main project\Batch 15\dataset\diabetic_retinopathy\DR123.jpg,diabetic_retinopathy
DR1231.jpg,E:\Main project\Batch 15\dataset\diabetic_retinopathy\DR1231.jpg,diabetic_retinopathy
DR1232.jpg,E:\Main project\Batch 15\dataset\diabetic_retinopathy\DR1232.jpg,diabetic_retinopathy
DR1233.jpg,E:\Main project\Batch 15\dataset\diabetic_retinopathy\DR1233.jpg,diabetic_retinopathy
DR1234.jpg,E:\Main project\Batch 15\dataset\diabetic_retinopathy\DR1234.jpg,diabetic_retinopathy
DR1235.jpg,E:\Main project\Batch 15\dataset\diabetic_retinopathy\DR1235.jpg,diabetic_retinopathy
DR1236.jpg,E:\Main project\Batch 15\dataset\diabetic_retinopathy\DR1236.jpg,diabetic_retinopathy
DR1237.jpg,E:\Main project\Batch 15\dataset\diabetic_retinopathy\DR1237.jpg,diabetic_retinopathy
DR1238.jpg,E:\Main project\Batch 15\dataset\diabetic_retinopathy\DR1238.jpg,diabetic_retinopathy
DR1239.jpg,E:\Main project\Batch 15\dataset\diabetic_retinopathy\DR1239.jpg,diabetic_retinopathy
DR124.jpg,E:\Main project\Batch 15\dataset\diabetic_retinopathy\DR124.jpg,diabetic_retinopathy
DR1240.jpg,E:\Main project\Batch 15\dataset\diabetic_retinopathy\DR1240.jpg,diabetic_retinopathy
DR1241.jpg,E:\Main project\Batch 15\dataset\diabetic_retinopathy\DR1241.jpg,diabetic_retinopathy
DR1242.jpg,E:\Main project\Batch 15\dataset\diabetic_retinopathy\DR1242.jpg,diabetic_retinopathy
DR1243.jpg,E:\Main project\Batch 15\dataset\diabetic_retinopathy\DR1243.jpg,diabetic_retinopathy
DR1244.jpg,E:\Main project\Batch 15\dataset\diabetic_retinopathy\DR1244.jpg,diabetic_retinopathy
DR1245.jpg,E:\Main project\Batch 15\dataset\diabetic_retinopathy\DR1245.jpg,diabetic_retinopathy
DR1246.jpg,E:\Main project\Batch 15\dataset\diabetic_retinopathy\DR1246.jpg,diabetic_retinopathy
DR1247.jpg,E:\Main project\Batch 15\dataset\diabetic_retinopathy\DR1247.jpg,diabetic_retinopathy
DR1248.jpg,E:\Main project\Batch 15\dataset\diabetic_retinopathy\DR1248.jpg,diabetic_retinopathy
DR1249.jpg,E:\Main project\Batch 15\dataset\diabetic_retinopathy\DR1249.jpg,diabetic_retinopathy
DR125.jpg,E:\Main project\Batch 15\dataset\diabetic_retinopathy\DR125.jpg,diabetic_retinopathy
DR1250.jpg,E:\Main project\Batch 15\dataset\diabetic_retinopathy\DR1250.jpg,diabetic_retinopathy
DR1251.jpg,E:\Main project\Batch 15\dataset\diabetic_retinopathy\DR1251.jpg,diabetic_retinopathy
DR1252.jpg,E:\Main project\Batch 15\dataset\diabetic_retinopathy\DR1252.jpg,diabetic_retinopathy
DR1253.jpg,E:\Main project\Batch 15\dataset\diabetic_retinopathy\DR1253.jpg,diabetic_retinopathy
DR1254.jpg,E:\Main project\Batch 15\dataset\diabetic_retinopathy\DR1254.jpg,diabetic_retinopathy
DR1255.jpg,E:\Main project\Batch 15\dataset\diabetic_retinopathy\DR1255.jpg,diabetic_retinopathy
DR1256.jpg,E:\Main project\Batch 15\dataset\diabetic_retinopathy\DR1256.jpg,diabetic_retinopathy
DR1257.jpg,E:\Main project\Batch 15\dataset\diabetic_retinopathy\DR1257.jpg,diabetic_retinopathy
DR1258.jpg,E:\Main project\Batch 15\dataset\diabetic_retinopathy\DR1258.jpg,diabetic_retinopathy
DR1259.jpg,E:\Main project\Batch 15\dataset\diabetic_retinopathy\DR1259.jpg,diabetic_retinopathy
DR126.jpg,E:\Main project\Batch 15\dataset\diabetic_retinopathy\DR126.jpg,diabetic_retinopathy
DR1260.jpg,E:\Main project\Batch 15\dataset\diabetic_retinopathy\DR1260.jpg,diabetic_retinopathy
DR1261.jpg,E:\Main project\Batch 15\dataset\diabetic_retinopathy\DR1261.jpg,diabetic_retinopathy
DR1262.jpg,E:\Main project\Batch 15\dataset\diabetic_retinopathy\DR1262.jpg,diabetic_retinopathy
DR1263.jpg,E:\Main project\Batch 15\dataset\diabetic_retinopathy\DR1263.jpg,diabetic_retinopathy
DR1264.jpg,E:\Main project\Batch 15\dataset\diabetic_retinopathy\DR1264.jpg,diabetic_retinopathy
DR1265.jpg,E:\Main project\Batch 15\dataset\diabetic_retinopathy\DR1265.jpg,diabetic_retinopathy
DR1266.jpg,E:\Main project\Batch 15\dataset\diabetic_retinopathy\DR1266.jpg,diabetic_retinopathy
DR1267.jpg,E:\Main project\Batch 15\dataset\diabetic_retinopathy\DR1267.jpg,diabetic_retinopathy
DR1268.jpg,E:\Main project\Batch 15\dataset\diabetic_retinopathy\DR1268.jpg,diabetic_retinopathy
DR1269.jpg,E:\Main project\Batch 15\dataset\diabetic_retinopathy\DR1269.jpg,diabetic_retinopathy
DR127.jpg,E:\Main project\Batch 15\dataset\diabetic_retinopathy\DR127.jpg,diabetic_retinopathy
DR1270.jpg,E:\Main project\Batch 15\dataset\diabetic_retinopathy\DR1270.jpg,diabetic_retinopathy
DR1271.jpg,E:\Main project\Batch 15\dataset\diabetic_retinopathy\DR1271.jpg,diabetic_retinopathy
DR1272.jpg,E:\Main project\Batch 15\dataset\diabetic_retinopathy\DR1272.jpg,diabetic_retinopathy
DR1273.jpg,E:\Main project\Batch 15\dataset\diabetic_retinopathy\DR1273.jpg,diabetic_retinopathy
DR1274.jpg,E:\Main project\Batch 15\dataset\diabetic_retinopathy\DR1274.jpg,diabetic_retinopathy
DR1275.jpg,E:\Main project\Batch 15\dataset\diabetic_retinopathy\DR1275.jpg,diabetic_retinopathy
DR1276.jpg,E:\Main project\Batch 15\dataset\diabetic_retinopathy\DR1276.jpg,diabetic_retinopathy
DR1277.jpg,E:\Main project\Batch 15\dataset\diabetic_retinopathy\DR1277.jpg,diabetic_retinopathy
DR1278.jpg,E:\Main project\Batch 15\dataset\diabetic_retinopathy\DR1278.jpg,diabetic_retinopathy
DR1279.jpg,E:\Main project\Batch 15\dataset\diabetic_retinopathy\DR1279.jpg,diabetic_retinopathy
DR128.jpg,E:\Main project\Batch 15\dataset\diabetic_retinopathy\DR128.jpg,diabetic_retinopathy
DR1280.jpg,E:\Main project\Batch 15\dataset\diabetic_retinopathy\DR1280.jpg,diabetic_retinopathy
DR1281.jpg,E:\Main project\Batch 15\dataset\diabetic_retinopathy\DR1281.jpg,diabetic_retinopathy
DR1282.jpg,E:\Main project\Batch 15\dataset\diabetic_retinopathy\DR1282.jpg,diabetic_retinopathy
DR1283.jpg,E:\Main project\Batch 15\dataset\diabetic_retinopathy\DR1283.jpg,diabetic_retinopathy
DR1284.jpg,E:\Main project\Batch 15\dataset\diabetic_retinopathy\DR1284.jpg,diabetic_retinopathy
DR1285.jpg,E:\Main project\Batch 15\dataset\diabetic_retinopathy\DR1285.jpg,diabetic_retinopathy
DR1286.jpg,E:\Main project\Batch 15\dataset\diabetic_retinopathy\DR1286.jpg,diabetic_retinopathy
DR1287.jpg,E:\Main project\Batch 15\dataset\diabetic_retinopathy\DR1287.jpg,diabetic_retinopathy
DR1288.jpg,E:\Main project\Batch 15\dataset\diabetic_retinopathy\DR1288.jpg,diabetic_retinopathy
DR1289.jpg,E:\Main project\Batch 15\dataset\diabetic_retinopathy\DR1289.jpg,diabetic_retinopathy
DR129.jpg,E:\Main project\Batch 15\dataset\diabetic_retinopathy\DR129.jpg,diabetic_retinopathy
DR1290.jpg,E:\Main project\Batch 15\dataset\diabetic_retinopathy\DR1290.jpg,diabetic_retinopathy
DR1291.jpg,E:\Main project\Batch 15\dataset\diabetic_retinopathy\DR1291.jpg,diabetic_retinopathy
DR1292.jpg,E:\Main project\Batch 15\dataset\diabetic_retinopathy\DR1292.jpg,diabetic_retinopathy
DR1293.jpg,E:\Main project\Batch 15\dataset\diabetic_retinopathy\DR1293.jpg,diabetic_retinopathy
DR1294.jpg,E:\Main project\Batch 15\dataset\diabetic_retinopathy\DR1294.jpg,diabetic_retinopathy
DR1295.jpg,E:\Main project\Batch 15\dataset\diabetic_retinopathy\DR1295.jpg,diabetic_retinopathy
DR1296.jpg,E:\Main project\Batch 15\dataset\diabetic_retinopathy\DR1296.jpg,diabetic_retinopathy
DR1297.jpg,E:\Main project\Batch 15\dataset\diabetic_retinopathy\DR1297.jpg,diabetic_retinopathy
DR1298.jpg,E:\Main project\Batch 15\dataset\diabetic_retinopathy\DR1298.jpg,diabetic_retinopathy
DR1299.jpg,E:\Main project\Batch 15\dataset\diabetic_retinopathy\DR1299.jpg,diabetic_retinopathy
DR13.jpg,E:\Main project\Batch 15\dataset\diabetic_retinopathy\DR13.jpg,diabetic_retinopathy
DR130.jpg,E:\Main project\Batch 15\dataset\diabetic_retinopathy\DR130.jpg,diabetic_retinopathy
DR1300.jpg,E:\Main project\Batch 15\dataset\diabetic_retinopathy\DR1300.jpg,diabetic_retinopathy
DR1301.jpg,E:\Main project\Batch 15\dataset\diabetic_retinopathy\DR1301.jpg,diabetic_retinopathy
DR1302.jpg,E:\Main project\Batch 15\dataset\diabetic_retinopathy\DR1302.jpg,diabetic_retinopathy
DR1303.jpg,E:\Main project\Batch 15\dataset\diabetic_retinopathy\DR1303.jpg,diabetic_retinopathy
DR1304.jpg,E:\Main project\Batch 15\dataset\diabetic_retinopathy\DR1304.jpg,diabetic_retinopathy
DR1305.jpg,E:\Main project\Batch 15\dataset\diabetic_retinopathy\DR1305.jpg,diabetic_retinopathy
DR1306.jpg,E:\Main project\Batch 15\dataset\diabetic_retinopathy\DR1306.jpg,diabetic_retinopathy
DR1307.jpg,E:\Main project\Batch 15\dataset\diabetic_retinopathy\DR1307.jpg,diabetic_retinopathy
DR1308.jpg,E:\Main project\Batch 15\dataset\diabetic_retinopathy\DR1308.jpg,diabetic_retinopathy
DR1309.jpg,E:\Main project\Batch 15\dataset\diabetic_retinopathy\DR1309.jpg,diabetic_retinopathy
DR131.jpg,E:\Main project\Batch 15\dataset\diabetic_retinopathy\DR131.jpg,diabetic_retinopathy
DR1310.jpg,E:\Main project\Batch 15\dataset\diabetic_retinopathy\DR1310.jpg,diabetic_retinopathy
DR1311.jpg,E:\Main project\Batch 15\dataset\diabetic_retinopathy\DR1311.jpg,diabetic_retinopathy
DR1312.jpg,E:\Main project\Batch 15\dataset\diabetic_retinopathy\DR1312.jpg,diabetic_retinopathy
DR1313.jpg,E:\Main project\Batch 15\dataset\diabetic_retinopathy\DR1313.jpg,diabetic_retinopathy
DR1314.jpg,E:\Main project\Batch 15\dataset\diabetic_retinopathy\DR1314.jpg,diabetic_retinopathy
DR1315.jpg,E:\Main project\Batch 15\dataset\diabetic_retinopathy\DR1315.jpg,diabetic_retinopathy
DR1316.jpg,E:\Main project\Batch 15\dataset\diabetic_retinopathy\DR1316.jpg,diabetic_retinopathy
DR1317.jpg,E:\Main project\Batch 15\dataset\diabetic_retinopathy\DR1317.jpg,diabetic_retinopathy
DR1318.jpg,E:\Main project\Batch 15\dataset\diabetic_retinopathy\DR1318.jpg,diabetic_retinopathy
DR1319.jpg,E:\Main project\Batch 15\dataset\diabetic_retinopathy\DR1319.jpg,diabetic_retinopathy
DR132.jpg,E:\Main project\Batch 15\dataset\diabetic_retinopathy\DR132.jpg,diabetic_retinopathy
DR1320.jpg,E:\Main project\Batch 15\dataset\diabetic_retinopathy\DR1320.jpg,diabetic_retinopathy
DR1321.jpg,E:\Main project\Batch 15\dataset\diabetic_retinopathy\DR1321.jpg,diabetic_retinopathy
DR1322.jpg,E:\Main project\Batch 15\dataset\diabetic_retinopathy\DR1322.jpg,diabetic_retinopathy
DR1323.jpg,E:\Main project\Batch 15\dataset\diabetic_retinopathy\DR1323.jpg,diabetic_retinopathy
DR1324.jpg,E:\Main project\Batch 15\dataset\diabetic_retinopathy\DR1324.jpg,diabetic_retinopathy
DR1325.jpg,E:\Main project\Batch 15\dataset\diabetic_retinopathy\DR1325.jpg,diabetic_retinopathy
DR1326.jpg,E:\Main project\Batch 15\dataset\diabetic_retinopathy\DR1326.jpg,diabetic_retinopathy
DR1327.jpg,E:\Main project\Batch 15\dataset\diabetic_retinopathy\DR1327.jpg,diabetic_retinopathy
DR1328.jpg,E:\Main project\Batch 15\dataset\diabetic_retinopathy\DR1328.jpg,diabetic_retinopathy
DR1329.jpg,E:\Main project\Batch 15\dataset\diabetic_retinopathy\DR1329.jpg,diabetic_retinopathy
DR133.jpg,E:\Main project\Batch 15\dataset\diabetic_retinopathy\DR133.jpg,diabetic_retinopathy
DR1330.jpg,E:\Main project\Batch 15\dataset\diabetic_retinopathy\DR1330.jpg,diabetic_retinopathy
DR1331.jpg,E:\Main project\Batch 15\dataset\diabetic_retinopathy\DR1331.jpg,diabetic_retinopathy
DR1332.jpg,E:\Main project\Batch 15\dataset\diabetic_retinopathy\DR1332.jpg,diabetic_retinopathy
DR1333.jpg,E:\Main project\Batch 15\dataset\diabetic_retinopathy\DR1333.jpg,diabetic_retinopathy
DR1334.jpg,E:\Main project\Batch 15\dataset\diabetic_retinopathy\DR1334.jpg,diabetic_retinopathy
DR1335.jpg,E:\Main project\Batch 15\dataset\diabetic_retinopathy\DR1335.jpg,diabetic_retinopathy
DR1336.jpg,E:\Main project\Batch 15\dataset\diabetic_retinopathy\DR1336.jpg,diabetic_retinopathy
DR1337.jpg,E:\Main project\Batch 15\dataset\diabetic_retinopathy\DR1337.jpg,diabetic_retinopathy
DR1338.jpg,E:\Main project\Batch 15\dataset\diabetic_retinopathy\DR1338.jpg,diabetic_retinopathy
DR1339.jpg,E:\Main project\Batch 15\dataset\diabetic_retinopathy\DR1339.jpg,diabetic_retinopathy
DR134.jpg,E:\Main project\Batch 15\dataset\diabetic_retinopathy\DR134.jpg,diabetic_retinopathy
DR1341.jpg,E:\Main project\Batch 15\dataset\diabetic_retinopathy\DR1341.jpg,diabetic_retinopathy
DR1342.jpg,E:\Main project\Batch 15\dataset\diabetic_retinopathy\DR1342.jpg,diabetic_retinopathy
DR1343.jpg,E:\Main project\Batch 15\dataset\diabetic_retinopathy\DR1343.jpg,diabetic_retinopathy
DR1344.jpg,E:\Main project\Batch 15\dataset\diabetic_retinopathy\DR1344.jpg,diabetic_retinopathy
DR1345.jpg,E:\Main project\Batch 15\dataset\diabetic_retinopathy\DR1345.jpg,diabetic_retinopathy
DR1346.jpg,E:\Main project\Batch 15\dataset\diabetic_retinopathy\DR1346.jpg,diabetic_retinopathy
DR1347.jpg,E:\Main project\Batch 15\dataset\diabetic_retinopathy\DR1347.jpg,diabetic_retinopathy
DR1348.jpg,E:\Main project\Batch 15\dataset\diabetic_retinopathy\DR1348.jpg,diabetic_retinopathy
DR1349.jpg,E:\Main project\Batch 15\dataset\diabetic_retinopathy\DR1349.jpg,diabetic_retinopathy
DR135.jpg,E:\Main project\Batch 15\dataset\diabetic_retinopathy\DR135.jpg,diabetic_retinopathy
DR1350.jpg,E:\Main project\Batch 15\dataset\diabetic_retinopathy\DR1350.jpg,diabetic_retinopathy
DR1351.jpg,E:\Main project\Batch 15\dataset\diabetic_retinopathy\DR1351.jpg,diabetic_retinopathy
DR1352.jpg,E:\Main project\Batch 15\dataset\diabetic_retinopathy\DR1352.jpg,diabetic_retinopathy
DR1353.jpg,E:\Main project\Batch 15\dataset\diabetic_retinopathy\DR1353.jpg,diabetic_retinopathy
DR1354.jpg,E:\Main project\Batch 15\dataset\diabetic_retinopathy\DR1354.jpg,diabetic_retinopathy
DR1355.jpg,E:\Main project\Batch 15\dataset\diabetic_retinopathy\DR1355.jpg,diabetic_retinopathy
DR1356.jpg,E:\Main project\Batch 15\dataset\diabetic_retinopathy\DR1356.jpg,diabetic_retinopathy
DR1357.jpg,E:\Main project\Batch 15\dataset\diabetic_retinopathy\DR1357.jpg,diabetic_retinopathy
DR1358.jpg,E:\Main project\Batch 15\dataset\diabetic_retinopathy\DR1358.jpg,diabetic_retinopathy
DR1359.jpg,E:\Main project\Batch 15\dataset\diabetic_retinopathy\DR1359.jpg,diabetic_retinopathy
DR136.jpg,E:\Main project\Batch 15\dataset\diabetic_retinopathy\DR136.jpg,diabetic_retinopathy
DR1360.jpg,E:\Main project\Batch 15\dataset\diabetic_retinopathy\DR1360.jpg,diabetic_retinopathy
DR1361.jpg,E:\Main project\Batch 15\dataset\diabetic_retinopathy\DR1361.jpg,diabetic_retinopathy
DR1362.jpg,E:\Main project\Batch 15\dataset\diabetic_retinopathy\DR1362.jpg,diabetic_retinopathy
DR1363.jpg,E:\Main project\Batch 15\dataset\diabetic_retinopathy\DR1363.jpg,diabetic_retinopathy
DR1364.jpg,E:\Main project\Batch 15\dataset\diabetic_retinopathy\DR1364.jpg,diabetic_retinopathy
DR1365.jpg,E:\Main project\Batch 15\dataset\diabetic_retinopathy\DR1365.jpg,diabetic_retinopathy
DR1366.jpg,E:\Main project\Batch 15\dataset\diabetic_retinopathy\DR1366.jpg,diabetic_retinopathy
DR1367.jpg,E:\Main project\Batch 15\dataset\diabetic_retinopathy\DR1367.jpg,diabetic_retinopathy
DR1368.jpg,E:\Main project\Batch 15\dataset\diabetic_retinopathy\DR1368.jpg,diabetic_retinopathy
DR1369.jpg,E:\Main project\Batch 15\dataset\diabetic_retinopathy\DR1369.jpg,diabetic_retinopathy
DR137.jpg,E:\Main project\Batch 15\dataset\diabetic_retinopathy\DR137.jpg,diabetic_retinopathy
DR1370.jpg,E:\Main project\Batch 15\dataset\diabetic_retinopathy\DR1370.jpg,diabetic_retinopathy
DR1371.jpg,E:\Main project\Batch 15\dataset\diabetic_retinopathy\DR1371.jpg,diabetic_retinopathy
DR1372.jpg,E:\Main project\Batch 15\dataset\diabetic_retinopathy\DR1372.jpg,diabetic_retinopathy
DR1373.jpg,E:\Main project\Batch 15\dataset\diabetic_retinopathy\DR1373.jpg,diabetic_retinopathy
DR1374.jpg,E:\Main project\Batch 15\dataset\diabetic_retinopathy\DR1374.jpg,diabetic_retinopathy
DR1375.jpg,E:\Main project\Batch 15\dataset\diabetic_retinopathy\DR1375.jpg,diabetic_retinopathy
DR1376.jpg,E:\Main project\Batch 15\dataset\diabetic_retinopathy\DR1376.jpg,diabetic_retinopathy
DR1377.jpg,E:\Main project\Batch 15\dataset\diabetic_retinopathy\DR1377.jpg,diabetic_retinopathy
DR1379.jpg,E:\Main project\Batch 15\dataset\diabetic_retinopathy\DR1379.jpg,diabetic_retinopathy
DR138.jpg,E:\Main project\Batch 15\dataset\diabetic_retinopathy\DR138.jpg,diabetic_retinopathy
DR1380.jpg,E:\Main project\Batch 15\dataset\diabetic_retinopathy\DR1380.jpg,diabetic_retinopathy
DR1381.jpg,E:\Main project\Batch 15\dataset\diabetic_retinopathy\DR1381.jpg,diabetic_retinopathy
DR1382.jpg,E:\Main project\Batch 15\dataset\diabetic_retinopathy\DR1382.jpg,diabetic_retinopathy
DR1383.jpg,E:\Main project\Batch 15\dataset\diabetic_retinopathy\DR1383.jpg,diabetic_retinopathy
DR1384.jpg,E:\Main project\Batch 15\dataset\diabetic_retinopathy\DR1384.jpg,diabetic_retinopathy
DR1385.jpg,E:\Main project\Batch 15\dataset\diabetic_retinopathy\DR1385.jpg,diabetic_retinopathy
DR1386.jpg,E:\Main project\Batch 15\dataset\diabetic_retinopathy\DR1386.jpg,diabetic_retinopathy
DR1387.jpg,E:\Main project\Batch 15\dataset\diabetic_retinopathy\DR1387.jpg,diabetic_retinopathy
DR1388.jpg,E:\Main project\Batch 15\dataset\diabetic_retinopathy\DR1388.jpg,diabetic_retinopathy
DR1389.jpg,E:\Main project\Batch 15\dataset\diabetic_retinopathy\DR1389.jpg,diabetic_retinopathy
DR139.jpg,E:\Main project\Batch 15\dataset\diabetic_retinopathy\DR139.jpg,diabetic_retinopathy
DR1390.jpg,E:\Main project\Batch 15\dataset\diabetic_retinopathy\DR1390.jpg,diabetic_retinopathy
DR1391.jpg,E:\Main project\Batch 15\dataset\diabetic_retinopathy\DR1391.jpg,diabetic_retinopathy
DR1392.jpg,E:\Main project\Batch 15\dataset\diabetic_retinopathy\DR1392.jpg,diabetic_retinopathy
DR1393.jpg,E:\Main project\Batch 15\dataset\diabetic_retinopathy\DR1393.jpg,diabetic_retinopathy
DR1394.jpg,E:\Main project\Batch 15\dataset\diabetic_retinopathy\DR1394.jpg,diabetic_retinopathy
DR1395.jpg,E:\Main project\Batch 15\dataset\diabetic_retinopathy\DR1395.jpg,diabetic_retinopathy
DR1396.jpg,E:\Main project\Batch 15\dataset\diabetic_retinopathy\DR1396.jpg,diabetic_retinopathy
DR1397.jpg,E:\Main project\Batch 15\dataset\diabetic_retinopathy\DR1397.jpg,diabetic_retinopathy
DR1398.jpg,E:\Main project\Batch 15\dataset\diabetic_retinopathy\DR1398.jpg,diabetic_retinopathy
DR1399.jpg,E:\Main project\Batch 15\dataset\diabetic_retinopathy\DR1399.jpg,diabetic_retinopathy
DR14.jpg,E:\Main project\Batch 15\dataset\diabetic_retinopathy\DR14.jpg,diabetic_retinopathy
DR140.jpg,E:\Main project\Batch 15\dataset\diabetic_retinopathy\DR140.jpg,diabetic_retinopathy
DR1400.jpg,E:\Main project\Batch 15\dataset\diabetic_retinopathy\DR1400.jpg,diabetic_retinopathy
DR1401.jpg,E:\Main project\Batch 15\dataset\diabetic_retinopathy\DR1401.jpg,diabetic_retinopathy
DR1402.jpg,E:\Main project\Batch 15\dataset\diabetic_retinopathy\DR1402.jpg,diabetic_retinopathy
DR1403.jpg,E:\Main project\Batch 15\dataset\diabetic_retinopathy\DR1403.jpg,diabetic_retinopathy
DR1404.jpg,E:\Main project\Batch 15\dataset\diabetic_retinopathy\DR1404.jpg,diabetic_retinopathy
DR1405.jpg,E:\Main project\Batch 15\dataset\diabetic_retinopathy\DR1405.jpg,diabetic_retinopathy
DR1406.jpg,E:\Main project\Batch 15\dataset\diabetic_retinopathy\DR1406.jpg,diabetic_retinopathy
DR1407.jpg,E:\Main project\Batch 15\dataset\diabetic_retinopathy\DR1407.jpg,diabetic_retinopathy
DR1408.jpg,E:\Main project\Batch 15\dataset\diabetic_retinopathy\DR1408.jpg,diabetic_retinopathy
DR1409.jpg,E:\Main project\Batch 15\dataset\diabetic_retinopathy\DR1409.jpg,diabetic_retinopathy
DR141.jpg,E:\Main project\Batch 15\dataset\diabetic_retinopathy\DR141.jpg,diabetic_retinopathy
DR1410.jpg,E:\Main project\Batch 15\dataset\diabetic_retinopathy\DR1410.jpg,diabetic_retinopathy
DR1411.jpg,E:\Main project\Batch 15\dataset\diabetic_retinopathy\DR1411.jpg,diabetic_retinopathy
DR1412.jpg,E:\Main project\Batch 15\dataset\diabetic_retinopathy\DR1412.jpg,diabetic_retinopathy
DR1413.jpg,E:\Main project\Batch 15\dataset\diabetic_retinopathy\DR1413.jpg,diabetic_retinopathy
DR1414.jpg,E:\Main project\Batch 15\dataset\diabetic_retinopathy\DR1414.jpg,diabetic_retinopathy
DR1417.jpg,E:\Main project\Batch 15\dataset\diabetic_retinopathy\DR1417.jpg,diabetic_retinopathy
DR1418.jpg,E:\Main project\Batch 15\dataset\diabetic_retinopathy\DR1418.jpg,diabetic_retinopathy
DR1419.jpg,E:\Main project\Batch 15\dataset\diabetic_retinopathy\DR1419.jpg,diabetic_retinopathy
DR142.jpg,E:\Main project\Batch 15\dataset\diabetic_retinopathy\DR142.jpg,diabetic_retinopathy
DR1420.jpg,E:\Main project\Batch 15\dataset\diabetic_retinopathy\DR1420.jpg,diabetic_retinopathy
DR1421.jpg,E:\Main project\Batch 15\dataset\diabetic_retinopathy\DR1421.jpg,diabetic_retinopathy
DR1422.jpg,E:\Main project\Batch 15\dataset\diabetic_retinopathy\DR1422.jpg,diabetic_retinopathy
DR1423.jpg,E:\Main project\Batch 15\dataset\diabetic_retinopathy\DR1423.jpg,diabetic_retinopathy
DR1424.jpg,E:\Main project\Batch 15\dataset\diabetic_retinopathy\DR1424.jpg,diabetic_retinopathy
DR1425.jpg,E:\Main project\Batch 15\dataset\diabetic_retinopathy\DR1425.jpg,diabetic_retinopathy
DR1426.jpg,E:\Main project\Batch 15\dataset\diabetic_retinopathy\DR1426.jpg,diabetic_retinopathy
DR1427.jpg,E:\Main project\Batch 15\dataset\diabetic_retinopathy\DR1427.jpg,diabetic_retinopathy
DR1428.jpg,E:\Main project\Batch 15\dataset\diabetic_retinopathy\DR1428.jpg,diabetic_retinopathy
DR1429.jpg,E:\Main project\Batch 15\dataset\diabetic_retinopathy\DR1429.jpg,diabetic_retinopathy
DR143.jpg,E:\Main project\Batch 15\dataset\diabetic_retinopathy\DR143.jpg,diabetic_retinopathy
DR1430.jpg,E:\Main project\Batch 15\dataset\diabetic_retinopathy\DR1430.jpg,diabetic_retinopathy
DR1431.jpg,E:\Main project\Batch 15\dataset\diabetic_retinopathy\DR1431.jpg,diabetic_retinopathy
DR1434.jpg,E:\Main project\Batch 15\dataset\diabetic_retinopathy\DR1434.jpg,diabetic_retinopathy
DR1436.jpg,E:\Main project\Batch 15\dataset\diabetic_retinopathy\DR1436.jpg,diabetic_retinopathy
DR1437.jpg,E:\Main project\Batch 15\dataset\diabetic_retinopathy\DR1437.jpg,diabetic_retinopathy
DR1438.jpg,E:\Main project\Batch 15\dataset\diabetic_retinopathy\DR1438.jpg,diabetic_retinopathy
DR1439.jpg,E:\Main project\Batch 15\dataset\diabetic_retinopathy\DR1439.jpg,diabetic_retinopathy
DR144.jpg,E:\Main project\Batch 15\dataset\diabetic_retinopathy\DR144.jpg,diabetic_retinopathy
DR1440.jpg,E:\Main project\Batch 15\dataset\diabetic_retinopathy\DR1440.jpg,diabetic_retinopathy
DR1441.jpg,E:\Main project\Batch 15\dataset\diabetic_retinopathy\DR1441.jpg,diabetic_retinopathy
DR1442.jpg,E:\Main project\Batch 15\dataset\diabetic_retinopathy\DR1442.jpg,diabetic_retinopathy
DR1443.jpg,E:\Main project\Batch 15\dataset\diabetic_retinopathy\DR1443.jpg,diabetic_retinopathy
DR1444.jpg,E:\Main project\Batch 15\dataset\diabetic_retinopathy\DR1444.jpg,diabetic_retinopathy
DR1445.jpg,E:\Main project\Batch 15\dataset\diabetic_retinopathy\DR1445.jpg,diabetic_retinopathy
DR1446.jpg,E:\Main project\Batch 15\dataset\diabetic_retinopathy\DR1446.jpg,diabetic_retinopathy
DR1447.jpg,E:\Main project\Batch 15\dataset\diabetic_retinopathy\DR1447.jpg,diabetic_retinopathy
DR1448.jpg,E:\Main project\Batch 15\dataset\diabetic_retinopathy\DR1448.jpg,diabetic_retinopathy
DR1449.jpg,E:\Main project\Batch 15\dataset\diabetic_retinopathy\DR1449.jpg,diabetic_retinopathy
DR145.jpg,E:\Main project\Batch 15\dataset\diabetic_retinopathy\DR145.jpg,diabetic_retinopathy
DR1450.jpg,E:\Main project\Batch 15\dataset\diabetic_retinopathy\DR1450.jpg,diabetic_retinopathy
DR1451.jpg,E:\Main project\Batch 15\dataset\diabetic_retinopathy\DR1451.jpg,diabetic_retinopathy
DR1452.jpg,E:\Main project\Batch 15\dataset\diabetic_retinopathy\DR1452.jpg,diabetic_retinopathy
DR1453.jpg,E:\Main project\Batch 15\dataset\diabetic_retinopathy\DR1453.jpg,diabetic_retinopathy
DR1454.jpg,E:\Main project\Batch 15\dataset\diabetic_retinopathy\DR1454.jpg,diabetic_retinopathy
DR1455.jpg,E:\Main project\Batch 15\dataset\diabetic_retinopathy\DR1455.jpg,diabetic_retinopathy
DR1456.jpg,E:\Main project\Batch 15\dataset\diabetic_retinopathy\DR1456.jpg,diabetic_retinopathy
DR1457.jpg,E:\Main project\Batch 15\dataset\diabetic_retinopathy\DR1457.jpg,diabetic_retinopathy
DR1458.jpg,E:\Main project\Batch 15\dataset\diabetic_retinopathy\DR1458.jpg,diabetic_retinopathy
DR1459.jpg,E:\Main project\Batch 15\dataset\diabetic_retinopathy\DR1459.jpg,diabetic_retinopathy
DR146.jpg,E:\Main project\Batch 15\dataset\diabetic_retinopathy\DR146.jpg,diabetic_retinopathy
DR1460.jpg,E:\Main project\Batch 15\dataset\diabetic_retinopathy\DR1460.jpg,diabetic_retinopathy
DR1461.jpg,E:\Main project\Batch 15\dataset\diabetic_retinopathy\DR1461.jpg,diabetic_retinopathy
DR1462.jpg,E:\Main project\Batch 15\dataset\diabetic_retinopathy\DR1462.jpg,diabetic_retinopathy
DR1463.jpg,E:\Main project\Batch 15\dataset\diabetic_retinopathy\DR1463.jpg,diabetic_retinopathy
DR1464.jpg,E:\Main project\Batch 15\dataset\diabetic_retinopathy\DR1464.jpg,diabetic_retinopathy
DR1465.jpg,E:\Main project\Batch 15\dataset\diabetic_retinopathy\DR1465.jpg,diabetic_retinopathy
DR1466.jpg,E:\Main project\Batch 15\dataset\diabetic_retinopathy\DR1466.jpg,diabetic_retinopathy
DR1467.jpg,E:\Main project\Batch 15\dataset\diabetic_retinopathy\DR1467.jpg,diabetic_retinopathy
DR1468.jpg,E:\Main project\Batch 15\dataset\diabetic_retinopathy\DR1468.jpg,diabetic_retinopathy
DR1469.jpg,E:\Main project\Batch 15\dataset\diabetic_retinopathy\DR1469.jpg,diabetic_retinopathy
DR147.jpg,E:\Main project\Batch 15\dataset\diabetic_retinopathy\DR147.jpg,diabetic_retinopathy
DR1470.jpg,E:\Main project\Batch 15\dataset\diabetic_retinopathy\DR1470.jpg,diabetic_retinopathy
DR1471.jpg,E:\Main project\Batch 15\dataset\diabetic_retinopathy\DR1471.jpg,diabetic_retinopathy
DR1472.jpg,E:\Main project\Batch 15\dataset\diabetic_retinopathy\DR1472.jpg,diabetic_retinopathy
DR1473.jpg,E:\Main project\Batch 15\dataset\diabetic_retinopathy\DR1473.jpg,diabetic_retinopathy
DR1474.jpg,E:\Main project\Batch 15\dataset\diabetic_retinopathy\DR1474.jpg,diabetic_retinopathy
DR1475.jpg,E:\Main project\Batch 15\dataset\diabetic_retinopathy\DR1475.jpg,diabetic_retinopathy
DR1476.jpg,E:\Main project\Batch 15\dataset\diabetic_retinopathy\DR1476.jpg,diabetic_retinopathy
DR1477.jpg,E:\Main project\Batch 15\dataset\diabetic_retinopathy\DR1477.jpg,diabetic_retinopathy
DR1478.jpg,E:\Main project\Batch 15\dataset\diabetic_retinopathy\DR1478.jpg,diabetic_retinopathy
DR1479.jpg,E:\Main project\Batch 15\dataset\diabetic_retinopathy\DR1479.jpg,diabetic_retinopathy
DR148.jpg,E:\Main project\Batch 15\dataset\diabetic_retinopathy\DR148.jpg,diabetic_retinopathy
DR1480.jpg,E:\Main project\Batch 15\dataset\diabetic_retinopathy\DR1480.jpg,diabetic_retinopathy
DR1481.jpg,E:\Main project\Batch 15\dataset\diabetic_retinopathy\DR1481.jpg,diabetic_retinopathy
DR1482.jpg,E:\Main project\Batch 15\dataset\diabetic_retinopathy\DR1482.jpg,diabetic_retinopathy
DR1483.jpg,E:\Main project\Batch 15\dataset\diabetic_retinopathy\DR1483.jpg,diabetic_retinopathy
DR1484.jpg,E:\Main project\Batch 15\dataset\diabetic_retinopathy\DR1484.jpg,diabetic_retinopathy
DR1485.jpg,E:\Main project\Batch 15\dataset\diabetic_retinopathy\DR1485.jpg,diabetic_retinopathy
DR1486.jpg,E:\Main project\Batch 15\dataset\diabetic_retinopathy\DR1486.jpg,diabetic_retinopathy
DR1487.jpg,E:\Main project\Batch 15\dataset\diabetic_retinopathy\DR1487.jpg,diabetic_retinopathy
DR1488.jpg,E:\Main project\Batch 15\dataset\diabetic_retinopathy\DR1488.jpg,diabetic_retinopathy
DR1489.jpg,E:\Main project\Batch 15\dataset\diabetic_retinopathy\DR1489.jpg,diabetic_retinopathy
DR149.jpg,E:\Main project\Batch 15\dataset\diabetic_retinopathy\DR149.jpg,diabetic_retinopathy
DR1490.jpg,E:\Main project\Batch 15\dataset\diabetic_retinopathy\DR1490.jpg,diabetic_retinopathy
DR1491.jpg,E:\Main project\Batch 15\dataset\diabetic_retinopathy\DR1491.jpg,diabetic_retinopathy
DR1492.jpg,E:\Main project\Batch 15\dataset\diabetic_retinopathy\DR1492.jpg,diabetic_retinopathy
DR1493.jpg,E:\Main project\Batch 15\dataset\diabetic_retinopathy\DR1493.jpg,diabetic_retinopathy
DR1494.jpg,E:\Main project\Batch 15\dataset\diabetic_retinopathy\DR1494.jpg,diabetic_retinopathy
DR1495.jpg,E:\Main project\Batch 15\dataset\diabetic_retinopathy\DR1495.jpg,diabetic_retinopathy
DR1496.jpg,E:\Main project\Batch 15\dataset\diabetic_retinopathy\DR1496.jpg,diabetic_retinopathy
DR1497.jpg,E:\Main project\Batch 15\dataset\diabetic_retinopathy\DR1497.jpg,diabetic_retinopathy
DR1498.jpg,E:\Main project\Batch 15\dataset\diabetic_retinopathy\DR1498.jpg,diabetic_retinopathy
DR1499.jpg,E:\Main project\Batch 15\dataset\diabetic_retinopathy\DR1499.jpg,diabetic_retinopathy
DR15.jpg,E:\Main project\Batch 15\dataset\diabetic_retinopathy\DR15.jpg,diabetic_retinopathy
DR150.jpg,E:\Main project\Batch 15\dataset\diabetic_retinopathy\DR150.jpg,diabetic_retinopathy
DR1500.jpg,E:\Main project\Batch 15\dataset\diabetic_retinopathy\DR1500.jpg,diabetic_retinopathy
DR1501.jpg,E:\Main project\Batch 15\dataset\diabetic_retinopathy\DR1501.jpg,diabetic_retinopathy
DR1502.jpg,E:\Main project\Batch 15\dataset\diabetic_retinopathy\DR1502.jpg,diabetic_retinopathy
DR1503.jpg,E:\Main project\Batch 15\dataset\diabetic_retinopathy\DR1503.jpg,diabetic_retinopathy
DR1504.jpg,E:\Main project\Batch 15\dataset\diabetic_retinopathy\DR1504.jpg,diabetic_retinopathy
DR1505.jpg,E:\Main project\Batch 15\dataset\diabetic_retinopathy\DR1505.jpg,diabetic_retinopathy
DR1506.jpg,E:\Main project\Batch 15\dataset\diabetic_retinopathy\DR1506.jpg,diabetic_retinopathy
DR1507.jpg,E:\Main project\Batch 15\dataset\diabetic_retinopathy\DR1507.jpg,diabetic_retinopathy
DR1508.jpg,E:\Main project\Batch 15\dataset\diabetic_retinopathy\DR1508.jpg,diabetic_retinopathy
DR1509.jpg,E:\Main project\Batch 15\dataset\diabetic_retinopathy\DR1509.jpg,diabetic_retinopathy
DR151.jpg,E:\Main project\Batch 15\dataset\diabetic_retinopathy\DR151.jpg,diabetic_retinopathy
DR1510.jpg,E:\Main project\Batch 15\dataset\diabetic_retinopathy\DR1510.jpg,diabetic_retinopathy
DR1511.jpg,E:\Main project\Batch 15\dataset\diabetic_retinopathy\DR1511.jpg,diabetic_retinopathy
DR1512.jpg,E:\Main project\Batch 15\dataset\diabetic_retinopathy\DR1512.jpg,diabetic_retinopathy
DR1513.jpg,E:\Main project\Batch 15\dataset\diabetic_retinopathy\DR1513.jpg,diabetic_retinopathy
DR1514.jpg,E:\Main project\Batch 15\dataset\diabetic_retinopathy\DR1514.jpg,diabetic_retinopathy
DR1515.jpg,E:\Main project\Batch 15\dataset\diabetic_retinopathy\DR1515.jpg,diabetic_retinopathy
DR1516.jpg,E:\Main project\Batch 15\dataset\diabetic_retinopathy\DR1516.jpg,diabetic_retinopathy
DR1517.jpg,E:\Main project\Batch 15\dataset\diabetic_retinopathy\DR1517.jpg,diabetic_retinopathy
DR1518.jpg,E:\Main project\Batch 15\dataset\diabetic_retinopathy\DR1518.jpg,diabetic_retinopathy
DR1519.jpg,E:\Main project\Batch 15\dataset\diabetic_retinopathy\DR1519.jpg,diabetic_retinopathy
DR152.jpg,E:\Main project\Batch 15\dataset\diabetic_retinopathy\DR152.jpg,diabetic_retinopathy
DR1520.jpg,E:\Main project\Batch 15\dataset\diabetic_retinopathy\DR1520.jpg,diabetic_retinopathy
DR1521.jpg,E:\Main project\Batch 15\dataset\diabetic_retinopathy\DR1521.jpg,diabetic_retinopathy
DR153.jpg,E:\Main project\Batch 15\dataset\diabetic_retinopathy\DR153.jpg,diabetic_retinopathy
DR154.jpg,E:\Main project\Batch 15\dataset\diabetic_retinopathy\DR154.jpg,diabetic_retinopathy
DR155.jpg,E:\Main project\Batch 15\dataset\diabetic_retinopathy\DR155.jpg,diabetic_retinopathy
DR156.jpg,E:\Main project\Batch 15\dataset\diabetic_retinopathy\DR156.jpg,diabetic_retinopathy
DR157.jpg,E:\Main project\Batch 15\dataset\diabetic_retinopathy\DR157.jpg,diabetic_retinopathy
DR158.jpg,E:\Main project\Batch 15\dataset\diabetic_retinopathy\DR158.jpg,diabetic_retinopathy
DR159.jpg,E:\Main project\Batch 15\dataset\diabetic_retinopathy\DR159.jpg,diabetic_retinopathy
DR16.jpg,E:\Main project\Batch 15\dataset\diabetic_retinopathy\DR16.jpg,diabetic_retinopathy
DR160.jpg,E:\Main project\Batch 15\dataset\diabetic_retinopathy\DR160.jpg,diabetic_retinopathy
DR161.jpg,E:\Main project\Batch 15\dataset\diabetic_retinopathy\DR161.jpg,diabetic_retinopathy
DR162.jpg,E:\Main project\Batch 15\dataset\diabetic_retinopathy\DR162.jpg,diabetic_retinopathy
DR163.jpg,E:\Main project\Batch 15\dataset\diabetic_retinopathy\DR163.jpg,diabetic_retinopathy
DR164.jpg,E:\Main project\Batch 15\dataset\diabetic_retinopathy\DR164.jpg,diabetic_retinopathy
DR165.jpg,E:\Main project\Batch 15\dataset\diabetic_retinopathy\DR165.jpg,diabetic_retinopathy
DR166.jpg,E:\Main project\Batch 15\dataset\diabetic_retinopathy\DR166.jpg,diabetic_retinopathy
DR167.jpg,E:\Main project\Batch 15\dataset\diabetic_retinopathy\DR167.jpg,diabetic_retinopathy
DR168.jpg,E:\Main project\Batch 15\dataset\diabetic_retinopathy\DR168.jpg,diabetic_retinopathy
DR169.jpg,E:\Main project\Batch 15\dataset\diabetic_retinopathy\DR169.jpg,diabetic_retinopathy
DR17.jpg,E:\Main project\Batch 15\dataset\diabetic_retinopathy\DR17.jpg,diabetic_retinopathy
DR170.jpg,E:\Main project\Batch 15\dataset\diabetic_retinopathy\DR170.jpg,diabetic_retinopathy
DR171.jpg,E:\Main project\Batch 15\dataset\diabetic_retinopathy\DR171.jpg,diabetic_retinopathy
DR172.jpg,E:\Main project\Batch 15\dataset\diabetic_retinopathy\DR172.jpg,diabetic_retinopathy
DR173.jpg,E:\Main project\Batch 15\dataset\diabetic_retinopathy\DR173.jpg,diabetic_retinopathy
DR176.jpg,E:\Main project\Batch 15\dataset\diabetic_retinopathy\DR176.jpg,diabetic_retinopathy
DR177.jpg,E:\Main project\Batch 15\dataset\diabetic_retinopathy\DR177.jpg,diabetic_retinopathy
DR178.jpg,E:\Main project\Batch 15\dataset\diabetic_retinopathy\DR178.jpg,diabetic_retinopathy
DR179.jpg,E:\Main project\Batch 15\dataset\diabetic_retinopathy\DR179.jpg,diabetic_retinopathy
DR18.jpg,E:\Main project\Batch 15\dataset\diabetic_retinopathy\DR18.jpg,diabetic_retinopathy
DR180.jpg,E:\Main project\Batch 15\dataset\diabetic_retinopathy\DR180.jpg,diabetic_retinopathy
DR181.jpg,E:\Main project\Batch 15\dataset\diabetic_retinopathy\DR181.jpg,diabetic_retinopathy
DR182.jpg,E:\Main project\Batch 15\dataset\diabetic_retinopathy\DR182.jpg,diabetic_retinopathy
DR183.jpg,E:\Main project\Batch 15\dataset\diabetic_retinopathy\DR183.jpg,diabetic_retinopathy
DR184.jpg,E:\Main project\Batch 15\dataset\diabetic_retinopathy\DR184.jpg,diabetic_retinopathy
DR185.jpg,E:\Main project\Batch 15\dataset\diabetic_retinopathy\DR185.jpg,diabetic_retinopathy
DR186.jpg,E:\Main project\Batch 15\dataset\diabetic_retinopathy\DR186.jpg,diabetic_retinopathy
DR187.jpg,E:\Main project\Batch 15\dataset\diabetic_retinopathy\DR187.jpg,diabetic_retinopathy
DR188.jpg,E:\Main project\Batch 15\dataset\diabetic_retinopathy\DR188.jpg,diabetic_retinopathy
DR189.jpg,E:\Main project\Batch 15\dataset\diabetic_retinopathy\DR189.jpg,diabetic_retinopathy
DR19.jpg,E:\Main project\Batch 15\dataset\diabetic_retinopathy\DR19.jpg,diabetic_retinopathy
DR190.jpg,E:\Main project\Batch 15\dataset\diabetic_retinopathy\DR190.jpg,diabetic_retinopathy
DR191.jpg,E:\Main project\Batch 15\dataset\diabetic_retinopathy\DR191.jpg,diabetic_retinopathy
DR192.jpg,E:\Main project\Batch 15\dataset\diabetic_retinopathy\DR192.jpg,diabetic_retinopathy
DR193.jpg,E:\Main project\Batch 15\dataset\diabetic_retinopathy\DR193.jpg,diabetic_retinopathy
DR194.jpg,E:\Main project\Batch 15\dataset\diabetic_retinopathy\DR194.jpg,diabetic_retinopathy
DR195.jpg,E:\Main project\Batch 15\dataset\diabetic_retinopathy\DR195.jpg,diabetic_retinopathy
DR196.jpg,E:\Main project\Batch 15\dataset\diabetic_retinopathy\DR196.jpg,diabetic_retinopathy
DR197.jpg,E:\Main project\Batch 15\dataset\diabetic_retinopathy\DR197.jpg,diabetic_retinopathy
DR198.jpg,E:\Main project\Batch 15\dataset\diabetic_retinopathy\DR198.jpg,diabetic_retinopathy
DR199.jpg,E:\Main project\Batch 15\dataset\diabetic_retinopathy\DR199.jpg,diabetic_retinopathy
DR2.jpg,E:\Main project\Batch 15\dataset\diabetic_retinopathy\DR2.jpg,diabetic_retinopathy
DR20.jpg,E:\Main project\Batch 15\dataset\diabetic_retinopathy\DR20.jpg,diabetic_retinopathy
DR200.jpg,E:\Main project\Batch 15\dataset\diabetic_retinopathy\DR200.jpg,diabetic_retinopathy
DR201.jpg,E:\Main project\Batch 15\dataset\diabetic_retinopathy\DR201.jpg,diabetic_retinopathy
DR202.jpg,E:\Main project\Batch 15\dataset\diabetic_retinopathy\DR202.jpg,diabetic_retinopathy
DR203.jpg,E:\Main project\Batch 15\dataset\diabetic_retinopathy\DR203.jpg,diabetic_retinopathy
DR204.jpg,E:\Main project\Batch 15\dataset\diabetic_retinopathy\DR204.jpg,diabetic_retinopathy
DR205.jpg,E:\Main project\Batch 15\dataset\diabetic_retinopathy\DR205.jpg,diabetic_retinopathy
DR206.jpg,E:\Main project\Batch 15\dataset\diabetic_retinopathy\DR206.jpg,diabetic_retinopathy
DR207.jpg,E:\Main project\Batch 15\dataset\diabetic_retinopathy\DR207.jpg,diabetic_retinopathy
DR208.jpg,E:\Main project\Batch 15\dataset\diabetic_retinopathy\DR208.jpg,diabetic_retinopathy
DR209.jpg,E:\Main project\Batch 15\dataset\diabetic_retinopathy\DR209.jpg,diabetic_retinopathy
DR21.jpg,E:\Main project\Batch 15\dataset\diabetic_retinopathy\DR21.jpg,diabetic_retinopathy
DR210.jpg,E:\Main project\Batch 15\dataset\diabetic_retinopathy\DR210.jpg,diabetic_retinopathy
DR211.jpg,E:\Main project\Batch 15\dataset\diabetic_retinopathy\DR211.jpg,diabetic_retinopathy
DR212.jpg,E:\Main project\Batch 15\dataset\diabetic_retinopathy\DR212.jpg,diabetic_retinopathy
DR213.jpg,E:\Main project\Batch 15\dataset\diabetic_retinopathy\DR213.jpg,diabetic_retinopathy
DR214.jpg,E:\Main project\Batch 15\dataset\diabetic_retinopathy\DR214.jpg,diabetic_retinopathy
DR215.jpg,E:\Main project\Batch 15\dataset\diabetic_retinopathy\DR215.jpg,diabetic_retinopathy
DR216.jpg,E:\Main project\Batch 15\dataset\diabetic_retinopathy\DR216.jpg,diabetic_retinopathy
DR217.jpg,E:\Main project\Batch 15\dataset\diabetic_retinopathy\DR217.jpg,diabetic_retinopathy
DR218.jpg,E:\Main project\Batch 15\dataset\diabetic_retinopathy\DR218.jpg,diabetic_retinopathy
DR219.jpg,E:\Main project\Batch 15\dataset\diabetic_retinopathy\DR219.jpg,diabetic_retinopathy
DR22.jpg,E:\Main project\Batch 15\dataset\diabetic_retinopathy\DR22.jpg,diabetic_retinopathy
DR220.jpg,E:\Main project\Batch 15\dataset\diabetic_retinopathy\DR220.jpg,diabetic_retinopathy
DR221.jpg,E:\Main project\Batch 15\dataset\diabetic_retinopathy\DR221.jpg,diabetic_retinopathy
DR222.jpg,E:\Main project\Batch 15\dataset\diabetic_retinopathy\DR222.jpg,diabetic_retinopathy
DR223.jpg,E:\Main project\Batch 15\dataset\diabetic_retinopathy\DR223.jpg,diabetic_retinopathy
DR224.jpg,E:\Main project\Batch 15\dataset\diabetic_retinopathy\DR224.jpg,diabetic_retinopathy
DR225.jpg,E:\Main project\Batch 15\dataset\diabetic_retinopathy\DR225.jpg,diabetic_retinopathy
DR226.jpg,E:\Main project\Batch 15\dataset\diabetic_retinopathy\DR226.jpg,diabetic_retinopathy
DR227.jpg,E:\Main project\Batch 15\dataset\diabetic_retinopathy\DR227.jpg,diabetic_retinopathy
DR228.jpg,E:\Main project\Batch 15\dataset\diabetic_retinopathy\DR228.jpg,diabetic_retinopathy
DR229.jpg,E:\Main project\Batch 15\dataset\diabetic_retinopathy\DR229.jpg,diabetic_retinopathy
DR23.jpg,E:\Main project\Batch 15\dataset\diabetic_retinopathy\DR23.jpg,diabetic_retinopathy
DR230.jpg,E:\Main project\Batch 15\dataset\diabetic_retinopathy\DR230.jpg,diabetic_retinopathy
DR231.jpg,E:\Main project\Batch 15\dataset\diabetic_retinopathy\DR231.jpg,diabetic_retinopathy
DR232.jpg,E:\Main project\Batch 15\dataset\diabetic_retinopathy\DR232.jpg,diabetic_retinopathy
DR233.jpg,E:\Main project\Batch 15\dataset\diabetic_retinopathy\DR233.jpg,diabetic_retinopathy
DR234.jpg,E:\Main project\Batch 15\dataset\diabetic_retinopathy\DR234.jpg,diabetic_retinopathy
DR235.jpg,E:\Main project\Batch 15\dataset\diabetic_retinopathy\DR235.jpg,diabetic_retinopathy
DR236.jpg,E:\Main project\Batch 15\dataset\diabetic_retinopathy\DR236.jpg,diabetic_retinopathy
DR237.jpg,E:\Main project\Batch 15\dataset\diabetic_retinopathy\DR237.jpg,diabetic_retinopathy
DR238.jpg,E:\Main project\Batch 15\dataset\diabetic_retinopathy\DR238.jpg,diabetic_retinopathy
DR239.jpg,E:\Main project\Batch 15\dataset\diabetic_retinopathy\DR239.jpg,diabetic_retinopathy
DR24.jpg,E:\Main project\Batch 15\dataset\diabetic_retinopathy\DR24.jpg,diabetic_retinopathy
DR240.jpg,E:\Main project\Batch 15\dataset\diabetic_retinopathy\DR240.jpg,diabetic_retinopathy
DR241.jpg,E:\Main project\Batch 15\dataset\diabetic_retinopathy\DR241.jpg,diabetic_retinopathy
DR242.jpg,E:\Main project\Batch 15\dataset\diabetic_retinopathy\DR242.jpg,diabetic_retinopathy
DR243.jpg,E:\Main project\Batch 15\dataset\diabetic_retinopathy\DR243.jpg,diabetic_retinopathy
DR244.jpg,E:\Main project\Batch 15\dataset\diabetic_retinopathy\DR244.jpg,diabetic_retinopathy
DR245.jpg,E:\Main project\Batch 15\dataset\diabetic_retinopathy\DR245.jpg,diabetic_retinopathy
DR246.jpg,E:\Main project\Batch 15\dataset\diabetic_retinopathy\DR246.jpg,diabetic_retinopathy
DR247.jpg,E:\Main project\Batch 15\dataset\diabetic_retinopathy\DR247.jpg,diabetic_retinopathy
DR248.jpg,E:\Main project\Batch 15\dataset\diabetic_retinopathy\DR248.jpg,diabetic_retinopathy
DR249.jpg,E:\Main project\Batch 15\dataset\diabetic_retinopathy\DR249.jpg,diabetic_retinopathy
DR25.jpg,E:\Main project\Batch 15\dataset\diabetic_retinopathy\DR25.jpg,diabetic_retinopathy
DR250.jpg,E:\Main project\Batch 15\dataset\diabetic_retinopathy\DR250.jpg,diabetic_retinopathy
DR251.jpg,E:\Main project\Batch 15\dataset\diabetic_retinopathy\DR251.jpg,diabetic_retinopathy
DR252.jpg,E:\Main project\Batch 15\dataset\diabetic_retinopathy\DR252.jpg,diabetic_retinopathy
DR253.jpg,E:\Main project\Batch 15\dataset\diabetic_retinopathy\DR253.jpg,diabetic_retinopathy
DR254.jpg,E:\Main project\Batch 15\dataset\diabetic_retinopathy\DR254.jpg,diabetic_retinopathy
DR255.jpg,E:\Main project\Batch 15\dataset\diabetic_retinopathy\DR255.jpg,diabetic_retinopathy
DR256.jpg,E:\Main project\Batch 15\dataset\diabetic_retinopathy\DR256.jpg,diabetic_retinopathy
DR257.jpg,E:\Main project\Batch 15\dataset\diabetic_retinopathy\DR257.jpg,diabetic_retinopathy
DR258.jpg,E:\Main project\Batch 15\dataset\diabetic_retinopathy\DR258.jpg,diabetic_retinopathy
DR259.jpg,E:\Main project\Batch 15\dataset\diabetic_retinopathy\DR259.jpg,diabetic_retinopathy
DR26.jpg,E:\Main project\Batch 15\dataset\diabetic_retinopathy\DR26.jpg,diabetic_retinopathy
DR260.jpg,E:\Main project\Batch 15\dataset\diabetic_retinopathy\DR260.jpg,diabetic_retinopathy
DR261.jpg,E:\Main project\Batch 15\dataset\diabetic_retinopathy\DR261.jpg,diabetic_retinopathy
DR262.jpg,E:\Main project\Batch 15\dataset\diabetic_retinopathy\DR262.jpg,diabetic_retinopathy
DR263.jpg,E:\Main project\Batch 15\dataset\diabetic_retinopathy\DR263.jpg,diabetic_retinopathy
DR264.jpg,E:\Main project\Batch 15\dataset\diabetic_retinopathy\DR264.jpg,diabetic_retinopathy
DR265.jpg,E:\Main project\Batch 15\dataset\diabetic_retinopathy\DR265.jpg,diabetic_retinopathy
DR266.jpg,E:\Main project\Batch 15\dataset\diabetic_retinopathy\DR266.jpg,diabetic_retinopathy
DR267.jpg,E:\Main project\Batch 15\dataset\diabetic_retinopathy\DR267.jpg,diabetic_retinopathy
DR268.jpg,E:\Main project\Batch 15\dataset\diabetic_retinopathy\DR268.jpg,diabetic_retinopathy
DR269.jpg,E:\Main project\Batch 15\dataset\diabetic_retinopathy\DR269.jpg,diabetic_retinopathy
DR27.jpg,E:\Main project\Batch 15\dataset\diabetic_retinopathy\DR27.jpg,diabetic_retinopathy
DR270.jpg,E:\Main project\Batch 15\dataset\diabetic_retinopathy\DR270.jpg,diabetic_retinopathy
DR271.jpg,E:\Main project\Batch 15\dataset\diabetic_retinopathy\DR271.jpg,diabetic_retinopathy
DR272.jpg,E:\Main project\Batch 15\dataset\diabetic_retinopathy\DR272.jpg,diabetic_retinopathy
DR273.jpg,E:\Main project\Batch 15\dataset\diabetic_retinopathy\DR273.jpg,diabetic_retinopathy
DR274.jpg,E:\Main project\Batch 15\dataset\diabetic_retinopathy\DR274.jpg,diabetic_retinopathy
DR275.jpg,E:\Main project\Batch 15\dataset\diabetic_retinopathy\DR275.jpg,diabetic_retinopathy
DR276.jpg,E:\Main project\Batch 15\dataset\diabetic_retinopathy\DR276.jpg,diabetic_retinopathy
DR277.jpg,E:\Main project\Batch 15\dataset\diabetic_retinopathy\DR277.jpg,diabetic_retinopathy
DR278.jpg,E:\Main project\Batch 15\dataset\diabetic_retinopathy\DR278.jpg,diabetic_retinopathy
DR279.jpg,E:\Main project\Batch 15\dataset\diabetic_retinopathy\DR279.jpg,diabetic_retinopathy
DR28.jpg,E:\Main project\Batch 15\dataset\diabetic_retinopathy\DR28.jpg,diabetic_retinopathy
DR280.jpg,E:\Main project\Batch 15\dataset\diabetic_retinopathy\DR280.jpg,diabetic_retinopathy
DR281.jpg,E:\Main project\Batch 15\dataset\diabetic_retinopathy\DR281.jpg,diabetic_retinopathy
DR282.jpg,E:\Main project\Batch 15\dataset\diabetic_retinopathy\DR282.jpg,diabetic_retinopathy
DR283.jpg,E:\Main project\Batch 15\dataset\diabetic_retinopathy\DR283.jpg,diabetic_retinopathy
DR284.jpg,E:\Main project\Batch 15\dataset\diabetic_retinopathy\DR284.jpg,diabetic_retinopathy
DR285.jpg,E:\Main project\Batch 15\dataset\diabetic_retinopathy\DR285.jpg,diabetic_retinopathy
DR286.jpg,E:\Main project\Batch 15\dataset\diabetic_retinopathy\DR286.jpg,diabetic_retinopathy
DR287.jpg,E:\Main project\Batch 15\dataset\diabetic_retinopathy\DR287.jpg,diabetic_retinopathy
DR288.jpg,E:\Main project\Batch 15\dataset\diabetic_retinopathy\DR288.jpg,diabetic_retinopathy
DR289.jpg,E:\Main project\Batch 15\dataset\diabetic_retinopathy\DR289.jpg,diabetic_retinopathy
DR29.jpg,E:\Main project\Batch 15\dataset\diabetic_retinopathy\DR29.jpg,diabetic_retinopathy
DR290.jpg,E:\Main project\Batch 15\dataset\diabetic_retinopathy\DR290.jpg,diabetic_retinopathy
DR291.jpg,E:\Main project\Batch 15\dataset\diabetic_retinopathy\DR291.jpg,diabetic_retinopathy
DR292.jpg,E:\Main project\Batch 15\dataset\diabetic_retinopathy\DR292.jpg,diabetic_retinopathy
DR293.jpg,E:\Main project\Batch 15\dataset\diabetic_retinopathy\DR293.jpg,diabetic_retinopathy
DR294.jpg,E:\Main project\Batch 15\dataset\diabetic_retinopathy\DR294.jpg,diabetic_retinopathy
DR295.jpg,E:\Main project\Batch 15\dataset\diabetic_retinopathy\DR295.jpg,diabetic_retinopathy
DR296.jpg,E:\Main project\Batch 15\dataset\diabetic_retinopathy\DR296.jpg,diabetic_retinopathy
DR297.jpg,E:\Main project\Batch 15\dataset\diabetic_retinopathy\DR297.jpg,diabetic_retinopathy
DR298.jpg,E:\Main project\Batch 15\dataset\diabetic_retinopathy\DR298.jpg,diabetic_retinopathy
DR299.jpg,E:\Main project\Batch 15\dataset\diabetic_retinopathy\DR299.jpg,diabetic_retinopathy
DR3.jpg,E:\Main project\Batch 15\dataset\diabetic_retinopathy\DR3.jpg,diabetic_retinopathy
DR30.jpg,E:\Main project\Batch 15\dataset\diabetic_retinopathy\DR30.jpg,diabetic_retinopathy
DR300.jpg,E:\Main project\Batch 15\dataset\diabetic_retinopathy\DR300.jpg,diabetic_retinopathy
DR301.jpg,E:\Main project\Batch 15\dataset\diabetic_retinopathy\DR301.jpg,diabetic_retinopathy
DR302.jpg,E:\Main project\Batch 15\dataset\diabetic_retinopathy\DR302.jpg,diabetic_retinopathy
DR303.jpg,E:\Main project\Batch 15\dataset\diabetic_retinopathy\DR303.jpg,diabetic_retinopathy
DR304.jpg,E:\Main project\Batch 15\dataset\diabetic_retinopathy\DR304.jpg,diabetic_retinopathy
DR305.jpg,E:\Main project\Batch 15\dataset\diabetic_retinopathy\DR305.jpg,diabetic_retinopathy
DR306.jpg,E:\Main project\Batch 15\dataset\diabetic_retinopathy\DR306.jpg,diabetic_retinopathy
DR307.jpg,E:\Main project\Batch 15\dataset\diabetic_retinopathy\DR307.jpg,diabetic_retinopathy
DR308.jpg,E:\Main project\Batch 15\dataset\diabetic_retinopathy\DR308.jpg,diabetic_retinopathy
DR309.jpg,E:\Main project\Batch 15\dataset\diabetic_retinopathy\DR309.jpg,diabetic_retinopathy
DR31.jpg,E:\Main project\Batch 15\dataset\diabetic_retinopathy\DR31.jpg,diabetic_retinopathy
DR310.jpg,E:\Main project\Batch 15\dataset\diabetic_retinopathy\DR310.jpg,diabetic_retinopathy
DR311.jpg,E:\Main project\Batch 15\dataset\diabetic_retinopathy\DR311.jpg,diabetic_retinopathy
DR312.jpg,E:\Main project\Batch 15\dataset\diabetic_retinopathy\DR312.jpg,diabetic_retinopathy
DR313.jpg,E:\Main project\Batch 15\dataset\diabetic_retinopathy\DR313.jpg,diabetic_retinopathy
DR314.jpg,E:\Main project\Batch 15\dataset\diabetic_retinopathy\DR314.jpg,diabetic_retinopathy
DR315.jpg,E:\Main project\Batch 15\dataset\diabetic_retinopathy\DR315.jpg,diabetic_retinopathy
DR316.jpg,E:\Main project\Batch 15\dataset\diabetic_retinopathy\DR316.jpg,diabetic_retinopathy
DR317.jpg,E:\Main project\Batch 15\dataset\diabetic_retinopathy\DR317.jpg,diabetic_retinopathy
DR318.jpg,E:\Main project\Batch 15\dataset\diabetic_retinopathy\DR318.jpg,diabetic_retinopathy
DR319.jpg,E:\Main project\Batch 15\dataset\diabetic_retinopathy\DR319.jpg,diabetic_retinopathy
DR32.jpg,E:\Main project\Batch 15\dataset\diabetic_retinopathy\DR32.jpg,diabetic_retinopathy
DR320.jpg,E:\Main project\Batch 15\dataset\diabetic_retinopathy\DR320.jpg,diabetic_retinopathy
DR321.jpg,E:\Main project\Batch 15\dataset\diabetic_retinopathy\DR321.jpg,diabetic_retinopathy
DR322.jpg,E:\Main project\Batch 15\dataset\diabetic_retinopathy\DR322.jpg,diabetic_retinopathy
DR323.jpg,E:\Main project\Batch 15\dataset\diabetic_retinopathy\DR323.jpg,diabetic_retinopathy
DR324.jpg,E:\Main project\Batch 15\dataset\diabetic_retinopathy\DR324.jpg,diabetic_retinopathy
DR325.jpg,E:\Main project\Batch 15\dataset\diabetic_retinopathy\DR325.jpg,diabetic_retinopathy
DR326.jpg,E:\Main project\Batch 15\dataset\diabetic_retinopathy\DR326.jpg,diabetic_retinopathy
DR327.jpg,E:\Main project\Batch 15\dataset\diabetic_retinopathy\DR327.jpg,diabetic_retinopathy
DR328.jpg,E:\Main project\Batch 15\dataset\diabetic_retinopathy\DR328.jpg,diabetic_retinopathy
DR329.jpg,E:\Main project\Batch 15\dataset\diabetic_retinopathy\DR329.jpg,diabetic_retinopathy
DR33.jpg,E:\Main project\Batch 15\dataset\diabetic_retinopathy\DR33.jpg,diabetic_retinopathy
DR330.jpg,E:\Main project\Batch 15\dataset\diabetic_retinopathy\DR330.jpg,diabetic_retinopathy
DR331.jpg,E:\Main project\Batch 15\dataset\diabetic_retinopathy\DR331.jpg,diabetic_retinopathy
DR332.jpg,E:\Main project\Batch 15\dataset\diabetic_retinopathy\DR332.jpg,diabetic_retinopathy
DR333.jpg,E:\Main project\Batch 15\dataset\diabetic_retinopathy\DR333.jpg,diabetic_retinopathy
DR334.jpg,E:\Main project\Batch 15\dataset\diabetic_retinopathy\DR334.jpg,diabetic_retinopathy
DR335.jpg,E:\Main project\Batch 15\dataset\diabetic_retinopathy\DR335.jpg,diabetic_retinopathy
DR336.jpg,E:\Main project\Batch 15\dataset\diabetic_retinopathy\DR336.jpg,diabetic_retinopathy
DR337.jpg,E:\Main project\Batch 15\dataset\diabetic_retinopathy\DR337.jpg,diabetic_retinopathy
DR338.jpg,E:\Main project\Batch 15\dataset\diabetic_retinopathy\DR338.jpg,diabetic_retinopathy
DR339.jpg,E:\Main project\Batch 15\dataset\diabetic_retinopathy\DR339.jpg,diabetic_retinopathy
DR34.jpg,E:\Main project\Batch 15\dataset\diabetic_retinopathy\DR34.jpg,diabetic_retinopathy
DR340.jpg,E:\Main project\Batch 15\dataset\diabetic_retinopathy\DR340.jpg,diabetic_retinopathy
DR341.jpg,E:\Main project\Batch 15\dataset\diabetic_retinopathy\DR341.jpg,diabetic_retinopathy
DR342.jpg,E:\Main project\Batch 15\dataset\diabetic_retinopathy\DR342.jpg,diabetic_retinopathy
DR343.jpg,E:\Main project\Batch 15\dataset\diabetic_retinopathy\DR343.jpg,diabetic_retinopathy
DR344.jpg,E:\Main project\Batch 15\dataset\diabetic_retinopathy\DR344.jpg,diabetic_retinopathy
DR345.jpg,E:\Main project\Batch 15\dataset\diabetic_retinopathy\DR345.jpg,diabetic_retinopathy
DR346.jpg,E:\Main project\Batch 15\dataset\diabetic_retinopathy\DR346.jpg,diabetic_retinopathy
DR347.jpg,E:\Main project\Batch 15\dataset\diabetic_retinopathy\DR347.jpg,diabetic_retinopathy
DR348.jpg,E:\Main project\Batch 15\dataset\diabetic_retinopathy\DR348.jpg,diabetic_retinopathy
DR349.jpg,E:\Main project\Batch 15\dataset\diabetic_retinopathy\DR349.jpg,diabetic_retinopathy
DR35.jpg,E:\Main project\Batch 15\dataset\diabetic_retinopathy\DR35.jpg,diabetic_retinopathy
DR350.jpg,E:\Main project\Batch 15\dataset\diabetic_retinopathy\DR350.jpg,diabetic_retinopathy
DR351.jpg,E:\Main project\Batch 15\dataset\diabetic_retinopathy\DR351.jpg,diabetic_retinopathy
DR352.jpg,E:\Main project\Batch 15\dataset\diabetic_retinopathy\DR352.jpg,diabetic_retinopathy
DR353.jpg,E:\Main project\Batch 15\dataset\diabetic_retinopathy\DR353.jpg,diabetic_retinopathy
DR354.jpg,E:\Main project\Batch 15\dataset\diabetic_retinopathy\DR354.jpg,diabetic_retinopathy
DR355.jpg,E:\Main project\Batch 15\dataset\diabetic_retinopathy\DR355.jpg,diabetic_retinopathy
DR356.jpg,E:\Main project\Batch 15\dataset\diabetic_retinopathy\DR356.jpg,diabetic_retinopathy
DR357.jpg,E:\Main project\Batch 15\dataset\diabetic_retinopathy\DR357.jpg,diabetic_retinopathy
DR358.jpg,E:\Main project\Batch 15\dataset\diabetic_retinopathy\DR358.jpg,diabetic_retinopathy
DR359.jpg,E:\Main project\Batch 15\dataset\diabetic_retinopathy\DR359.jpg,diabetic_retinopathy
DR36.jpg,E:\Main project\Batch 15\dataset\diabetic_retinopathy\DR36.jpg,diabetic_retinopathy
DR360.jpg,E:\Main project\Batch 15\dataset\diabetic_retinopathy\DR360.jpg,diabetic_retinopathy
DR361.jpg,E:\Main project\Batch 15\dataset\diabetic_retinopathy\DR361.jpg,diabetic_retinopathy
DR362.jpg,E:\Main project\Batch 15\dataset\diabetic_retinopathy\DR362.jpg,diabetic_retinopathy
DR363.jpg,E:\Main project\Batch 15\dataset\diabetic_retinopathy\DR363.jpg,diabetic_retinopathy
DR364.jpg,E:\Main project\Batch 15\dataset\diabetic_retinopathy\DR364.jpg,diabetic_retinopathy
DR365.jpg,E:\Main project\Batch 15\dataset\diabetic_retinopathy\DR365.jpg,diabetic_retinopathy
DR366.jpg,E:\Main project\Batch 15\dataset\diabetic_retinopathy\DR366.jpg,diabetic_retinopathy
DR367.jpg,E:\Main project\Batch 15\dataset\diabetic_retinopathy\DR367.jpg,diabetic_retinopathy
DR368.jpg,E:\Main project\Batch 15\dataset\diabetic_retinopathy\DR368.jpg,diabetic_retinopathy
DR369.jpg,E:\Main project\Batch 15\dataset\diabetic_retinopathy\DR369.jpg,diabetic_retinopathy
DR37.jpg,E:\Main project\Batch 15\dataset\diabetic_retinopathy\DR37.jpg,diabetic_retinopathy
DR370.jpg,E:\Main project\Batch 15\dataset\diabetic_retinopathy\DR370.jpg,diabetic_retinopathy
DR371.jpg,E:\Main project\Batch 15\dataset\diabetic_retinopathy\DR371.jpg,diabetic_retinopathy
DR372.jpg,E:\Main project\Batch 15\dataset\diabetic_retinopathy\DR372.jpg,diabetic_retinopathy
DR373.jpg,E:\Main project\Batch 15\dataset\diabetic_retinopathy\DR373.jpg,diabetic_retinopathy
DR374.jpg,E:\Main project\Batch 15\dataset\diabetic_retinopathy\DR374.jpg,diabetic_retinopathy
DR375.jpg,E:\Main project\Batch 15\dataset\diabetic_retinopathy\DR375.jpg,diabetic_retinopathy
DR376.jpg,E:\Main project\Batch 15\dataset\diabetic_retinopathy\DR376.jpg,diabetic_retinopathy
DR377.jpg,E:\Main project\Batch 15\dataset\diabetic_retinopathy\DR377.jpg,diabetic_retinopathy
DR378.jpg,E:\Main project\Batch 15\dataset\diabetic_retinopathy\DR378.jpg,diabetic_retinopathy
DR379.jpg,E:\Main project\Batch 15\dataset\diabetic_retinopathy\DR379.jpg,diabetic_retinopathy
DR38.jpg,E:\Main project\Batch 15\dataset\diabetic_retinopathy\DR38.jpg,diabetic_retinopathy
DR380.jpg,E:\Main project\Batch 15\dataset\diabetic_retinopathy\DR380.jpg,diabetic_retinopathy
DR381.jpg,E:\Main project\Batch 15\dataset\diabetic_retinopathy\DR381.jpg,diabetic_retinopathy
DR382.jpg,E:\Main project\Batch 15\dataset\diabetic_retinopathy\DR382.jpg,diabetic_retinopathy
DR383.jpg,E:\Main project\Batch 15\dataset\diabetic_retinopathy\DR383.jpg,diabetic_retinopathy
DR384.jpg,E:\Main project\Batch 15\dataset\diabetic_retinopathy\DR384.jpg,diabetic_retinopathy
DR385.jpg,E:\Main project\Batch 15\dataset\diabetic_retinopathy\DR385.jpg,diabetic_retinopathy
DR386.jpg,E:\Main project\Batch 15\dataset\diabetic_retinopathy\DR386.jpg,diabetic_retinopathy
DR387.jpg,E:\Main project\Batch 15\dataset\diabetic_retinopathy\DR387.jpg,diabetic_retinopathy
DR388.jpg,E:\Main project\Batch 15\dataset\diabetic_retinopathy\DR388.jpg,diabetic_retinopathy
DR389.jpg,E:\Main project\Batch 15\dataset\diabetic_retinopathy\DR389.jpg,diabetic_retinopathy
DR39.jpg,E:\Main project\Batch 15\dataset\diabetic_retinopathy\DR39.jpg,diabetic_retinopathy
DR390.jpg,E:\Main project\Batch 15\dataset\diabetic_retinopathy\DR390.jpg,diabetic_retinopathy
DR391.jpg,E:\Main project\Batch 15\dataset\diabetic_retinopathy\DR391.jpg,diabetic_retinopathy
DR392.jpg,E:\Main project\Batch 15\dataset\diabetic_retinopathy\DR392.jpg,diabetic_retinopathy
DR393.jpg,E:\Main project\Batch 15\dataset\diabetic_retinopathy\DR393.jpg,diabetic_retinopathy
DR394.jpg,E:\Main project\Batch 15\dataset\diabetic_retinopathy\DR394.jpg,diabetic_retinopathy
DR395.jpg,E:\Main project\Batch 15\dataset\diabetic_retinopathy\DR395.jpg,diabetic_retinopathy
DR396.jpg,E:\Main project\Batch 15\dataset\diabetic_retinopathy\DR396.jpg,diabetic_retinopathy
DR397.jpg,E:\Main project\Batch 15\dataset\diabetic_retinopathy\DR397.jpg,diabetic_retinopathy
DR398.jpg,E:\Main project\Batch 15\dataset\diabetic_retinopathy\DR398.jpg,diabetic_retinopathy
DR399.jpg,E:\Main project\Batch 15\dataset\diabetic_retinopathy\DR399.jpg,diabetic_retinopathy
DR4.jpg,E:\Main project\Batch 15\dataset\diabetic_retinopathy\DR4.jpg,diabetic_retinopathy
DR40.jpg,E:\Main project\Batch 15\dataset\diabetic_retinopathy\DR40.jpg,diabetic_retinopathy
DR400.jpg,E:\Main project\Batch 15\dataset\diabetic_retinopathy\DR400.jpg,diabetic_retinopathy
DR401.jpg,E:\Main project\Batch 15\dataset\diabetic_retinopathy\DR401.jpg,diabetic_retinopathy
DR402.jpg,E:\Main project\Batch 15\dataset\diabetic_retinopathy\DR402.jpg,diabetic_retinopathy
DR403.jpg,E:\Main project\Batch 15\dataset\diabetic_retinopathy\DR403.jpg,diabetic_retinopathy
DR404.jpg,E:\Main project\Batch 15\dataset\diabetic_retinopathy\DR404.jpg,diabetic_retinopathy
DR405.jpg,E:\Main project\Batch 15\dataset\diabetic_retinopathy\DR405.jpg,diabetic_retinopathy
DR406.jpg,E:\Main project\Batch 15\dataset\diabetic_retinopathy\DR406.jpg,diabetic_retinopathy
DR407.jpg,E:\Main project\Batch 15\dataset\diabetic_retinopathy\DR407.jpg,diabetic_retinopathy
DR408.jpg,E:\Main project\Batch 15\dataset\diabetic_retinopathy\DR408.jpg,diabetic_retinopathy
DR409.jpg,E:\Main project\Batch 15\dataset\diabetic_retinopathy\DR409.jpg,diabetic_retinopathy
DR41.jpg,E:\Main project\Batch 15\dataset\diabetic_retinopathy\DR41.jpg,diabetic_retinopathy
DR410.jpg,E:\Main project\Batch 15\dataset\diabetic_retinopathy\DR410.jpg,diabetic_retinopathy
DR411.jpg,E:\Main project\Batch 15\dataset\diabetic_retinopathy\DR411.jpg,diabetic_retinopathy
DR412.jpg,E:\Main project\Batch 15\dataset\diabetic_retinopathy\DR412.jpg,diabetic_retinopathy
DR413.jpg,E:\Main project\Batch 15\dataset\diabetic_retinopathy\DR413.jpg,diabetic_retinopathy
DR414.jpg,E:\Main project\Batch 15\dataset\diabetic_retinopathy\DR414.jpg,diabetic_retinopathy
DR415.jpg,E:\Main project\Batch 15\dataset\diabetic_retinopathy\DR415.jpg,diabetic_retinopathy
DR416.jpg,E:\Main project\Batch 15\dataset\diabetic_retinopathy\DR416.jpg,diabetic_retinopathy
DR417.jpg,E:\Main project\Batch 15\dataset\diabetic_retinopathy\DR417.jpg,diabetic_retinopathy
DR418.jpg,E:\Main project\Batch 15\dataset\diabetic_retinopathy\DR418.jpg,diabetic_retinopathy
DR419.jpg,E:\Main project\Batch 15\dataset\diabetic_retinopathy\DR419.jpg,diabetic_retinopathy
DR42.jpg,E:\Main project\Batch 15\dataset\diabetic_retinopathy\DR42.jpg,diabetic_retinopathy
DR420.jpg,E:\Main project\Batch 15\dataset\diabetic_retinopathy\DR420.jpg,diabetic_retinopathy
DR421.jpg,E:\Main project\Batch 15\dataset\diabetic_retinopathy\DR421.jpg,diabetic_retinopathy
DR422.jpg,E:\Main project\Batch 15\dataset\diabetic_retinopathy\DR422.jpg,diabetic_retinopathy
DR423.jpg,E:\Main project\Batch 15\dataset\diabetic_retinopathy\DR423.jpg,diabetic_retinopathy
DR424.jpg,E:\Main project\Batch 15\dataset\diabetic_retinopathy\DR424.jpg,diabetic_retinopathy
DR425.jpg,E:\Main project\Batch 15\dataset\diabetic_retinopathy\DR425.jpg,diabetic_retinopathy
DR426.jpg,E:\Main project\Batch 15\dataset\diabetic_retinopathy\DR426.jpg,diabetic_retinopathy
DR427.jpg,E:\Main project\Batch 15\dataset\diabetic_retinopathy\DR427.jpg,diabetic_retinopathy
DR428.jpg,E:\Main project\Batch 15\dataset\diabetic_retinopathy\DR428.jpg,diabetic_retinopathy
DR429.jpg,E:\Main project\Batch 15\dataset\diabetic_retinopathy\DR429.jpg,diabetic_retinopathy
DR43.jpg,E:\Main project\Batch 15\dataset\diabetic_retinopathy\DR43.jpg,diabetic_retinopathy
DR430.jpg,E:\Main project\Batch 15\dataset\diabetic_retinopathy\DR430.jpg,diabetic_retinopathy
DR431.jpg,E:\Main project\Batch 15\dataset\diabetic_retinopathy\DR431.jpg,diabetic_retinopathy
DR432.jpg,E:\Main project\Batch 15\dataset\diabetic_retinopathy\DR432.jpg,diabetic_retinopathy
DR433.jpg,E:\Main project\Batch 15\dataset\diabetic_retinopathy\DR433.jpg,diabetic_retinopathy
DR434.jpg,E:\Main project\Batch 15\dataset\diabetic_retinopathy\DR434.jpg,diabetic_retinopathy
DR435.jpg,E:\Main project\Batch 15\dataset\diabetic_retinopathy\DR435.jpg,diabetic_retinopathy
DR436.jpg,E:\Main project\Batch 15\dataset\diabetic_retinopathy\DR436.jpg,diabetic_retinopathy
DR437.jpg,E:\Main project\Batch 15\dataset\diabetic_retinopathy\DR437.jpg,diabetic_retinopathy
DR438.jpg,E:\Main project\Batch 15\dataset\diabetic_retinopathy\DR438.jpg,diabetic_retinopathy
DR439.jpg,E:\Main project\Batch 15\dataset\diabetic_retinopathy\DR439.jpg,diabetic_retinopathy
DR44.jpg,E:\Main project\Batch 15\dataset\diabetic_retinopathy\DR44.jpg,diabetic_retinopathy
DR440.jpg,E:\Main project\Batch 15\dataset\diabetic_retinopathy\DR440.jpg,diabetic_retinopathy
DR441.jpg,E:\Main project\Batch 15\dataset\diabetic_retinopathy\DR441.jpg,diabetic_retinopathy
DR442.jpg,E:\Main project\Batch 15\dataset\diabetic_retinopathy\DR442.jpg,diabetic_retinopathy
DR443.jpg,E:\Main project\Batch 15\dataset\diabetic_retinopathy\DR443.jpg,diabetic_retinopathy
DR444.jpg,E:\Main project\Batch 15\dataset\diabetic_retinopathy\DR444.jpg,diabetic_retinopathy
DR445.jpg,E:\Main project\Batch 15\dataset\diabetic_retinopathy\DR445.jpg,diabetic_retinopathy
DR446.jpg,E:\Main project\Batch 15\dataset\diabetic_retinopathy\DR446.jpg,diabetic_retinopathy
DR447.jpg,E:\Main project\Batch 15\dataset\diabetic_retinopathy\DR447.jpg,diabetic_retinopathy
DR448.jpg,E:\Main project\Batch 15\dataset\diabetic_retinopathy\DR448.jpg,diabetic_retinopathy
DR449.jpg,E:\Main project\Batch 15\dataset\diabetic_retinopathy\DR449.jpg,diabetic_retinopathy
DR45.jpg,E:\Main project\Batch 15\dataset\diabetic_retinopathy\DR45.jpg,diabetic_retinopathy
DR450.jpg,E:\Main project\Batch 15\dataset\diabetic_retinopathy\DR450.jpg,diabetic_retinopathy
DR451.jpg,E:\Main project\Batch 15\dataset\diabetic_retinopathy\DR451.jpg,diabetic_retinopathy
DR452.jpg,E:\Main project\Batch 15\dataset\diabetic_retinopathy\DR452.jpg,diabetic_retinopathy
DR453.jpg,E:\Main project\Batch 15\dataset\diabetic_retinopathy\DR453.jpg,diabetic_retinopathy
DR454.jpg,E:\Main project\Batch 15\dataset\diabetic_retinopathy\DR454.jpg,diabetic_retinopathy
DR455.jpg,E:\Main project\Batch 15\dataset\diabetic_retinopathy\DR455.jpg,diabetic_retinopathy
DR456.jpg,E:\Main project\Batch 15\dataset\diabetic_retinopathy\DR456.jpg,diabetic_retinopathy
DR457.jpg,E:\Main project\Batch 15\dataset\diabetic_retinopathy\DR457.jpg,diabetic_retinopathy
DR458.jpg,E:\Main project\Batch 15\dataset\diabetic_retinopathy\DR458.jpg,diabetic_retinopathy
DR459.jpg,E:\Main project\Batch 15\dataset\diabetic_retinopathy\DR459.jpg,diabetic_retinopathy
DR46.jpg,E:\Main project\Batch 15\dataset\diabetic_retinopathy\DR46.jpg,diabetic_retinopathy
DR460.jpg,E:\Main project\Batch 15\dataset\diabetic_retinopathy\DR460.jpg,diabetic_retinopathy
DR461.jpg,E:\Main project\Batch 15\dataset\diabetic_retinopathy\DR461.jpg,diabetic_retinopathy
DR462.jpg,E:\Main project\Batch 15\dataset\diabetic_retinopathy\DR462.jpg,diabetic_retinopathy
DR463.jpg,E:\Main project\Batch 15\dataset\diabetic_retinopathy\DR463.jpg,diabetic_retinopathy
DR464.jpg,E:\Main project\Batch 15\dataset\diabetic_retinopathy\DR464.jpg,diabetic_retinopathy
DR465.jpg,E:\Main project\Batch 15\dataset\diabetic_retinopathy\DR465.jpg,diabetic_retinopathy
DR466.jpg,E:\Main project\Batch 15\dataset\diabetic_retinopathy\DR466.jpg,diabetic_retinopathy
DR467.jpg,E:\Main project\Batch 15\dataset\diabetic_retinopathy\DR467.jpg,diabetic_retinopathy
DR468.jpg,E:\Main project\Batch 15\dataset\diabetic_retinopathy\DR468.jpg,diabetic_retinopathy
DR47.jpg,E:\Main project\Batch 15\dataset\diabetic_retinopathy\DR47.jpg,diabetic_retinopathy
DR470.jpg,E:\Main project\Batch 15\dataset\diabetic_retinopathy\DR470.jpg,diabetic_retinopathy
DR471.jpg,E:\Main project\Batch 15\dataset\diabetic_retinopathy\DR471.jpg,diabetic_retinopathy
DR472.jpg,E:\Main project\Batch 15\dataset\diabetic_retinopathy\DR472.jpg,diabetic_retinopathy
DR473.jpg,E:\Main project\Batch 15\dataset\diabetic_retinopathy\DR473.jpg,diabetic_retinopathy
DR474.jpg,E:\Main project\Batch 15\dataset\diabetic_retinopathy\DR474.jpg,diabetic_retinopathy
DR475.jpg,E:\Main project\Batch 15\dataset\diabetic_retinopathy\DR475.jpg,diabetic_retinopathy
DR476.jpg,E:\Main project\Batch 15\dataset\diabetic_retinopathy\DR476.jpg,diabetic_retinopathy
DR477.jpg,E:\Main project\Batch 15\dataset\diabetic_retinopathy\DR477.jpg,diabetic_retinopathy
DR478.jpg,E:\Main project\Batch 15\dataset\diabetic_retinopathy\DR478.jpg,diabetic_retinopathy
DR479.jpg,E:\Main project\Batch 15\dataset\diabetic_retinopathy\DR479.jpg,diabetic_retinopathy
DR48.jpg,E:\Main project\Batch 15\dataset\diabetic_retinopathy\DR48.jpg,diabetic_retinopathy
DR480.jpg,E:\Main project\Batch 15\dataset\diabetic_retinopathy\DR480.jpg,diabetic_retinopathy
DR481.jpg,E:\Main project\Batch 15\dataset\diabetic_retinopathy\DR481.jpg,diabetic_retinopathy
DR482.jpg,E:\Main project\Batch 15\dataset\diabetic_retinopathy\DR482.jpg,diabetic_retinopathy
DR483.jpg,E:\Main project\Batch 15\dataset\diabetic_retinopathy\DR483.jpg,diabetic_retinopathy
DR484.jpg,E:\Main project\Batch 15\dataset\diabetic_retinopathy\DR484.jpg,diabetic_retinopathy
DR485.jpg,E:\Main project\Batch 15\dataset\diabetic_retinopathy\DR485.jpg,diabetic_retinopathy
DR486.jpg,E:\Main project\Batch 15\dataset\diabetic_retinopathy\DR486.jpg,diabetic_retinopathy
DR487.jpg,E:\Main project\Batch 15\dataset\diabetic_retinopathy\DR487.jpg,diabetic_retinopathy
DR488.jpg,E:\Main project\Batch 15\dataset\diabetic_retinopathy\DR488.jpg,diabetic_retinopathy
DR489.jpg,E:\Main project\Batch 15\dataset\diabetic_retinopathy\DR489.jpg,diabetic_retinopathy
DR49.jpg,E:\Main project\Batch 15\dataset\diabetic_retinopathy\DR49.jpg,diabetic_retinopathy
DR490.jpg,E:\Main project\Batch 15\dataset\diabetic_retinopathy\DR490.jpg,diabetic_retinopathy
DR491.jpg,E:\Main project\Batch 15\dataset\diabetic_retinopathy\DR491.jpg,diabetic_retinopathy
DR492.jpg,E:\Main project\Batch 15\dataset\diabetic_retinopathy\DR492.jpg,diabetic_retinopathy
DR493.jpg,E:\Main project\Batch 15\dataset\diabetic_retinopathy\DR493.jpg,diabetic_retinopathy
DR494.jpg,E:\Main project\Batch 15\dataset\diabetic_retinopathy\DR494.jpg,diabetic_retinopathy
DR495.jpg,E:\Main project\Batch 15\dataset\diabetic_retinopathy\DR495.jpg,diabetic_retinopathy
DR496.jpg,E:\Main project\Batch 15\dataset\diabetic_retinopathy\DR496.jpg,diabetic_retinopathy
DR497.jpg,E:\Main project\Batch 15\dataset\diabetic_retinopathy\DR497.jpg,diabetic_retinopathy
DR498.jpg,E:\Main project\Batch 15\dataset\diabetic_retinopathy\DR498.jpg,diabetic_retinopathy
DR499.jpg,E:\Main project\Batch 15\dataset\diabetic_retinopathy\DR499.jpg,diabetic_retinopathy
DR5.jpg,E:\Main project\Batch 15\dataset\diabetic_retinopathy\DR5.jpg,diabetic_retinopathy
DR50.jpg,E:\Main project\Batch 15\dataset\diabetic_retinopathy\DR50.jpg,diabetic_retinopathy
DR500.jpg,E:\Main project\Batch 15\dataset\diabetic_retinopathy\DR500.jpg,diabetic_retinopathy
DR501.jpg,E:\Main project\Batch 15\dataset\diabetic_retinopathy\DR501.jpg,diabetic_retinopathy
DR502.jpg,E:\Main project\Batch 15\dataset\diabetic_retinopathy\DR502.jpg,diabetic_retinopathy
DR503.jpg,E:\Main project\Batch 15\dataset\diabetic_retinopathy\DR503.jpg,diabetic_retinopathy
DR504.jpg,E:\Main project\Batch 15\dataset\diabetic_retinopathy\DR504.jpg,diabetic_retinopathy
DR505.jpg,E:\Main project\Batch 15\dataset\diabetic_retinopathy\DR505.jpg,diabetic_retinopathy
DR506.jpg,E:\Main project\Batch 15\dataset\diabetic_retinopathy\DR506.jpg,diabetic_retinopathy
DR507.jpg,E:\Main project\Batch 15\dataset\diabetic_retinopathy\DR507.jpg,diabetic_retinopathy
DR508.jpg,E:\Main project\Batch 15\dataset\diabetic_retinopathy\DR508.jpg,diabetic_retinopathy
DR509.jpg,E:\Main project\Batch 15\dataset\diabetic_retinopathy\DR509.jpg,diabetic_retinopathy
DR51.jpg,E:\Main project\Batch 15\dataset\diabetic_retinopathy\DR51.jpg,diabetic_retinopathy
DR510.jpg,E:\Main project\Batch 15\dataset\diabetic_retinopathy\DR510.jpg,diabetic_retinopathy
DR511.jpg,E:\Main project\Batch 15\dataset\diabetic_retinopathy\DR511.jpg,diabetic_retinopathy
DR512.jpg,E:\Main project\Batch 15\dataset\diabetic_retinopathy\DR512.jpg,diabetic_retinopathy
DR513.jpg,E:\Main project\Batch 15\dataset\diabetic_retinopathy\DR513.jpg,diabetic_retinopathy
DR514.jpg,E:\Main project\Batch 15\dataset\diabetic_retinopathy\DR514.jpg,diabetic_retinopathy
DR515.jpg,E:\Main project\Batch 15\dataset\diabetic_retinopathy\DR515.jpg,diabetic_retinopathy
DR516.jpg,E:\Main project\Batch 15\dataset\diabetic_retinopathy\DR516.jpg,diabetic_retinopathy
DR517.jpg,E:\Main project\Batch 15\dataset\diabetic_retinopathy\DR517.jpg,diabetic_retinopathy
DR518.jpg,E:\Main project\Batch 15\dataset\diabetic_retinopathy\DR518.jpg,diabetic_retinopathy
DR519.jpg,E:\Main project\Batch 15\dataset\diabetic_retinopathy\DR519.jpg,diabetic_retinopathy
DR52.jpg,E:\Main project\Batch 15\dataset\diabetic_retinopathy\DR52.jpg,diabetic_retinopathy
DR520.jpg,E:\Main project\Batch 15\dataset\diabetic_retinopathy\DR520.jpg,diabetic_retinopathy
DR521.jpg,E:\Main project\Batch 15\dataset\diabetic_retinopathy\DR521.jpg,diabetic_retinopathy
DR53.jpg,E:\Main project\Batch 15\dataset\diabetic_retinopathy\DR53.jpg,diabetic_retinopathy
DR534.jpg,E:\Main project\Batch 15\dataset\diabetic_retinopathy\DR534.jpg,diabetic_retinopathy
DR535.jpg,E:\Main project\Batch 15\dataset\diabetic_retinopathy\DR535.jpg,diabetic_retinopathy
DR536.jpg,E:\Main project\Batch 15\dataset\diabetic_retinopathy\DR536.jpg,diabetic_retinopathy
DR537.jpg,E:\Main project\Batch 15\dataset\diabetic_retinopathy\DR537.jpg,diabetic_retinopathy
DR538.jpg,E:\Main project\Batch 15\dataset\diabetic_retinopathy\DR538.jpg,diabetic_retinopathy
DR539.jpg,E:\Main project\Batch 15\dataset\diabetic_retinopathy\DR539.jpg,diabetic_retinopathy
DR54.jpg,E:\Main project\Batch 15\dataset\diabetic_retinopathy\DR54.jpg,diabetic_retinopathy
DR540.jpg,E:\Main project\Batch 15\dataset\diabetic_retinopathy\DR540.jpg,diabetic_retinopathy
DR541.jpg,E:\Main project\Batch 15\dataset\diabetic_retinopathy\DR541.jpg,diabetic_retinopathy
DR542.jpg,E:\Main project\Batch 15\dataset\diabetic_retinopathy\DR542.jpg,diabetic_retinopathy
DR543.jpg,E:\Main project\Batch 15\dataset\diabetic_retinopathy\DR543.jpg,diabetic_retinopathy
DR544.jpg,E:\Main project\Batch 15\dataset\diabetic_retinopathy\DR544.jpg,diabetic_retinopathy
DR545.jpg,E:\Main project\Batch 15\dataset\diabetic_retinopathy\DR545.jpg,diabetic_retinopathy
DR546.jpg,E:\Main project\Batch 15\dataset\diabetic_retinopathy\DR546.jpg,diabetic_retinopathy
DR547.jpg,E:\Main project\Batch 15\dataset\diabetic_retinopathy\DR547.jpg,diabetic_retinopathy
DR548.jpg,E:\Main project\Batch 15\dataset\diabetic_retinopathy\DR548.jpg,diabetic_retinopathy
DR549.jpg,E:\Main project\Batch 15\dataset\diabetic_retinopathy\DR549.jpg,diabetic_retinopathy
DR55.jpg,E:\Main project\Batch 15\dataset\diabetic_retinopathy\DR55.jpg,diabetic_retinopathy
DR550.jpg,E:\Main project\Batch 15\dataset\diabetic_retinopathy\DR550.jpg,diabetic_retinopathy
DR551.jpg,E:\Main project\Batch 15\dataset\diabetic_retinopathy\DR551.jpg,diabetic_retinopathy
DR552.jpg,E:\Main project\Batch 15\dataset\diabetic_retinopathy\DR552.jpg,diabetic_retinopathy
DR553.jpg,E:\Main project\Batch 15\dataset\diabetic_retinopathy\DR553.jpg,diabetic_retinopathy
DR554.jpg,E:\Main project\Batch 15\dataset\diabetic_retinopathy\DR554.jpg,diabetic_retinopathy
DR555.jpg,E:\Main project\Batch 15\dataset\diabetic_retinopathy\DR555.jpg,diabetic_retinopathy
DR556.jpg,E:\Main project\Batch 15\dataset\diabetic_retinopathy\DR556.jpg,diabetic_retinopathy
DR557.jpg,E:\Main project\Batch 15\dataset\diabetic_retinopathy\DR557.jpg,diabetic_retinopathy
DR558.jpg,E:\Main project\Batch 15\dataset\diabetic_retinopathy\DR558.jpg,diabetic_retinopathy
DR559.jpg,E:\Main project\Batch 15\dataset\diabetic_retinopathy\DR559.jpg,diabetic_retinopathy
DR56.jpg,E:\Main project\Batch 15\dataset\diabetic_retinopathy\DR56.jpg,diabetic_retinopathy
DR560.jpg,E:\Main project\Batch 15\dataset\diabetic_retinopathy\DR560.jpg,diabetic_retinopathy
DR561.jpg,E:\Main project\Batch 15\dataset\diabetic_retinopathy\DR561.jpg,diabetic_retinopathy
DR562.jpg,E:\Main project\Batch 15\dataset\diabetic_retinopathy\DR562.jpg,diabetic_retinopathy
DR563.jpg,E:\Main project\Batch 15\dataset\diabetic_retinopathy\DR563.jpg,diabetic_retinopathy
DR564.jpg,E:\Main project\Batch 15\dataset\diabetic_retinopathy\DR564.jpg,diabetic_retinopathy
DR565.jpg,E:\Main project\Batch 15\dataset\diabetic_retinopathy\DR565.jpg,diabetic_retinopathy
DR566.jpg,E:\Main project\Batch 15\dataset\diabetic_retinopathy\DR566.jpg,diabetic_retinopathy
DR567.jpg,E:\Main project\Batch 15\dataset\diabetic_retinopathy\DR567.jpg,diabetic_retinopathy
DR568.jpg,E:\Main project\Batch 15\dataset\diabetic_retinopathy\DR568.jpg,diabetic_retinopathy
DR569.jpg,E:\Main project\Batch 15\dataset\diabetic_retinopathy\DR569.jpg,diabetic_retinopathy
DR57.jpg,E:\Main project\Batch 15\dataset\diabetic_retinopathy\DR57.jpg,diabetic_retinopathy
DR570.jpg,E:\Main project\Batch 15\dataset\diabetic_retinopathy\DR570.jpg,diabetic_retinopathy
DR571.jpg,E:\Main project\Batch 15\dataset\diabetic_retinopathy\DR571.jpg,diabetic_retinopathy
DR572.jpg,E:\Main project\Batch 15\dataset\diabetic_retinopathy\DR572.jpg,diabetic_retinopathy
DR573.jpg,E:\Main project\Batch 15\dataset\diabetic_retinopathy\DR573.jpg,diabetic_retinopathy
DR574.jpg,E:\Main project\Batch 15\dataset\diabetic_retinopathy\DR574.jpg,diabetic_retinopathy
DR575.jpg,E:\Main project\Batch 15\dataset\diabetic_retinopathy\DR575.jpg,diabetic_retinopathy
DR576.jpg,E:\Main project\Batch 15\dataset\diabetic_retinopathy\DR576.jpg,diabetic_retinopathy
DR577.jpg,E:\Main project\Batch 15\dataset\diabetic_retinopathy\DR577.jpg,diabetic_retinopathy
DR578.jpg,E:\Main project\Batch 15\dataset\diabetic_retinopathy\DR578.jpg,diabetic_retinopathy
DR579.jpg,E:\Main project\Batch 15\dataset\diabetic_retinopathy\DR579.jpg,diabetic_retinopathy
DR58.jpg,E:\Main project\Batch 15\dataset\diabetic_retinopathy\DR58.jpg,diabetic_retinopathy
DR580.jpg,E:\Main project\Batch 15\dataset\diabetic_retinopathy\DR580.jpg,diabetic_retinopathy
DR581.jpg,E:\Main project\Batch 15\dataset\diabetic_retinopathy\DR581.jpg,diabetic_retinopathy
DR582.jpg,E:\Main project\Batch 15\dataset\diabetic_retinopathy\DR582.jpg,diabetic_retinopathy
DR583.jpg,E:\Main project\Batch 15\dataset\diabetic_retinopathy\DR583.jpg,diabetic_retinopathy
DR584.jpg,E:\Main project\Batch 15\dataset\diabetic_retinopathy\DR584.jpg,diabetic_retinopathy
DR585.jpg,E:\Main project\Batch 15\dataset\diabetic_retinopathy\DR585.jpg,diabetic_retinopathy
DR586.jpg,E:\Main project\Batch 15\dataset\diabetic_retinopathy\DR586.jpg,diabetic_retinopathy
DR587.jpg,E:\Main project\Batch 15\dataset\diabetic_retinopathy\DR587.jpg,diabetic_retinopathy
DR588.jpg,E:\Main project\Batch 15\dataset\diabetic_retinopathy\DR588.jpg,diabetic_retinopathy
DR589.jpg,E:\Main project\Batch 15\dataset\diabetic_retinopathy\DR589.jpg,diabetic_retinopathy
DR59.jpg,E:\Main project\Batch 15\dataset\diabetic_retinopathy\DR59.jpg,diabetic_retinopathy
DR590.jpg,E:\Main project\Batch 15\dataset\diabetic_retinopathy\DR590.jpg,diabetic_retinopathy
DR591.jpg,E:\Main project\Batch 15\dataset\diabetic_retinopathy\DR591.jpg,diabetic_retinopathy
DR592.jpg,E:\Main project\Batch 15\dataset\diabetic_retinopathy\DR592.jpg,diabetic_retinopathy
DR593.jpg,E:\Main project\Batch 15\dataset\diabetic_retinopathy\DR593.jpg,diabetic_retinopathy
DR594.jpg,E:\Main project\Batch 15\dataset\diabetic_retinopathy\DR594.jpg,diabetic_retinopathy
DR595.jpg,E:\Main project\Batch 15\dataset\diabetic_retinopathy\DR595.jpg,diabetic_retinopathy
DR596.jpg,E:\Main project\Batch 15\dataset\diabetic_retinopathy\DR596.jpg,diabetic_retinopathy
DR597.jpg,E:\Main project\Batch 15\dataset\diabetic_retinopathy\DR597.jpg,diabetic_retinopathy
DR598.jpg,E:\Main project\Batch 15\dataset\diabetic_retinopathy\DR598.jpg,diabetic_retinopathy
DR599.jpg,E:\Main project\Batch 15\dataset\diabetic_retinopathy\DR599.jpg,diabetic_retinopathy
DR6.jpg,E:\Main project\Batch 15\dataset\diabetic_retinopathy\DR6.jpg,diabetic_retinopathy
DR60.jpg,E:\Main project\Batch 15\dataset\diabetic_retinopathy\DR60.jpg,diabetic_retinopathy
DR600.jpg,E:\Main project\Batch 15\dataset\diabetic_retinopathy\DR600.jpg,diabetic_retinopathy
DR601.jpg,E:\Main project\Batch 15\dataset\diabetic_retinopathy\DR601.jpg,diabetic_retinopathy
DR602.jpg,E:\Main project\Batch 15\dataset\diabetic_retinopathy\DR602.jpg,diabetic_retinopathy
DR603.jpg,E:\Main project\Batch 15\dataset\diabetic_retinopathy\DR603.jpg,diabetic_retinopathy
DR604.jpg,E:\Main project\Batch 15\dataset\diabetic_retinopathy\DR604.jpg,diabetic_retinopathy
DR605.jpg,E:\Main project\Batch 15\dataset\diabetic_retinopathy\DR605.jpg,diabetic_retinopathy
DR606.jpg,E:\Main project\Batch 15\dataset\diabetic_retinopathy\DR606.jpg,diabetic_retinopathy
DR607.jpg,E:\Main project\Batch 15\dataset\diabetic_retinopathy\DR607.jpg,diabetic_retinopathy
DR608.jpg,E:\Main project\Batch 15\dataset\diabetic_retinopathy\DR608.jpg,diabetic_retinopathy
DR609.jpg,E:\Main project\Batch 15\dataset\diabetic_retinopathy\DR609.jpg,diabetic_retinopathy
DR61.jpg,E:\Main project\Batch 15\dataset\diabetic_retinopathy\DR61.jpg,diabetic_retinopathy
DR610.jpg,E:\Main project\Batch 15\dataset\diabetic_retinopathy\DR610.jpg,diabetic_retinopathy
DR611.jpg,E:\Main project\Batch 15\dataset\diabetic_retinopathy\DR611.jpg,diabetic_retinopathy
DR612.jpg,E:\Main project\Batch 15\dataset\diabetic_retinopathy\DR612.jpg,diabetic_retinopathy
DR613.jpg,E:\Main project\Batch 15\dataset\diabetic_retinopathy\DR613.jpg,diabetic_retinopathy
DR614.jpg,E:\Main project\Batch 15\dataset\diabetic_retinopathy\DR614.jpg,diabetic_retinopathy
DR615.jpg,E:\Main project\Batch 15\dataset\diabetic_retinopathy\DR615.jpg,diabetic_retinopathy
DR616.jpg,E:\Main project\Batch 15\dataset\diabetic_retinopathy\DR616.jpg,diabetic_retinopathy
DR617.jpg,E:\Main project\Batch 15\dataset\diabetic_retinopathy\DR617.jpg,diabetic_retinopathy
DR618.jpg,E:\Main project\Batch 15\dataset\diabetic_retinopathy\DR618.jpg,diabetic_retinopathy
DR619.jpg,E:\Main project\Batch 15\dataset\diabetic_retinopathy\DR619.jpg,diabetic_retinopathy
DR62.jpg,E:\Main project\Batch 15\dataset\diabetic_retinopathy\DR62.jpg,diabetic_retinopathy
DR620.jpg,E:\Main project\Batch 15\dataset\diabetic_retinopathy\DR620.jpg,diabetic_retinopathy
DR621.jpg,E:\Main project\Batch 15\dataset\diabetic_retinopathy\DR621.jpg,diabetic_retinopathy
DR622.jpg,E:\Main project\Batch 15\dataset\diabetic_retinopathy\DR622.jpg,diabetic_retinopathy
DR623.jpg,E:\Main project\Batch 15\dataset\diabetic_retinopathy\DR623.jpg,diabetic_retinopathy
DR624.jpg,E:\Main project\Batch 15\dataset\diabetic_retinopathy\DR624.jpg,diabetic_retinopathy
DR625.jpg,E:\Main project\Batch 15\dataset\diabetic_retinopathy\DR625.jpg,diabetic_retinopathy
DR626.jpg,E:\Main project\Batch 15\dataset\diabetic_retinopathy\DR626.jpg,diabetic_retinopathy
DR627.jpg,E:\Main project\Batch 15\dataset\diabetic_retinopathy\DR627.jpg,diabetic_retinopathy
DR628.jpg,E:\Main project\Batch 15\dataset\diabetic_retinopathy\DR628.jpg,diabetic_retinopathy
DR629.jpg,E:\Main project\Batch 15\dataset\diabetic_retinopathy\DR629.jpg,diabetic_retinopathy
DR63.jpg,E:\Main project\Batch 15\dataset\diabetic_retinopathy\DR63.jpg,diabetic_retinopathy
DR630.jpg,E:\Main project\Batch 15\dataset\diabetic_retinopathy\DR630.jpg,diabetic_retinopathy
DR631.jpg,E:\Main project\Batch 15\dataset\diabetic_retinopathy\DR631.jpg,diabetic_retinopathy
DR632.jpg,E:\Main project\Batch 15\dataset\diabetic_retinopathy\DR632.jpg,diabetic_retinopathy
DR633.jpg,E:\Main project\Batch 15\dataset\diabetic_retinopathy\DR633.jpg,diabetic_retinopathy
DR634.jpg,E:\Main project\Batch 15\dataset\diabetic_retinopathy\DR634.jpg,diabetic_retinopathy
DR635.jpg,E:\Main project\Batch 15\dataset\diabetic_retinopathy\DR635.jpg,diabetic_retinopathy
DR636.jpg,E:\Main project\Batch 15\dataset\diabetic_retinopathy\DR636.jpg,diabetic_retinopathy
DR637.jpg,E:\Main project\Batch 15\dataset\diabetic_retinopathy\DR637.jpg,diabetic_retinopathy
DR639.jpg,E:\Main project\Batch 15\dataset\diabetic_retinopathy\DR639.jpg,diabetic_retinopathy
DR64.jpg,E:\Main project\Batch 15\dataset\diabetic_retinopathy\DR64.jpg,diabetic_retinopathy
DR640.jpg,E:\Main project\Batch 15\dataset\diabetic_retinopathy\DR640.jpg,diabetic_retinopathy
DR641.jpg,E:\Main project\Batch 15\dataset\diabetic_retinopathy\DR641.jpg,diabetic_retinopathy
DR642.jpg,E:\Main project\Batch 15\dataset\diabetic_retinopathy\DR642.jpg,diabetic_retinopathy
DR643.jpg,E:\Main project\Batch 15\dataset\diabetic_retinopathy\DR643.jpg,diabetic_retinopathy
DR644.jpg,E:\Main project\Batch 15\dataset\diabetic_retinopathy\DR644.jpg,diabetic_retinopathy
DR645.jpg,E:\Main project\Batch 15\dataset\diabetic_retinopathy\DR645.jpg,diabetic_retinopathy
DR646.jpg,E:\Main project\Batch 15\dataset\diabetic_retinopathy\DR646.jpg,diabetic_retinopathy
DR647.jpg,E:\Main project\Batch 15\dataset\diabetic_retinopathy\DR647.jpg,diabetic_retinopathy
DR648.jpg,E:\Main project\Batch 15\dataset\diabetic_retinopathy\DR648.jpg,diabetic_retinopathy
DR649.jpg,E:\Main project\Batch 15\dataset\diabetic_retinopathy\DR649.jpg,diabetic_retinopathy
DR65.jpg,E:\Main project\Batch 15\dataset\diabetic_retinopathy\DR65.jpg,diabetic_retinopathy
DR650.jpg,E:\Main project\Batch 15\dataset\diabetic_retinopathy\DR650.jpg,diabetic_retinopathy
DR651.jpg,E:\Main project\Batch 15\dataset\diabetic_retinopathy\DR651.jpg,diabetic_retinopathy
DR652.jpg,E:\Main project\Batch 15\dataset\diabetic_retinopathy\DR652.jpg,diabetic_retinopathy
DR653.jpg,E:\Main project\Batch 15\dataset\diabetic_retinopathy\DR653.jpg,diabetic_retinopathy
DR654.jpg,E:\Main project\Batch 15\dataset\diabetic_retinopathy\DR654.jpg,diabetic_retinopathy
DR655.jpg,E:\Main project\Batch 15\dataset\diabetic_retinopathy\DR655.jpg,diabetic_retinopathy
DR656.jpg,E:\Main project\Batch 15\dataset\diabetic_retinopathy\DR656.jpg,diabetic_retinopathy
DR657.jpg,E:\Main project\Batch 15\dataset\diabetic_retinopathy\DR657.jpg,diabetic_retinopathy
DR658.jpg,E:\Main project\Batch 15\dataset\diabetic_retinopathy\DR658.jpg,diabetic_retinopathy
DR659.jpg,E:\Main project\Batch 15\dataset\diabetic_retinopathy\DR659.jpg,diabetic_retinopathy
DR66.jpg,E:\Main project\Batch 15\dataset\diabetic_retinopathy\DR66.jpg,diabetic_retinopathy
DR660.jpg,E:\Main project\Batch 15\dataset\diabetic_retinopathy\DR660.jpg,diabetic_retinopathy
DR661.jpg,E:\Main project\Batch 15\dataset\diabetic_retinopathy\DR661.jpg,diabetic_retinopathy
DR662.jpg,E:\Main project\Batch 15\dataset\diabetic_retinopathy\DR662.jpg,diabetic_retinopathy
DR663.jpg,E:\Main project\Batch 15\dataset\diabetic_retinopathy\DR663.jpg,diabetic_retinopathy
DR664.jpg,E:\Main project\Batch 15\dataset\diabetic_retinopathy\DR664.jpg,diabetic_retinopathy
DR665.jpg,E:\Main project\Batch 15\dataset\diabetic_retinopathy\DR665.jpg,diabetic_retinopathy
DR666.jpg,E:\Main project\Batch 15\dataset\diabetic_retinopathy\DR666.jpg,diabetic_retinopathy
DR667.jpg,E:\Main project\Batch 15\dataset\diabetic_retinopathy\DR667.jpg,diabetic_retinopathy
DR668.jpg,E:\Main project\Batch 15\dataset\diabetic_retinopathy\DR668.jpg,diabetic_retinopathy
DR669.jpg,E:\Main project\Batch 15\dataset\diabetic_retinopathy\DR669.jpg,diabetic_retinopathy
DR67.jpg,E:\Main project\Batch 15\dataset\diabetic_retinopathy\DR67.jpg,diabetic_retinopathy
DR670.jpg,E:\Main project\Batch 15\dataset\diabetic_retinopathy\DR670.jpg,diabetic_retinopathy
DR671.jpg,E:\Main project\Batch 15\dataset\diabetic_retinopathy\DR671.jpg,diabetic_retinopathy
DR672.jpg,E:\Main project\Batch 15\dataset\diabetic_retinopathy\DR672.jpg,diabetic_retinopathy
DR673.jpg,E:\Main project\Batch 15\dataset\diabetic_retinopathy\DR673.jpg,diabetic_retinopathy
DR674.jpg,E:\Main project\Batch 15\dataset\diabetic_retinopathy\DR674.jpg,diabetic_retinopathy
DR675.jpg,E:\Main project\Batch 15\dataset\diabetic_retinopathy\DR675.jpg,diabetic_retinopathy
DR676.jpg,E:\Main project\Batch 15\dataset\diabetic_retinopathy\DR676.jpg,diabetic_retinopathy
DR677.jpg,E:\Main project\Batch 15\dataset\diabetic_retinopathy\DR677.jpg,diabetic_retinopathy
DR678.jpg,E:\Main project\Batch 15\dataset\diabetic_retinopathy\DR678.jpg,diabetic_retinopathy
DR68.jpg,E:\Main project\Batch 15\dataset\diabetic_retinopathy\DR68.jpg,diabetic_retinopathy
DR680.jpg,E:\Main project\Batch 15\dataset\diabetic_retinopathy\DR680.jpg,diabetic_retinopathy
DR681.jpg,E:\Main project\Batch 15\dataset\diabetic_retinopathy\DR681.jpg,diabetic_retinopathy
DR682.jpg,E:\Main project\Batch 15\dataset\diabetic_retinopathy\DR682.jpg,diabetic_retinopathy
DR683.jpg,E:\Main project\Batch 15\dataset\diabetic_retinopathy\DR683.jpg,diabetic_retinopathy
DR684.jpg,E:\Main project\Batch 15\dataset\diabetic_retinopathy\DR684.jpg,diabetic_retinopathy
DR685.jpg,E:\Main project\Batch 15\dataset\diabetic_retinopathy\DR685.jpg,diabetic_retinopathy
DR686.jpg,E:\Main project\Batch 15\dataset\diabetic_retinopathy\DR686.jpg,diabetic_retinopathy
DR687.jpg,E:\Main project\Batch 15\dataset\diabetic_retinopathy\DR687.jpg,diabetic_retinopathy
DR688.jpg,E:\Main project\Batch 15\dataset\diabetic_retinopathy\DR688.jpg,diabetic_retinopathy
DR689.jpg,E:\Main project\Batch 15\dataset\diabetic_retinopathy\DR689.jpg,diabetic_retinopathy
DR69.jpg,E:\Main project\Batch 15\dataset\diabetic_retinopathy\DR69.jpg,diabetic_retinopathy
DR690.jpg,E:\Main project\Batch 15\dataset\diabetic_retinopathy\DR690.jpg,diabetic_retinopathy
DR691.jpg,E:\Main project\Batch 15\dataset\diabetic_retinopathy\DR691.jpg,diabetic_retinopathy
DR692.jpg,E:\Main project\Batch 15\dataset\diabetic_retinopathy\DR692.jpg,diabetic_retinopathy
DR693.jpg,E:\Main project\Batch 15\dataset\diabetic_retinopathy\DR693.jpg,diabetic_retinopathy
DR694.jpg,E:\Main project\Batch 15\dataset\diabetic_retinopathy\DR694.jpg,diabetic_retinopathy
DR695.jpg,E:\Main project\Batch 15\dataset\diabetic_retinopathy\DR695.jpg,diabetic_retinopathy
DR696.jpg,E:\Main project\Batch 15\dataset\diabetic_retinopathy\DR696.jpg,diabetic_retinopathy
DR697.jpg,E:\Main project\Batch 15\dataset\diabetic_retinopathy\DR697.jpg,diabetic_retinopathy
DR698.jpg,E:\Main project\Batch 15\dataset\diabetic_retinopathy\DR698.jpg,diabetic_retinopathy
DR699.jpg,E:\Main project\Batch 15\dataset\diabetic_retinopathy\DR699.jpg,diabetic_retinopathy
DR7.jpg,E:\Main project\Batch 15\dataset\diabetic_retinopathy\DR7.jpg,diabetic_retinopathy
DR70.jpg,E:\Main project\Batch 15\dataset\diabetic_retinopathy\DR70.jpg,diabetic_retinopathy
DR700.jpg,E:\Main project\Batch 15\dataset\diabetic_retinopathy\DR700.jpg,diabetic_retinopathy
DR701.jpg,E:\Main project\Batch 15\dataset\diabetic_retinopathy\DR701.jpg,diabetic_retinopathy
DR702.jpg,E:\Main project\Batch 15\dataset\diabetic_retinopathy\DR702.jpg,diabetic_retinopathy
DR703.jpg,E:\Main project\Batch 15\dataset\diabetic_retinopathy\DR703.jpg,diabetic_retinopathy
DR704.jpg,E:\Main project\Batch 15\dataset\diabetic_retinopathy\DR704.jpg,diabetic_retinopathy
DR705.jpg,E:\Main project\Batch 15\dataset\diabetic_retinopathy\DR705.jpg,diabetic_retinopathy
DR706.jpg,E:\Main project\Batch 15\dataset\diabetic_retinopathy\DR706.jpg,diabetic_retinopathy
DR707.jpg,E:\Main project\Batch 15\dataset\diabetic_retinopathy\DR707.jpg,diabetic_retinopathy
DR708.jpg,E:\Main project\Batch 15\dataset\diabetic_retinopathy\DR708.jpg,diabetic_retinopathy
DR709.jpg,E:\Main project\Batch 15\dataset\diabetic_retinopathy\DR709.jpg,diabetic_retinopathy
DR71.jpg,E:\Main project\Batch 15\dataset\diabetic_retinopathy\DR71.jpg,diabetic_retinopathy
DR710.jpg,E:\Main project\Batch 15\dataset\diabetic_retinopathy\DR710.jpg,diabetic_retinopathy
DR711.jpg,E:\Main project\Batch 15\dataset\diabetic_retinopathy\DR711.jpg,diabetic_retinopathy
DR712.jpg,E:\Main project\Batch 15\dataset\diabetic_retinopathy\DR712.jpg,diabetic_retinopathy
DR713.jpg,E:\Main project\Batch 15\dataset\diabetic_retinopathy\DR713.jpg,diabetic_retinopathy
DR714.jpg,E:\Main project\Batch 15\dataset\diabetic_retinopathy\DR714.jpg,diabetic_retinopathy
DR715.jpg,E:\Main project\Batch 15\dataset\diabetic_retinopathy\DR715.jpg,diabetic_retinopathy
DR716.jpg,E:\Main project\Batch 15\dataset\diabetic_retinopathy\DR716.jpg,diabetic_retinopathy
DR717.jpg,E:\Main project\Batch 15\dataset\diabetic_retinopathy\DR717.jpg,diabetic_retinopathy
DR718.jpg,E:\Main project\Batch 15\dataset\diabetic_retinopathy\DR718.jpg,diabetic_retinopathy
DR719.jpg,E:\Main project\Batch 15\dataset\diabetic_retinopathy\DR719.jpg,diabetic_retinopathy
DR72.jpg,E:\Main project\Batch 15\dataset\diabetic_retinopathy\DR72.jpg,diabetic_retinopathy
DR720.jpg,E:\Main project\Batch 15\dataset\diabetic_retinopathy\DR720.jpg,diabetic_retinopathy
DR721.jpg,E:\Main project\Batch 15\dataset\diabetic_retinopathy\DR721.jpg,diabetic_retinopathy
DR722.jpg,E:\Main project\Batch 15\dataset\diabetic_retinopathy\DR722.jpg,diabetic_retinopathy
DR723.jpg,E:\Main project\Batch 15\dataset\diabetic_retinopathy\DR723.jpg,diabetic_retinopathy
DR724.jpg,E:\Main project\Batch 15\dataset\diabetic_retinopathy\DR724.jpg,diabetic_retinopathy
DR725.jpg,E:\Main project\Batch 15\dataset\diabetic_retinopathy\DR725.jpg,diabetic_retinopathy
DR726.jpg,E:\Main project\Batch 15\dataset\diabetic_retinopathy\DR726.jpg,diabetic_retinopathy
DR727.jpg,E:\Main project\Batch 15\dataset\diabetic_retinopathy\DR727.jpg,diabetic_retinopathy
DR728.jpg,E:\Main project\Batch 15\dataset\diabetic_retinopathy\DR728.jpg,diabetic_retinopathy
DR729.jpg,E:\Main project\Batch 15\dataset\diabetic_retinopathy\DR729.jpg,diabetic_retinopathy
DR73.jpg,E:\Main project\Batch 15\dataset\diabetic_retinopathy\DR73.jpg,diabetic_retinopathy
DR730.jpg,E:\Main project\Batch 15\dataset\diabetic_retinopathy\DR730.jpg,diabetic_retinopathy
DR731.jpg,E:\Main project\Batch 15\dataset\diabetic_retinopathy\DR731.jpg,diabetic_retinopathy
DR732.jpg,E:\Main project\Batch 15\dataset\diabetic_retinopathy\DR732.jpg,diabetic_retinopathy
DR733.jpg,E:\Main project\Batch 15\dataset\diabetic_retinopathy\DR733.jpg,diabetic_retinopathy
DR734.jpg,E:\Main project\Batch 15\dataset\diabetic_retinopathy\DR734.jpg,diabetic_retinopathy
DR735.jpg,E:\Main project\Batch 15\dataset\diabetic_retinopathy\DR735.jpg,diabetic_retinopathy
DR736.jpg,E:\Main project\Batch 15\dataset\diabetic_retinopathy\DR736.jpg,diabetic_retinopathy
DR737.jpg,E:\Main project\Batch 15\dataset\diabetic_retinopathy\DR737.jpg,diabetic_retinopathy
DR738.jpg,E:\Main project\Batch 15\dataset\diabetic_retinopathy\DR738.jpg,diabetic_retinopathy
DR739.jpg,E:\Main project\Batch 15\dataset\diabetic_retinopathy\DR739.jpg,diabetic_retinopathy
DR74.jpg,E:\Main project\Batch 15\dataset\diabetic_retinopathy\DR74.jpg,diabetic_retinopathy
DR740.jpg,E:\Main project\Batch 15\dataset\diabetic_retinopathy\DR740.jpg,diabetic_retinopathy
DR741.jpg,E:\Main project\Batch 15\dataset\diabetic_retinopathy\DR741.jpg,diabetic_retinopathy
DR742.jpg,E:\Main project\Batch 15\dataset\diabetic_retinopathy\DR742.jpg,diabetic_retinopathy
DR743.jpg,E:\Main project\Batch 15\dataset\diabetic_retinopathy\DR743.jpg,diabetic_retinopathy
DR744.jpg,E:\Main project\Batch 15\dataset\diabetic_retinopathy\DR744.jpg,diabetic_retinopathy
DR745.jpg,E:\Main project\Batch 15\dataset\diabetic_retinopathy\DR745.jpg,diabetic_retinopathy
DR746.jpg,E:\Main project\Batch 15\dataset\diabetic_retinopathy\DR746.jpg,diabetic_retinopathy
DR747.jpg,E:\Main project\Batch 15\dataset\diabetic_retinopathy\DR747.jpg,diabetic_retinopathy
DR748.jpg,E:\Main project\Batch 15\dataset\diabetic_retinopathy\DR748.jpg,diabetic_retinopathy
DR749.jpg,E:\Main project\Batch 15\dataset\diabetic_retinopathy\DR749.jpg,diabetic_retinopathy
DR75.jpg,E:\Main project\Batch 15\dataset\diabetic_retinopathy\DR75.jpg,diabetic_retinopathy
DR750.jpg,E:\Main project\Batch 15\dataset\diabetic_retinopathy\DR750.jpg,diabetic_retinopathy
DR751.jpg,E:\Main project\Batch 15\dataset\diabetic_retinopathy\DR751.jpg,diabetic_retinopathy
DR752.jpg,E:\Main project\Batch 15\dataset\diabetic_retinopathy\DR752.jpg,diabetic_retinopathy
DR753.jpg,E:\Main project\Batch 15\dataset\diabetic_retinopathy\DR753.jpg,diabetic_retinopathy
DR754.jpg,E:\Main project\Batch 15\dataset\diabetic_retinopathy\DR754.jpg,diabetic_retinopathy
DR755.jpg,E:\Main project\Batch 15\dataset\diabetic_retinopathy\DR755.jpg,diabetic_retinopathy
DR756.jpg,E:\Main project\Batch 15\dataset\diabetic_retinopathy\DR756.jpg,diabetic_retinopathy
DR757.jpg,E:\Main project\Batch 15\dataset\diabetic_retinopathy\DR757.jpg,diabetic_retinopathy
DR758.jpg,E:\Main project\Batch 15\dataset\diabetic_retinopathy\DR758.jpg,diabetic_retinopathy
DR759.jpg,E:\Main project\Batch 15\dataset\diabetic_retinopathy\DR759.jpg,diabetic_retinopathy
DR76.jpg,E:\Main project\Batch 15\dataset\diabetic_retinopathy\DR76.jpg,diabetic_retinopathy
DR760.jpg,E:\Main project\Batch 15\dataset\diabetic_retinopathy\DR760.jpg,diabetic_retinopathy
DR761.jpg,E:\Main project\Batch 15\dataset\diabetic_retinopathy\DR761.jpg,diabetic_retinopathy
DR762.jpg,E:\Main project\Batch 15\dataset\diabetic_retinopathy\DR762.jpg,diabetic_retinopathy
DR763.jpg,E:\Main project\Batch 15\dataset\diabetic_retinopathy\DR763.jpg,diabetic_retinopathy
DR764.jpg,E:\Main project\Batch 15\dataset\diabetic_retinopathy\DR764.jpg,diabetic_retinopathy
DR765.jpg,E:\Main project\Batch 15\dataset\diabetic_retinopathy\DR765.jpg,diabetic_retinopathy
DR766.jpg,E:\Main project\Batch 15\dataset\diabetic_retinopathy\DR766.jpg,diabetic_retinopathy
DR767.jpg,E:\Main project\Batch 15\dataset\diabetic_retinopathy\DR767.jpg,diabetic_retinopathy
DR768.jpg,E:\Main project\Batch 15\dataset\diabetic_retinopathy\DR768.jpg,diabetic_retinopathy
DR769.jpg,E:\Main project\Batch 15\dataset\diabetic_retinopathy\DR769.jpg,diabetic_retinopathy
DR77.jpg,E:\Main project\Batch 15\dataset\diabetic_retinopathy\DR77.jpg,diabetic_retinopathy
DR770.jpg,E:\Main project\Batch 15\dataset\diabetic_retinopathy\DR770.jpg,diabetic_retinopathy
DR771.jpg,E:\Main project\Batch 15\dataset\diabetic_retinopathy\DR771.jpg,diabetic_retinopathy
DR772.jpg,E:\Main project\Batch 15\dataset\diabetic_retinopathy\DR772.jpg,diabetic_retinopathy
DR773.jpg,E:\Main project\Batch 15\dataset\diabetic_retinopathy\DR773.jpg,diabetic_retinopathy
DR774.jpg,E:\Main project\Batch 15\dataset\diabetic_retinopathy\DR774.jpg,diabetic_retinopathy
DR775.jpg,E:\Main project\Batch 15\dataset\diabetic_retinopathy\DR775.jpg,diabetic_retinopathy
DR776.jpg,E:\Main project\Batch 15\dataset\diabetic_retinopathy\DR776.jpg,diabetic_retinopathy
DR777.jpg,E:\Main project\Batch 15\dataset\diabetic_retinopathy\DR777.jpg,diabetic_retinopathy
DR778.jpg,E:\Main project\Batch 15\dataset\diabetic_retinopathy\DR778.jpg,diabetic_retinopathy
DR779.jpg,E:\Main project\Batch 15\dataset\diabetic_retinopathy\DR779.jpg,diabetic_retinopathy
DR78.jpg,E:\Main project\Batch 15\dataset\diabetic_retinopathy\DR78.jpg,diabetic_retinopathy
DR780.jpg,E:\Main project\Batch 15\dataset\diabetic_retinopathy\DR780.jpg,diabetic_retinopathy
DR781.jpg,E:\Main project\Batch 15\dataset\diabetic_retinopathy\DR781.jpg,diabetic_retinopathy
DR782.jpg,E:\Main project\Batch 15\dataset\diabetic_retinopathy\DR782.jpg,diabetic_retinopathy
DR783.jpg,E:\Main project\Batch 15\dataset\diabetic_retinopathy\DR783.jpg,diabetic_retinopathy
DR784.jpg,E:\Main project\Batch 15\dataset\diabetic_retinopathy\DR784.jpg,diabetic_retinopathy
DR785.jpg,E:\Main project\Batch 15\dataset\diabetic_retinopathy\DR785.jpg,diabetic_retinopathy
DR786.jpg,E:\Main project\Batch 15\dataset\diabetic_retinopathy\DR786.jpg,diabetic_retinopathy
DR787.jpg,E:\Main project\Batch 15\dataset\diabetic_retinopathy\DR787.jpg,diabetic_retinopathy
DR788.jpg,E:\Main project\Batch 15\dataset\diabetic_retinopathy\DR788.jpg,diabetic_retinopathy
DR789.jpg,E:\Main project\Batch 15\dataset\diabetic_retinopathy\DR789.jpg,diabetic_retinopathy
DR79.jpg,E:\Main project\Batch 15\dataset\diabetic_retinopathy\DR79.jpg,diabetic_retinopathy
DR790.jpg,E:\Main project\Batch 15\dataset\diabetic_retinopathy\DR790.jpg,diabetic_retinopathy
DR793.jpg,E:\Main project\Batch 15\dataset\diabetic_retinopathy\DR793.jpg,diabetic_retinopathy
DR794.jpg,E:\Main project\Batch 15\dataset\diabetic_retinopathy\DR794.jpg,diabetic_retinopathy
DR795.jpg,E:\Main project\Batch 15\dataset\diabetic_retinopathy\DR795.jpg,diabetic_retinopathy
DR796.jpg,E:\Main project\Batch 15\dataset\diabetic_retinopathy\DR796.jpg,diabetic_retinopathy
DR797.jpg,E:\Main project\Batch 15\dataset\diabetic_retinopathy\DR797.jpg,diabetic_retinopathy
DR798.jpg,E:\Main project\Batch 15\dataset\diabetic_retinopathy\DR798.jpg,diabetic_retinopathy
DR799.jpg,E:\Main project\Batch 15\dataset\diabetic_retinopathy\DR799.jpg,diabetic_retinopathy
DR8.jpg,E:\Main project\Batch 15\dataset\diabetic_retinopathy\DR8.jpg,diabetic_retinopathy
DR80.jpg,E:\Main project\Batch 15\dataset\diabetic_retinopathy\DR80.jpg,diabetic_retinopathy
DR800.jpg,E:\Main project\Batch 15\dataset\diabetic_retinopathy\DR800.jpg,diabetic_retinopathy
DR801.jpg,E:\Main project\Batch 15\dataset\diabetic_retinopathy\DR801.jpg,diabetic_retinopathy
DR802.jpg,E:\Main project\Batch 15\dataset\diabetic_retinopathy\DR802.jpg,diabetic_retinopathy
DR803.jpg,E:\Main project\Batch 15\dataset\diabetic_retinopathy\DR803.jpg,diabetic_retinopathy
DR804.jpg,E:\Main project\Batch 15\dataset\diabetic_retinopathy\DR804.jpg,diabetic_retinopathy
DR805.jpg,E:\Main project\Batch 15\dataset\diabetic_retinopathy\DR805.jpg,diabetic_retinopathy
DR806.jpg,E:\Main project\Batch 15\dataset\diabetic_retinopathy\DR806.jpg,diabetic_retinopathy
DR807.jpg,E:\Main project\Batch 15\dataset\diabetic_retinopathy\DR807.jpg,diabetic_retinopathy
DR809.jpg,E:\Main project\Batch 15\dataset\diabetic_retinopathy\DR809.jpg,diabetic_retinopathy
DR81.jpg,E:\Main project\Batch 15\dataset\diabetic_retinopathy\DR81.jpg,diabetic_retinopathy
DR810.jpg,E:\Main project\Batch 15\dataset\diabetic_retinopathy\DR810.jpg,diabetic_retinopathy
DR811.jpg,E:\Main project\Batch 15\dataset\diabetic_retinopathy\DR811.jpg,diabetic_retinopathy
DR812.jpg,E:\Main project\Batch 15\dataset\diabetic_retinopathy\DR812.jpg,diabetic_retinopathy
DR813.jpg,E:\Main project\Batch 15\dataset\diabetic_retinopathy\DR813.jpg,diabetic_retinopathy
DR814.jpg,E:\Main project\Batch 15\dataset\diabetic_retinopathy\DR814.jpg,diabetic_retinopathy
DR815.jpg,E:\Main project\Batch 15\dataset\diabetic_retinopathy\DR815.jpg,diabetic_retinopathy
DR816.jpg,E:\Main project\Batch 15\dataset\diabetic_retinopathy\DR816.jpg,diabetic_retinopathy
DR817.jpg,E:\Main project\Batch 15\dataset\diabetic_retinopathy\DR817.jpg,diabetic_retinopathy
DR818.jpg,E:\Main project\Batch 15\dataset\diabetic_retinopathy\DR818.jpg,diabetic_retinopathy
DR819.jpg,E:\Main project\Batch 15\dataset\diabetic_retinopathy\DR819.jpg,diabetic_retinopathy
DR82.jpg,E:\Main project\Batch 15\dataset\diabetic_retinopathy\DR82.jpg,diabetic_retinopathy
DR820.jpg,E:\Main project\Batch 15\dataset\diabetic_retinopathy\DR820.jpg,diabetic_retinopathy
DR821.jpg,E:\Main project\Batch 15\dataset\diabetic_retinopathy\DR821.jpg,diabetic_retinopathy
DR822.jpg,E:\Main project\Batch 15\dataset\diabetic_retinopathy\DR822.jpg,diabetic_retinopathy
DR823.jpg,E:\Main project\Batch 15\dataset\diabetic_retinopathy\DR823.jpg,diabetic_retinopathy
DR824.jpg,E:\Main project\Batch 15\dataset\diabetic_retinopathy\DR824.jpg,diabetic_retinopathy
DR825.jpg,E:\Main project\Batch 15\dataset\diabetic_retinopathy\DR825.jpg,diabetic_retinopathy
DR826.jpg,E:\Main project\Batch 15\dataset\diabetic_retinopathy\DR826.jpg,diabetic_retinopathy
DR827.jpg,E:\Main project\Batch 15\dataset\diabetic_retinopathy\DR827.jpg,diabetic_retinopathy
DR828.jpg,E:\Main project\Batch 15\dataset\diabetic_retinopathy\DR828.jpg,diabetic_retinopathy
DR829.jpg,E:\Main project\Batch 15\dataset\diabetic_retinopathy\DR829.jpg,diabetic_retinopathy
DR830.jpg,E:\Main project\Batch 15\dataset\diabetic_retinopathy\DR830.jpg,diabetic_retinopathy
DR831.jpg,E:\Main project\Batch 15\dataset\diabetic_retinopathy\DR831.jpg,diabetic_retinopathy
DR832.jpg,E:\Main project\Batch 15\dataset\diabetic_retinopathy\DR832.jpg,diabetic_retinopathy
DR833.jpg,E:\Main project\Batch 15\dataset\diabetic_retinopathy\DR833.jpg,diabetic_retinopathy
DR834.jpg,E:\Main project\Batch 15\dataset\diabetic_retinopathy\DR834.jpg,diabetic_retinopathy
DR835.jpg,E:\Main project\Batch 15\dataset\diabetic_retinopathy\DR835.jpg,diabetic_retinopathy
DR836.jpg,E:\Main project\Batch 15\dataset\diabetic_retinopathy\DR836.jpg,diabetic_retinopathy
DR838.jpg,E:\Main project\Batch 15\dataset\diabetic_retinopathy\DR838.jpg,diabetic_retinopathy
DR839.jpg,E:\Main project\Batch 15\dataset\diabetic_retinopathy\DR839.jpg,diabetic_retinopathy
DR84.jpg,E:\Main project\Batch 15\dataset\diabetic_retinopathy\DR84.jpg,diabetic_retinopathy
DR840.jpg,E:\Main project\Batch 15\dataset\diabetic_retinopathy\DR840.jpg,diabetic_retinopathy
DR841.jpg,E:\Main project\Batch 15\dataset\diabetic_retinopathy\DR841.jpg,diabetic_retinopathy
DR842.jpg,E:\Main project\Batch 15\dataset\diabetic_retinopathy\DR842.jpg,diabetic_retinopathy
DR843.jpg,E:\Main project\Batch 15\dataset\diabetic_retinopathy\DR843.jpg,diabetic_retinopathy
DR844.jpg,E:\Main project\Batch 15\dataset\diabetic_retinopathy\DR844.jpg,diabetic_retinopathy
DR845.jpg,E:\Main project\Batch 15\dataset\diabetic_retinopathy\DR845.jpg,diabetic_retinopathy
DR846.jpg,E:\Main project\Batch 15\dataset\diabetic_retinopathy\DR846.jpg,diabetic_retinopathy
DR847.jpg,E:\Main project\Batch 15\dataset\diabetic_retinopathy\DR847.jpg,diabetic_retinopathy
DR848.jpg,E:\Main project\Batch 15\dataset\diabetic_retinopathy\DR848.jpg,diabetic_retinopathy
DR849.jpg,E:\Main project\Batch 15\dataset\diabetic_retinopathy\DR849.jpg,diabetic_retinopathy
DR85.jpg,E:\Main project\Batch 15\dataset\diabetic_retinopathy\DR85.jpg,diabetic_retinopathy
DR850.jpg,E:\Main project\Batch 15\dataset\diabetic_retinopathy\DR850.jpg,diabetic_retinopathy
DR851.jpg,E:\Main project\Batch 15\dataset\diabetic_retinopathy\DR851.jpg,diabetic_retinopathy
DR852.jpg,E:\Main project\Batch 15\dataset\diabetic_retinopathy\DR852.jpg,diabetic_retinopathy
DR853.jpg,E:\Main project\Batch 15\dataset\diabetic_retinopathy\DR853.jpg,diabetic_retinopathy
DR854.jpg,E:\Main project\Batch 15\dataset\diabetic_retinopathy\DR854.jpg,diabetic_retinopathy
DR855.jpg,E:\Main project\Batch 15\dataset\diabetic_retinopathy\DR855.jpg,diabetic_retinopathy
DR856.jpg,E:\Main project\Batch 15\dataset\diabetic_retinopathy\DR856.jpg,diabetic_retinopathy
DR857.jpg,E:\Main project\Batch 15\dataset\diabetic_retinopathy\DR857.jpg,diabetic_retinopathy
DR858.jpg,E:\Main project\Batch 15\dataset\diabetic_retinopathy\DR858.jpg,diabetic_retinopathy
DR859.jpg,E:\Main project\Batch 15\dataset\diabetic_retinopathy\DR859.jpg,diabetic_retinopathy
DR86.jpg,E:\Main project\Batch 15\dataset\diabetic_retinopathy\DR86.jpg,diabetic_retinopathy
DR860.jpg,E:\Main project\Batch 15\dataset\diabetic_retinopathy\DR860.jpg,diabetic_retinopathy
DR861.jpg,E:\Main project\Batch 15\dataset\diabetic_retinopathy\DR861.jpg,diabetic_retinopathy
DR862.jpg,E:\Main project\Batch 15\dataset\diabetic_retinopathy\DR862.jpg,diabetic_retinopathy
DR863.jpg,E:\Main project\Batch 15\dataset\diabetic_retinopathy\DR863.jpg,diabetic_retinopathy
DR864.jpg,E:\Main project\Batch 15\dataset\diabetic_retinopathy\DR864.jpg,diabetic_retinopathy
DR865.jpg,E:\Main project\Batch 15\dataset\diabetic_retinopathy\DR865.jpg,diabetic_retinopathy
DR866.jpg,E:\Main project\Batch 15\dataset\diabetic_retinopathy\DR866.jpg,diabetic_retinopathy
DR867.jpg,E:\Main project\Batch 15\dataset\diabetic_retinopathy\DR867.jpg,diabetic_retinopathy
DR868.jpg,E:\Main project\Batch 15\dataset\diabetic_retinopathy\DR868.jpg,diabetic_retinopathy
DR869.jpg,E:\Main project\Batch 15\dataset\diabetic_retinopathy\DR869.jpg,diabetic_retinopathy
DR87.jpg,E:\Main project\Batch 15\dataset\diabetic_retinopathy\DR87.jpg,diabetic_retinopathy
DR870.jpg,E:\Main project\Batch 15\dataset\diabetic_retinopathy\DR870.jpg,diabetic_retinopathy
DR871.jpg,E:\Main project\Batch 15\dataset\diabetic_retinopathy\DR871.jpg,diabetic_retinopathy
DR872.jpg,E:\Main project\Batch 15\dataset\diabetic_retinopathy\DR872.jpg,diabetic_retinopathy
DR873.jpg,E:\Main project\Batch 15\dataset\diabetic_retinopathy\DR873.jpg,diabetic_retinopathy
DR874.jpg,E:\Main project\Batch 15\dataset\diabetic_retinopathy\DR874.jpg,diabetic_retinopathy
DR875.jpg,E:\Main project\Batch 15\dataset\diabetic_retinopathy\DR875.jpg,diabetic_retinopathy
DR876.jpg,E:\Main project\Batch 15\dataset\diabetic_retinopathy\DR876.jpg,diabetic_retinopathy
DR877.jpg,E:\Main project\Batch 15\dataset\diabetic_retinopathy\DR877.jpg,diabetic_retinopathy
DR878.jpg,E:\Main project\Batch 15\dataset\diabetic_retinopathy\DR878.jpg,diabetic_retinopathy
DR879.jpg,E:\Main project\Batch 15\dataset\diabetic_retinopathy\DR879.jpg,diabetic_retinopathy
DR88.jpg,E:\Main project\Batch 15\dataset\diabetic_retinopathy\DR88.jpg,diabetic_retinopathy
DR880.jpg,E:\Main project\Batch 15\dataset\diabetic_retinopathy\DR880.jpg,diabetic_retinopathy
DR881.jpg,E:\Main project\Batch 15\dataset\diabetic_retinopathy\DR881.jpg,diabetic_retinopathy
DR882.jpg,E:\Main project\Batch 15\dataset\diabetic_retinopathy\DR882.jpg,diabetic_retinopathy
DR883.jpg,E:\Main project\Batch 15\dataset\diabetic_retinopathy\DR883.jpg,diabetic_retinopathy
DR884.jpg,E:\Main project\Batch 15\dataset\diabetic_retinopathy\DR884.jpg,diabetic_retinopathy
DR885.jpg,E:\Main project\Batch 15\dataset\diabetic_retinopathy\DR885.jpg,diabetic_retinopathy
DR886.jpg,E:\Main project\Batch 15\dataset\diabetic_retinopathy\DR886.jpg,diabetic_retinopathy
DR887.jpg,E:\Main project\Batch 15\dataset\diabetic_retinopathy\DR887.jpg,diabetic_retinopathy
DR888.jpg,E:\Main project\Batch 15\dataset\diabetic_retinopathy\DR888.jpg,diabetic_retinopathy
DR889.jpg,E:\Main project\Batch 15\dataset\diabetic_retinopathy\DR889.jpg,diabetic_retinopathy
DR89.jpg,E:\Main project\Batch 15\dataset\diabetic_retinopathy\DR89.jpg,diabetic_retinopathy
DR890.jpg,E:\Main project\Batch 15\dataset\diabetic_retinopathy\DR890.jpg,diabetic_retinopathy
DR891.jpg,E:\Main project\Batch 15\dataset\diabetic_retinopathy\DR891.jpg,diabetic_retinopathy
DR892.jpg,E:\Main project\Batch 15\dataset\diabetic_retinopathy\DR892.jpg,diabetic_retinopathy
DR893.jpg,E:\Main project\Batch 15\dataset\diabetic_retinopathy\DR893.jpg,diabetic_retinopathy
DR894.jpg,E:\Main project\Batch 15\dataset\diabetic_retinopathy\DR894.jpg,diabetic_retinopathy
DR895.jpg,E:\Main project\Batch 15\dataset\diabetic_retinopathy\DR895.jpg,diabetic_retinopathy
DR896.jpg,E:\Main project\Batch 15\dataset\diabetic_retinopathy\DR896.jpg,diabetic_retinopathy
DR897.jpg,E:\Main project\Batch 15\dataset\diabetic_retinopathy\DR897.jpg,diabetic_retinopathy
DR898.jpg,E:\Main project\Batch 15\dataset\diabetic_retinopathy\DR898.jpg,diabetic_retinopathy
DR899.jpg,E:\Main project\Batch 15\dataset\diabetic_retinopathy\DR899.jpg,diabetic_retinopathy
DR9.jpg,E:\Main project\Batch 15\dataset\diabetic_retinopathy\DR9.jpg,diabetic_retinopathy
DR90.jpg,E:\Main project\Batch 15\dataset\diabetic_retinopathy\DR90.jpg,diabetic_retinopathy
DR900.jpg,E:\Main project\Batch 15\dataset\diabetic_retinopathy\DR900.jpg,diabetic_retinopathy
DR901.jpg,E:\Main project\Batch 15\dataset\diabetic_retinopathy\DR901.jpg,diabetic_retinopathy
DR902.jpg,E:\Main project\Batch 15\dataset\diabetic_retinopathy\DR902.jpg,diabetic_retinopathy
DR903.jpg,E:\Main project\Batch 15\dataset\diabetic_retinopathy\DR903.jpg,diabetic_retinopathy
DR904.jpg,E:\Main project\Batch 15\dataset\diabetic_retinopathy\DR904.jpg,diabetic_retinopathy
DR905.jpg,E:\Main project\Batch 15\dataset\diabetic_retinopathy\DR905.jpg,diabetic_retinopathy
DR906.jpg,E:\Main project\Batch 15\dataset\diabetic_retinopathy\DR906.jpg,diabetic_retinopathy
DR907.jpg,E:\Main project\Batch 15\dataset\diabetic_retinopathy\DR907.jpg,diabetic_retinopathy
DR908.jpg,E:\Main project\Batch 15\dataset\diabetic_retinopathy\DR908.jpg,diabetic_retinopathy
DR909.jpg,E:\Main project\Batch 15\dataset\diabetic_retinopathy\DR909.jpg,diabetic_retinopathy
DR91.jpg,E:\Main project\Batch 15\dataset\diabetic_retinopathy\DR91.jpg,diabetic_retinopathy
DR910.jpg,E:\Main project\Batch 15\dataset\diabetic_retinopathy\DR910.jpg,diabetic_retinopathy
DR911.jpg,E:\Main project\Batch 15\dataset\diabetic_retinopathy\DR911.jpg,diabetic_retinopathy
DR912.jpg,E:\Main project\Batch 15\dataset\diabetic_retinopathy\DR912.jpg,diabetic_retinopathy
DR913.jpg,E:\Main project\Batch 15\dataset\diabetic_retinopathy\DR913.jpg,diabetic_retinopathy
DR914.jpg,E:\Main project\Batch 15\dataset\diabetic_retinopathy\DR914.jpg,diabetic_retinopathy
DR915.jpg,E:\Main project\Batch 15\dataset\diabetic_retinopathy\DR915.jpg,diabetic_retinopathy
DR916.jpg,E:\Main project\Batch 15\dataset\diabetic_retinopathy\DR916.jpg,diabetic_retinopathy
DR917.jpg,E:\Main project\Batch 15\dataset\diabetic_retinopathy\DR917.jpg,diabetic_retinopathy
DR918.jpg,E:\Main project\Batch 15\dataset\diabetic_retinopathy\DR918.jpg,diabetic_retinopathy
DR919.jpg,E:\Main project\Batch 15\dataset\diabetic_retinopathy\DR919.jpg,diabetic_retinopathy
DR92.jpg,E:\Main project\Batch 15\dataset\diabetic_retinopathy\DR92.jpg,diabetic_retinopathy
DR920.jpg,E:\Main project\Batch 15\dataset\diabetic_retinopathy\DR920.jpg,diabetic_retinopathy
DR921.jpg,E:\Main project\Batch 15\dataset\diabetic_retinopathy\DR921.jpg,diabetic_retinopathy
DR922.jpg,E:\Main project\Batch 15\dataset\diabetic_retinopathy\DR922.jpg,diabetic_retinopathy
DR923.jpg,E:\Main project\Batch 15\dataset\diabetic_retinopathy\DR923.jpg,diabetic_retinopathy
DR924.jpg,E:\Main project\Batch 15\dataset\diabetic_retinopathy\DR924.jpg,diabetic_retinopathy
DR927.jpg,E:\Main project\Batch 15\dataset\diabetic_retinopathy\DR927.jpg,diabetic_retinopathy
DR928.jpg,E:\Main project\Batch 15\dataset\diabetic_retinopathy\DR928.jpg,diabetic_retinopathy
DR929.jpg,E:\Main project\Batch 15\dataset\diabetic_retinopathy\DR929.jpg,diabetic_retinopathy
DR93.jpg,E:\Main project\Batch 15\dataset\diabetic_retinopathy\DR93.jpg,diabetic_retinopathy
DR930.jpg,E:\Main project\Batch 15\dataset\diabetic_retinopathy\DR930.jpg,diabetic_retinopathy
DR931.jpg,E:\Main project\Batch 15\dataset\diabetic_retinopathy\DR931.jpg,diabetic_retinopathy
DR932.jpg,E:\Main project\Batch 15\dataset\diabetic_retinopathy\DR932.jpg,diabetic_retinopathy
DR933.jpg,E:\Main project\Batch 15\dataset\diabetic_retinopathy\DR933.jpg,diabetic_retinopathy
DR934.jpg,E:\Main project\Batch 15\dataset\diabetic_retinopathy\DR934.jpg,diabetic_retinopathy
DR935.jpg,E:\Main project\Batch 15\dataset\diabetic_retinopathy\DR935.jpg,diabetic_retinopathy
DR936.jpg,E:\Main project\Batch 15\dataset\diabetic_retinopathy\DR936.jpg,diabetic_retinopathy
DR937.jpg,E:\Main project\Batch 15\dataset\diabetic_retinopathy\DR937.jpg,diabetic_retinopathy
DR938.jpg,E:\Main project\Batch 15\dataset\diabetic_retinopathy\DR938.jpg,diabetic_retinopathy
DR939.jpg,E:\Main project\Batch 15\dataset\diabetic_retinopathy\DR939.jpg,diabetic_retinopathy
DR94.jpg,E:\Main project\Batch 15\dataset\diabetic_retinopathy\DR94.jpg,diabetic_retinopathy
DR940.jpg,E:\Main project\Batch 15\dataset\diabetic_retinopathy\DR940.jpg,diabetic_retinopathy
DR941.jpg,E:\Main project\Batch 15\dataset\diabetic_retinopathy\DR941.jpg,diabetic_retinopathy
DR942.jpg,E:\Main project\Batch 15\dataset\diabetic_retinopathy\DR942.jpg,diabetic_retinopathy
DR943.jpg,E:\Main project\Batch 15\dataset\diabetic_retinopathy\DR943.jpg,diabetic_retinopathy
DR944.jpg,E:\Main project\Batch 15\dataset\diabetic_retinopathy\DR944.jpg,diabetic_retinopathy
DR945.jpg,E:\Main project\Batch 15\dataset\diabetic_retinopathy\DR945.jpg,diabetic_retinopathy
DR946.jpg,E:\Main project\Batch 15\dataset\diabetic_retinopathy\DR946.jpg,diabetic_retinopathy
DR947.jpg,E:\Main project\Batch 15\dataset\diabetic_retinopathy\DR947.jpg,diabetic_retinopathy
DR948.jpg,E:\Main project\Batch 15\dataset\diabetic_retinopathy\DR948.jpg,diabetic_retinopathy
DR949.jpg,E:\Main project\Batch 15\dataset\diabetic_retinopathy\DR949.jpg,diabetic_retinopathy
DR95.jpg,E:\Main project\Batch 15\dataset\diabetic_retinopathy\DR95.jpg,diabetic_retinopathy
DR950.jpg,E:\Main project\Batch 15\dataset\diabetic_retinopathy\DR950.jpg,diabetic_retinopathy
DR951.jpg,E:\Main project\Batch 15\dataset\diabetic_retinopathy\DR951.jpg,diabetic_retinopathy
DR952.jpg,E:\Main project\Batch 15\dataset\diabetic_retinopathy\DR952.jpg,diabetic_retinopathy
DR953.jpg,E:\Main project\Batch 15\dataset\diabetic_retinopathy\DR953.jpg,diabetic_retinopathy
DR954.jpg,E:\Main project\Batch 15\dataset\diabetic_retinopathy\DR954.jpg,diabetic_retinopathy
DR955.jpg,E:\Main project\Batch 15\dataset\diabetic_retinopathy\DR955.jpg,diabetic_retinopathy
DR959.jpg,E:\Main project\Batch 15\dataset\diabetic_retinopathy\DR959.jpg,diabetic_retinopathy
DR96.jpg,E:\Main project\Batch 15\dataset\diabetic_retinopathy\DR96.jpg,diabetic_retinopathy
DR960.jpg,E:\Main project\Batch 15\dataset\diabetic_retinopathy\DR960.jpg,diabetic_retinopathy
DR961.jpg,E:\Main project\Batch 15\dataset\diabetic_retinopathy\DR961.jpg,diabetic_retinopathy
DR962.jpg,E:\Main project\Batch 15\dataset\diabetic_retinopathy\DR962.jpg,diabetic_retinopathy
DR963.jpg,E:\Main project\Batch 15\dataset\diabetic_retinopathy\DR963.jpg,diabetic_retinopathy
DR964.jpg,E:\Main project\Batch 15\dataset\diabetic_retinopathy\DR964.jpg,diabetic_retinopathy
DR965.jpg,E:\Main project\Batch 15\dataset\diabetic_retinopathy\DR965.jpg,diabetic_retinopathy
DR966.jpg,E:\Main project\Batch 15\dataset\diabetic_retinopathy\DR966.jpg,diabetic_retinopathy
DR967.jpg,E:\Main project\Batch 15\dataset\diabetic_retinopathy\DR967.jpg,diabetic_retinopathy
DR968.jpg,E:\Main project\Batch 15\dataset\diabetic_retinopathy\DR968.jpg,diabetic_retinopathy
DR969.jpg,E:\Main project\Batch 15\dataset\diabetic_retinopathy\DR969.jpg,diabetic_retinopathy
DR97.jpg,E:\Main project\Batch 15\dataset\diabetic_retinopathy\DR97.jpg,diabetic_retinopathy
DR970.jpg,E:\Main project\Batch 15\dataset\diabetic_retinopathy\DR970.jpg,diabetic_retinopathy
DR971.jpg,E:\Main project\Batch 15\dataset\diabetic_retinopathy\DR971.jpg,diabetic_retinopathy
DR972.jpg,E:\Main project\Batch 15\dataset\diabetic_retinopathy\DR972.jpg,diabetic_retinopathy
DR973.jpg,E:\Main project\Batch 15\dataset\diabetic_retinopathy\DR973.jpg,diabetic_retinopathy
DR974.jpg,E:\Main project\Batch 15\dataset\diabetic_retinopathy\DR974.jpg,diabetic_retinopathy
DR975.jpg,E:\Main project\Batch 15\dataset\diabetic_retinopathy\DR975.jpg,diabetic_retinopathy
DR976.jpg,E:\Main project\Batch 15\dataset\diabetic_retinopathy\DR976.jpg,diabetic_retinopathy
DR977.jpg,E:\Main project\Batch 15\dataset\diabetic_retinopathy\DR977.jpg,diabetic_retinopathy
DR978.jpg,E:\Main project\Batch 15\dataset\diabetic_retinopathy\DR978.jpg,diabetic_retinopathy
DR979.jpg,E:\Main project\Batch 15\dataset\diabetic_retinopathy\DR979.jpg,diabetic_retinopathy
DR98.jpg,E:\Main project\Batch 15\dataset\diabetic_retinopathy\DR98.jpg,diabetic_retinopathy
DR980.jpg,E:\Main project\Batch 15\dataset\diabetic_retinopathy\DR980.jpg,diabetic_retinopathy
DR981.jpg,E:\Main project\Batch 15\dataset\diabetic_retinopathy\DR981.jpg,diabetic_retinopathy
DR982.jpg,E:\Main project\Batch 15\dataset\diabetic_retinopathy\DR982.jpg,diabetic_retinopathy
DR983.jpg,E:\Main project\Batch 15\dataset\diabetic_retinopathy\DR983.jpg,diabetic_retinopathy
DR984.jpg,E:\Main project\Batch 15\dataset\diabetic_retinopathy\DR984.jpg,diabetic_retinopathy
DR985.jpg,E:\Main project\Batch 15\dataset\diabetic_retinopathy\DR985.jpg,diabetic_retinopathy
DR986.jpg,E:\Main project\Batch 15\dataset\diabetic_retinopathy\DR986.jpg,diabetic_retinopathy
DR987.jpg,E:\Main project\Batch 15\dataset\diabetic_retinopathy\DR987.jpg,diabetic_retinopathy
DR988.jpg,E:\Main project\Batch 15\dataset\diabetic_retinopathy\DR988.jpg,diabetic_retinopathy
DR989.jpg,E:\Main project\Batch 15\dataset\diabetic_retinopathy\DR989.jpg,diabetic_retinopathy
DR99.jpg,E:\Main project\Batch 15\dataset\diabetic_retinopathy\DR99.jpg,diabetic_retinopathy
DR990.jpg,E:\Main project\Batch 15\dataset\diabetic_retinopathy\DR990.jpg,diabetic_retinopathy
DR991.jpg,E:\Main project\Batch 15\dataset\diabetic_retinopathy\DR991.jpg,diabetic_retinopathy
DR992.jpg,E:\Main project\Batch 15\dataset\diabetic_retinopathy\DR992.jpg,diabetic_retinopathy
DR993.jpg,E:\Main project\Batch 15\dataset\diabetic_retinopathy\DR993.jpg,diabetic_retinopathy
DR994.jpg,E:\Main project\Batch 15\dataset\diabetic_retinopathy\DR994.jpg,diabetic_retinopathy
DR995.jpg,E:\Main project\Batch 15\dataset\diabetic_retinopathy\DR995.jpg,diabetic_retinopathy
DR996.jpg,E:\Main project\Batch 15\dataset\diabetic_retinopathy\DR996.jpg,diabetic_retinopathy
DR997.jpg,E:\Main project\Batch 15\dataset\diabetic_retinopathy\DR997.jpg,diabetic_retinopathy
DR998.jpg,E:\Main project\Batch 15\dataset\diabetic_retinopathy\DR998.jpg,diabetic_retinopathy
DR999.jpg,E:\Main project\Batch 15\dataset\diabetic_retinopathy\DR999.jpg,diabetic_retinopathy
DME-1083927-8.jpeg,E:\Main project\Batch 15\dataset\DME\DME-1083927-8.jpeg,DME
DME-1163718-3.jpeg,E:\Main project\Batch 15\dataset\DME\DME-1163718-3.jpeg,DME
DME-119840-10.jpeg,E:\Main project\Batch 15\dataset\DME\DME-119840-10.jpeg,DME
DME-119840-13.jpeg,E:\Main project\Batch 15\dataset\DME\DME-119840-13.jpeg,DME
DME-119840-8.jpeg,E:\Main project\Batch 15\dataset\DME\DME-119840-8.jpeg,DME
DME-127971-5.jpeg,E:\Main project\Batch 15\dataset\DME\DME-127971-5.jpeg,DME
DME-1356232-1.jpeg,E:\Main project\Batch 15\dataset\DME\DME-1356232-1.jpeg,DME
DME-1591159-17.jpeg,E:\Main project\Batch 15\dataset\DME\DME-1591159-17.jpeg,DME
DME-1591159-32.jpeg,E:\Main project\Batch 15\dataset\DME\DME-1591159-32.jpeg,DME
DME-1591159-36.jpeg,E:\Main project\Batch 15\dataset\DME\DME-1591159-36.jpeg,DME
DME-1591159-4.jpeg,E:\Main project\Batch 15\dataset\DME\DME-1591159-4.jpeg,DME
DME-1591159-43.jpeg,E:\Main project\Batch 15\dataset\DME\DME-1591159-43.jpeg,DME
DME-1591159-5.jpeg,E:\Main project\Batch 15\dataset\DME\DME-1591159-5.jpeg,DME
DME-1591159-60.jpeg,E:\Main project\Batch 15\dataset\DME\DME-1591159-60.jpeg,DME
DME-1591159-65.jpeg,E:\Main project\Batch 15\dataset\DME\DME-1591159-65.jpeg,DME
DME-1591159-86.jpeg,E:\Main project\Batch 15\dataset\DME\DME-1591159-86.jpeg,DME
DME-1597899-2.jpeg,E:\Main project\Batch 15\dataset\DME\DME-1597899-2.jpeg,DME
DME-1605248-9.jpeg,E:\Main project\Batch 15\dataset\DME\DME-1605248-9.jpeg,DME
DME-1635931-3.jpeg,E:\Main project\Batch 15\dataset\DME\DME-1635931-3.jpeg,DME
DME-1635931-6.jpeg,E:\Main project\Batch 15\dataset\DME\DME-1635931-6.jpeg,DME
DME-1645804-4.jpeg,E:\Main project\Batch 15\dataset\DME\DME-1645804-4.jpeg,DME
DME-1649492-11.jpeg,E:\Main project\Batch 15\dataset\DME\DME-1649492-11.jpeg,DME
DME-1649492-47.jpeg,E:\Main project\Batch 15\dataset\DME\DME-1649492-47.jpeg,DME
DME-1649492-53.jpeg,E:\Main project\Batch 15\dataset\DME\DME-1649492-53.jpeg,DME
DME-1649492-55.jpeg,E:\Main project\Batch 15\dataset\DME\DME-1649492-55.jpeg,DME
DME-1649492-63.jpeg,E:\Main project\Batch 15\dataset\DME\DME-1649492-63.jpeg,DME
DME-1649492-71.jpeg,E:\Main project\Batch 15\dataset\DME\DME-1649492-71.jpeg,DME
DME-1686343-1.jpeg,E:\Main project\Batch 15\dataset\DME\DME-1686343-1.jpeg,DME
DME-1695472-14.jpeg,E:\Main project\Batch 15\dataset\DME\DME-1695472-14.jpeg,DME
DME-1695472-15.jpeg,E:\Main project\Batch 15\dataset\DME\DME-1695472-15.jpeg,DME
DME-1695472-18.jpeg,E:\Main project\Batch 15\dataset\DME\DME-1695472-18.jpeg,DME
DME-1695472-19.jpeg,E:\Main project\Batch 15\dataset\DME\DME-1695472-19.jpeg,DME
DME-1695472-27.jpeg,E:\Main project\Batch 15\dataset\DME\DME-1695472-27.jpeg,DME
DME-1695472-29.jpeg,E:\Main project\Batch 15\dataset\DME\DME-1695472-29.jpeg,DME
DME-1695472-47.jpeg,E:\Main project\Batch 15\dataset\DME\DME-1695472-47.jpeg,DME
DME-1695472-58.jpeg,E:\Main project\Batch 15\dataset\DME\DME-1695472-58.jpeg,DME
DME-1695472-60.jpeg,E:\Main project\Batch 15\dataset\DME\DME-1695472-60.jpeg,DME
DME-1695472-65.jpeg,E:\Main project\Batch 15\dataset\DME\DME-1695472-65.jpeg,DME
DME-1695472-69.jpeg,E:\Main project\Batch 15\dataset\DME\DME-1695472-69.jpeg,DME
DME-1695472-72.jpeg,E:\Main project\Batch 15\dataset\DME\DME-1695472-72.jpeg,DME
DME-1702663-12.jpeg,E:\Main project\Batch 15\dataset\DME\DME-1702663-12.jpeg,DME
DME-1702663-6.jpeg,E:\Main project\Batch 15\dataset\DME\DME-1702663-6.jpeg,DME
DME-1702663-9.jpeg,E:\Main project\Batch 15\dataset\DME\DME-1702663-9.jpeg,DME
DME-1743445-7.jpeg,E:\Main project\Batch 15\dataset\DME\DME-1743445-7.jpeg,DME
DME-1760955-2.jpeg,E:\Main project\Batch 15\dataset\DME\DME-1760955-2.jpeg,DME
DME-1760955-4.jpeg,E:\Main project\Batch 15\dataset\DME\DME-1760955-4.jpeg,DME
DME-1783079-3.jpeg,E:\Main project\Batch 15\dataset\DME\DME-1783079-3.jpeg,DME
DME-1783079-6.jpeg,E:\Main project\Batch 15\dataset\DME\DME-1783079-6.jpeg,DME
DME-1805818-1.jpeg,E:\Main project\Batch 15\dataset\DME\DME-1805818-1.jpeg,DME
DME-1808783-20.jpeg,E:\Main project\Batch 15\dataset\DME\DME-1808783-20.jpeg,DME
DME-1860310-22.jpeg,E:\Main project\Batch 15\dataset\DME\DME-1860310-22.jpeg,DME
DME-1860310-6.jpeg,E:\Main project\Batch 15\dataset\DME\DME-1860310-6.jpeg,DME
DME-1888479-15.jpeg,E:\Main project\Batch 15\dataset\DME\DME-1888479-15.jpeg,DME
DME-1888479-20.jpeg,E:\Main project\Batch 15\dataset\DME\DME-1888479-20.jpeg,DME
DME-1888479-3.jpeg,E:\Main project\Batch 15\dataset\DME\DME-1888479-3.jpeg,DME
DME-1888479-7.jpeg,E:\Main project\Batch 15\dataset\DME\DME-1888479-7.jpeg,DME
DME-1888479-8.jpeg,E:\Main project\Batch 15\dataset\DME\DME-1888479-8.jpeg,DME
DME-1896542-13.jpeg,E:\Main project\Batch 15\dataset\DME\DME-1896542-13.jpeg,DME
DME-1896542-17.jpeg,E:\Main project\Batch 15\dataset\DME\DME-1896542-17.jpeg,DME
DME-1896542-37.jpeg,E:\Main project\Batch 15\dataset\DME\DME-1896542-37.jpeg,DME
DME-1896542-38.jpeg,E:\Main project\Batch 15\dataset\DME\DME-1896542-38.jpeg,DME
DME-1923563-3.jpeg,E:\Main project\Batch 15\dataset\DME\DME-1923563-3.jpeg,DME
DME-1966898-11.jpeg,E:\Main project\Batch 15\dataset\DME\DME-1966898-11.jpeg,DME
DME-1966898-14.jpeg,E:\Main project\Batch 15\dataset\DME\DME-1966898-14.jpeg,DME
DME-2063196-1.jpeg,E:\Main project\Batch 15\dataset\DME\DME-2063196-1.jpeg,DME
DME-2205167-10.jpeg,E:\Main project\Batch 15\dataset\DME\DME-2205167-10.jpeg,DME
DME-2205167-12.jpeg,E:\Main project\Batch 15\dataset\DME\DME-2205167-12.jpeg,DME
DME-2205167-2.jpeg,E:\Main project\Batch 15\dataset\DME\DME-2205167-2.jpeg,DME
DME-2205167-5.jpeg,E:\Main project\Batch 15\dataset\DME\DME-2205167-5.jpeg,DME
DME-2205167-8.jpeg,E:\Main project\Batch 15\dataset\DME\DME-2205167-8.jpeg,DME
DME-2232211-19.jpeg,E:\Main project\Batch 15\dataset\DME\DME-2232211-19.jpeg,DME
DME-2232211-3.jpeg,E:\Main project\Batch 15\dataset\DME\DME-2232211-3.jpeg,DME
DME-2261889-1.jpeg,E:\Main project\Batch 15\dataset\DME\DME-2261889-1.jpeg,DME
DME-2261889-19.jpeg,E:\Main project\Batch 15\dataset\DME\DME-2261889-19.jpeg,DME
DME-2346350-4.jpeg,E:\Main project\Batch 15\dataset\DME\DME-2346350-4.jpeg,DME
DME-2351012-5.jpeg,E:\Main project\Batch 15\dataset\DME\DME-2351012-5.jpeg,DME
DME-2388519-1.jpeg,E:\Main project\Batch 15\dataset\DME\DME-2388519-1.jpeg,DME
DME-2388519-3.jpeg,E:\Main project\Batch 15\dataset\DME\DME-2388519-3.jpeg,DME
DME-2506710-4.jpeg,E:\Main project\Batch 15\dataset\DME\DME-2506710-4.jpeg,DME
DME-258763-11.jpeg,E:\Main project\Batch 15\dataset\DME\DME-258763-11.jpeg,DME
DME-258763-17.jpeg,E:\Main project\Batch 15\dataset\DME\DME-258763-17.jpeg,DME
DME-258763-22.jpeg,E:\Main project\Batch 15\dataset\DME\DME-258763-22.jpeg,DME
DME-258763-39.jpeg,E:\Main project\Batch 15\dataset\DME\DME-258763-39.jpeg,DME
DME-258763-4.jpeg,E:\Main project\Batch 15\dataset\DME\DME-258763-4.jpeg,DME
DME-258763-43.jpeg,E:\Main project\Batch 15\dataset\DME\DME-258763-43.jpeg,DME
DME-262460-2.jpeg,E:\Main project\Batch 15\dataset\DME\DME-262460-2.jpeg,DME
DME-2630113-29.jpeg,E:\Main project\Batch 15\dataset\DME\DME-2630113-29.jpeg,DME
DME-2630113-35.jpeg,E:\Main project\Batch 15\dataset\DME\DME-2630113-35.jpeg,DME
DME-2630113-4.jpeg,E:\Main project\Batch 15\dataset\DME\DME-2630113-4.jpeg,DME
DME-2630113-43.jpeg,E:\Main project\Batch 15\dataset\DME\DME-2630113-43.jpeg,DME
DME-2630113-58.jpeg,E:\Main project\Batch 15\dataset\DME\DME-2630113-58.jpeg,DME
DME-2630113-61.jpeg,E:\Main project\Batch 15\dataset\DME\DME-2630113-61.jpeg,DME
DME-2630113-9.jpeg,E:\Main project\Batch 15\dataset\DME\DME-2630113-9.jpeg,DME
DME-269181-14.jpeg,E:\Main project\Batch 15\dataset\DME\DME-269181-14.jpeg,DME
DME-269181-3.jpeg,E:\Main project\Batch 15\dataset\DME\DME-269181-3.jpeg,DME
DME-269181-6.jpeg,E:\Main project\Batch 15\dataset\DME\DME-269181-6.jpeg,DME
DME-2817912-5.jpeg,E:\Main project\Batch 15\dataset\DME\DME-2817912-5.jpeg,DME
DME-2817912-8.jpeg,E:\Main project\Batch 15\dataset\DME\DME-2817912-8.jpeg,DME
DME-30521-107.jpeg,E:\Main project\Batch 15\dataset\DME\DME-30521-107.jpeg,DME
DME-30521-113.jpeg,E:\Main project\Batch 15\dataset\DME\DME-30521-113.jpeg,DME
DME-30521-116.jpeg,E:\Main project\Batch 15\dataset\DME\DME-30521-116.jpeg,DME
DME-30521-118.jpeg,E:\Main project\Batch 15\dataset\DME\DME-30521-118.jpeg,DME
DME-30521-127.jpeg,E:\Main project\Batch 15\dataset\DME\DME-30521-127.jpeg,DME
DME-30521-132.jpeg,E:\Main project\Batch 15\dataset\DME\DME-30521-132.jpeg,DME
DME-30521-16.jpeg,E:\Main project\Batch 15\dataset\DME\DME-30521-16.jpeg,DME
DME-30521-165.jpeg,E:\Main project\Batch 15\dataset\DME\DME-30521-165.jpeg,DME
DME-30521-21.jpeg,E:\Main project\Batch 15\dataset\DME\DME-30521-21.jpeg,DME
DME-30521-224.jpeg,E:\Main project\Batch 15\dataset\DME\DME-30521-224.jpeg,DME
DME-30521-226.jpeg,E:\Main project\Batch 15\dataset\DME\DME-30521-226.jpeg,DME
DME-30521-23.jpeg,E:\Main project\Batch 15\dataset\DME\DME-30521-23.jpeg,DME
DME-30521-36.jpeg,E:\Main project\Batch 15\dataset\DME\DME-30521-36.jpeg,DME
DME-30521-57.jpeg,E:\Main project\Batch 15\dataset\DME\DME-30521-57.jpeg,DME
DME-30521-64.jpeg,E:\Main project\Batch 15\dataset\DME\DME-30521-64.jpeg,DME
DME-30521-79.jpeg,E:\Main project\Batch 15\dataset\DME\DME-30521-79.jpeg,DME
DME-30521-9.jpeg,E:\Main project\Batch 15\dataset\DME\DME-30521-9.jpeg,DME
DME-306172-106.jpeg,E:\Main project\Batch 15\dataset\DME\DME-306172-106.jpeg,DME
DME-306172-125.jpeg,E:\Main project\Batch 15\dataset\DME\DME-306172-125.jpeg,DME
DME-306172-33.jpeg,E:\Main project\Batch 15\dataset\DME\DME-306172-33.jpeg,DME
DME-306172-34.jpeg,E:\Main project\Batch 15\dataset\DME\DME-306172-34.jpeg,DME
DME-306172-36.jpeg,E:\Main project\Batch 15\dataset\DME\DME-306172-36.jpeg,DME
DME-306172-66.jpeg,E:\Main project\Batch 15\dataset\DME\DME-306172-66.jpeg,DME
DME-306172-70.jpeg,E:\Main project\Batch 15\dataset\DME\DME-306172-70.jpeg,DME
DME-306172-83.jpeg,E:\Main project\Batch 15\dataset\DME\DME-306172-83.jpeg,DME
DME-306172-89.jpeg,E:\Main project\Batch 15\dataset\DME\DME-306172-89.jpeg,DME
DME-306172-93.jpeg,E:\Main project\Batch 15\dataset\DME\DME-306172-93.jpeg,DME
DME-306172-95.jpeg,E:\Main project\Batch 15\dataset\DME\DME-306172-95.jpeg,DME
DME-306172-96.jpeg,E:\Main project\Batch 15\dataset\DME\DME-306172-96.jpeg,DME
DME-306286-1.jpeg,E:\Main project\Batch 15\dataset\DME\DME-306286-1.jpeg,DME
DME-3064922-113.jpeg,E:\Main project\Batch 15\dataset\DME\DME-3064922-113.jpeg,DME
DME-3064922-117.jpeg,E:\Main project\Batch 15\dataset\DME\DME-3064922-117.jpeg,DME
DME-3064922-118.jpeg,E:\Main project\Batch 15\dataset\DME\DME-3064922-118.jpeg,DME
DME-3064922-129.jpeg,E:\Main project\Batch 15\dataset\DME\DME-3064922-129.jpeg,DME
DME-3064922-148.jpeg,E:\Main project\Batch 15\dataset\DME\DME-3064922-148.jpeg,DME
DME-3064922-152.jpeg,E:\Main project\Batch 15\dataset\DME\DME-3064922-152.jpeg,DME
DME-3064922-176.jpeg,E:\Main project\Batch 15\dataset\DME\DME-3064922-176.jpeg,DME
DME-3064922-177.jpeg,E:\Main project\Batch 15\dataset\DME\DME-3064922-177.jpeg,DME
DME-3064922-196.jpeg,E:\Main project\Batch 15\dataset\DME\DME-3064922-196.jpeg,DME
DME-3064922-202.jpeg,E:\Main project\Batch 15\dataset\DME\DME-3064922-202.jpeg,DME
DME-3064922-240.jpeg,E:\Main project\Batch 15\dataset\DME\DME-3064922-240.jpeg,DME
DME-3064922-29.jpeg,E:\Main project\Batch 15\dataset\DME\DME-3064922-29.jpeg,DME
DME-3064922-30.jpeg,E:\Main project\Batch 15\dataset\DME\DME-3064922-30.jpeg,DME
DME-3064922-44.jpeg,E:\Main project\Batch 15\dataset\DME\DME-3064922-44.jpeg,DME
DME-3064922-52.jpeg,E:\Main project\Batch 15\dataset\DME\DME-3064922-52.jpeg,DME
DME-3064922-89.jpeg,E:\Main project\Batch 15\dataset\DME\DME-3064922-89.jpeg,DME
DME-3064922-91.jpeg,E:\Main project\Batch 15\dataset\DME\DME-3064922-91.jpeg,DME
DME-3101737-4.jpeg,E:\Main project\Batch 15\dataset\DME\DME-3101737-4.jpeg,DME
DME-3101737-8.jpeg,E:\Main project\Batch 15\dataset\DME\DME-3101737-8.jpeg,DME
DME-3114569-17.jpeg,E:\Main project\Batch 15\dataset\DME\DME-3114569-17.jpeg,DME
DME-3157783-3.jpeg,E:\Main project\Batch 15\dataset\DME\DME-3157783-3.jpeg,DME
DME-3157783-47.jpeg,E:\Main project\Batch 15\dataset\DME\DME-3157783-47.jpeg,DME
DME-3157783-62.jpeg,E:\Main project\Batch 15\dataset\DME\DME-3157783-62.jpeg,DME
DME-3157783-99.jpeg,E:\Main project\Batch 15\dataset\DME\DME-3157783-99.jpeg,DME
DME-3230369-3.jpeg,E:\Main project\Batch 15\dataset\DME\DME-3230369-3.jpeg,DME
DME-3276918-11.jpeg,E:\Main project\Batch 15\dataset\DME\DME-3276918-11.jpeg,DME
DME-3276918-16.jpeg,E:\Main project\Batch 15\dataset\DME\DME-3276918-16.jpeg,DME
DME-3276918-5.jpeg,E:\Main project\Batch 15\dataset\DME\DME-3276918-5.jpeg,DME
DME-3276918-6.jpeg,E:\Main project\Batch 15\dataset\DME\DME-3276918-6.jpeg,DME
DME-3278210-1.jpeg,E:\Main project\Batch 15\dataset\DME\DME-3278210-1.jpeg,DME
DME-328450-3.jpeg,E:\Main project\Batch 15\dataset\DME\DME-328450-3.jpeg,DME
DME-3287841-1.jpeg,E:\Main project\Batch 15\dataset\DME\DME-3287841-1.jpeg,DME
DME-3289980-10.jpeg,E:\Main project\Batch 15\dataset\DME\DME-3289980-10.jpeg,DME
DME-3304080-30.jpeg,E:\Main project\Batch 15\dataset\DME\DME-3304080-30.jpeg,DME
DME-3304080-31.jpeg,E:\Main project\Batch 15\dataset\DME\DME-3304080-31.jpeg,DME
DME-3304080-42.jpeg,E:\Main project\Batch 15\dataset\DME\DME-3304080-42.jpeg,DME
DME-3304080-62.jpeg,E:\Main project\Batch 15\dataset\DME\DME-3304080-62.jpeg,DME
DME-3304080-63.jpeg,E:\Main project\Batch 15\dataset\DME\DME-3304080-63.jpeg,DME
DME-3311872-19.jpeg,E:\Main project\Batch 15\dataset\DME\DME-3311872-19.jpeg,DME
DME-3311872-4.jpeg,E:\Main project\Batch 15\dataset\DME\DME-3311872-4.jpeg,DME
DME-3327045-2.jpeg,E:\Main project\Batch 15\dataset\DME\DME-3327045-2.jpeg,DME
DME-3327045-6.jpeg,E:\Main project\Batch 15\dataset\DME\DME-3327045-6.jpeg,DME
DME-3340309-27.jpeg,E:\Main project\Batch 15\dataset\DME\DME-3340309-27.jpeg,DME
DME-3340309-9.jpeg,E:\Main project\Batch 15\dataset\DME\DME-3340309-9.jpeg,DME
DME-3340887-1.jpeg,E:\Main project\Batch 15\dataset\DME\DME-3340887-1.jpeg,DME
DME-3346049-1.jpeg,E:\Main project\Batch 15\dataset\DME\DME-3346049-1.jpeg,DME
DME-3346728-2.jpeg,E:\Main project\Batch 15\dataset\DME\DME-3346728-2.jpeg,DME
DME-3347866-1.jpeg,E:\Main project\Batch 15\dataset\DME\DME-3347866-1.jpeg,DME
DME-3347866-2.jpeg,E:\Main project\Batch 15\dataset\DME\DME-3347866-2.jpeg,DME
DME-3358004-7.jpeg,E:\Main project\Batch 15\dataset\DME\DME-3358004-7.jpeg,DME
DME-3362190-4.jpeg,E:\Main project\Batch 15\dataset\DME\DME-3362190-4.jpeg,DME
DME-3414068-1.jpeg,E:\Main project\Batch 15\dataset\DME\DME-3414068-1.jpeg,DME
DME-3414068-12.jpeg,E:\Main project\Batch 15\dataset\DME\DME-3414068-12.jpeg,DME
DME-3441556-108.jpeg,E:\Main project\Batch 15\dataset\DME\DME-3441556-108.jpeg,DME
DME-3441556-112.jpeg,E:\Main project\Batch 15\dataset\DME\DME-3441556-112.jpeg,DME
DME-3441556-25.jpeg,E:\Main project\Batch 15\dataset\DME\DME-3441556-25.jpeg,DME
DME-3441556-48.jpeg,E:\Main project\Batch 15\dataset\DME\DME-3441556-48.jpeg,DME
DME-3441556-56.jpeg,E:\Main project\Batch 15\dataset\DME\DME-3441556-56.jpeg,DME
DME-3441556-61.jpeg,E:\Main project\Batch 15\dataset\DME\DME-3441556-61.jpeg,DME
DME-3441556-65.jpeg,E:\Main project\Batch 15\dataset\DME\DME-3441556-65.jpeg,DME
DME-3441556-69.jpeg,E:\Main project\Batch 15\dataset\DME\DME-3441556-69.jpeg,DME
DME-3441556-76.jpeg,E:\Main project\Batch 15\dataset\DME\DME-3441556-76.jpeg,DME
DME-3441556-82.jpeg,E:\Main project\Batch 15\dataset\DME\DME-3441556-82.jpeg,DME
DME-3441556-9.jpeg,E:\Main project\Batch 15\dataset\DME\DME-3441556-9.jpeg,DME
DME-3441556-97.jpeg,E:\Main project\Batch 15\dataset\DME\DME-3441556-97.jpeg,DME
DME-3447259-11.jpeg,E:\Main project\Batch 15\dataset\DME\DME-3447259-11.jpeg,DME
DME-3447259-8.jpeg,E:\Main project\Batch 15\dataset\DME\DME-3447259-8.jpeg,DME
DME-3472166-2.jpeg,E:\Main project\Batch 15\dataset\DME\DME-3472166-2.jpeg,DME
DME-3483651-20.jpeg,E:\Main project\Batch 15\dataset\DME\DME-3483651-20.jpeg,DME
DME-3483651-23.jpeg,E:\Main project\Batch 15\dataset\DME\DME-3483651-23.jpeg,DME
DME-3483651-29.jpeg,E:\Main project\Batch 15\dataset\DME\DME-3483651-29.jpeg,DME
DME-3483651-7.jpeg,E:\Main project\Batch 15\dataset\DME\DME-3483651-7.jpeg,DME
DME-3531101-22.jpeg,E:\Main project\Batch 15\dataset\DME\DME-3531101-22.jpeg,DME
DME-3531101-24.jpeg,E:\Main project\Batch 15\dataset\DME\DME-3531101-24.jpeg,DME
DME-3531101-30.jpeg,E:\Main project\Batch 15\dataset\DME\DME-3531101-30.jpeg,DME
DME-3531101-37.jpeg,E:\Main project\Batch 15\dataset\DME\DME-3531101-37.jpeg,DME
DME-3542808-25.jpeg,E:\Main project\Batch 15\dataset\DME\DME-3542808-25.jpeg,DME
DME-3542808-42.jpeg,E:\Main project\Batch 15\dataset\DME\DME-3542808-42.jpeg,DME
DME-3542808-49.jpeg,E:\Main project\Batch 15\dataset\DME\DME-3542808-49.jpeg,DME
DME-3552236-4.jpeg,E:\Main project\Batch 15\dataset\DME\DME-3552236-4.jpeg,DME
DME-3565572-8.jpeg,E:\Main project\Batch 15\dataset\DME\DME-3565572-8.jpeg,DME
DME-3606968-23.jpeg,E:\Main project\Batch 15\dataset\DME\DME-3606968-23.jpeg,DME
DME-3606968-40.jpeg,E:\Main project\Batch 15\dataset\DME\DME-3606968-40.jpeg,DME
DME-3608465-20.jpeg,E:\Main project\Batch 15\dataset\DME\DME-3608465-20.jpeg,DME
DME-3608465-36.jpeg,E:\Main project\Batch 15\dataset\DME\DME-3608465-36.jpeg,DME
DME-3696907-2.jpeg,E:\Main project\Batch 15\dataset\DME\DME-3696907-2.jpeg,DME
DME-3712405-18.jpeg,E:\Main project\Batch 15\dataset\DME\DME-3712405-18.jpeg,DME
DME-3712405-45.jpeg,E:\Main project\Batch 15\dataset\DME\DME-3712405-45.jpeg,DME
DME-3712405-57.jpeg,E:\Main project\Batch 15\dataset\DME\DME-3712405-57.jpeg,DME
DME-3712405-67.jpeg,E:\Main project\Batch 15\dataset\DME\DME-3712405-67.jpeg,DME
DME-3712405-77.jpeg,E:\Main project\Batch 15\dataset\DME\DME-3712405-77.jpeg,DME
DME-3718895-23.jpeg,E:\Main project\Batch 15\dataset\DME\DME-3718895-23.jpeg,DME
DME-3718895-36.jpeg,E:\Main project\Batch 15\dataset\DME\DME-3718895-36.jpeg,DME
DME-3718895-47.jpeg,E:\Main project\Batch 15\dataset\DME\DME-3718895-47.jpeg,DME
DME-3718895-51.jpeg,E:\Main project\Batch 15\dataset\DME\DME-3718895-51.jpeg,DME
DME-3757443-18.jpeg,E:\Main project\Batch 15\dataset\DME\DME-3757443-18.jpeg,DME
DME-3757443-22.jpeg,E:\Main project\Batch 15\dataset\DME\DME-3757443-22.jpeg,DME
DME-3757443-25.jpeg,E:\Main project\Batch 15\dataset\DME\DME-3757443-25.jpeg,DME
DME-3757443-27.jpeg,E:\Main project\Batch 15\dataset\DME\DME-3757443-27.jpeg,DME
DME-3757443-28.jpeg,E:\Main project\Batch 15\dataset\DME\DME-3757443-28.jpeg,DME
DME-3757443-34.jpeg,E:\Main project\Batch 15\dataset\DME\DME-3757443-34.jpeg,DME
DME-3757443-47.jpeg,E:\Main project\Batch 15\dataset\DME\DME-3757443-47.jpeg,DME
DME-3757443-87.jpeg,E:\Main project\Batch 15\dataset\DME\DME-3757443-87.jpeg,DME
DME-3757443-88.jpeg,E:\Main project\Batch 15\dataset\DME\DME-3757443-88.jpeg,DME
DME-3757443-95.jpeg,E:\Main project\Batch 15\dataset\DME\DME-3757443-95.jpeg,DME
DME-4007891-10.jpeg,E:\Main project\Batch 15\dataset\DME\DME-4007891-10.jpeg,DME
DME-4007891-14.jpeg,E:\Main project\Batch 15\dataset\DME\DME-4007891-14.jpeg,DME
DME-4007891-8.jpeg,E:\Main project\Batch 15\dataset\DME\DME-4007891-8.jpeg,DME
DME-402066-4.jpeg,E:\Main project\Batch 15\dataset\DME\DME-402066-4.jpeg,DME
DME-402066-5.jpeg,E:\Main project\Batch 15\dataset\DME\DME-402066-5.jpeg,DME
DME-4020729-18.jpeg,E:\Main project\Batch 15\dataset\DME\DME-4020729-18.jpeg,DME
DME-4030787-100.jpeg,E:\Main project\Batch 15\dataset\DME\DME-4030787-100.jpeg,DME
DME-4030787-101.jpeg,E:\Main project\Batch 15\dataset\DME\DME-4030787-101.jpeg,DME
DME-4030787-20.jpeg,E:\Main project\Batch 15\dataset\DME\DME-4030787-20.jpeg,DME
DME-4030787-28.jpeg,E:\Main project\Batch 15\dataset\DME\DME-4030787-28.jpeg,DME
DME-4030787-31.jpeg,E:\Main project\Batch 15\dataset\DME\DME-4030787-31.jpeg,DME
DME-4030787-34.jpeg,E:\Main project\Batch 15\dataset\DME\DME-4030787-34.jpeg,DME
DME-4030787-41.jpeg,E:\Main project\Batch 15\dataset\DME\DME-4030787-41.jpeg,DME
DME-4030787-43.jpeg,E:\Main project\Batch 15\dataset\DME\DME-4030787-43.jpeg,DME
DME-4030787-47.jpeg,E:\Main project\Batch 15\dataset\DME\DME-4030787-47.jpeg,DME
DME-4030787-57.jpeg,E:\Main project\Batch 15\dataset\DME\DME-4030787-57.jpeg,DME
DME-4030787-60.jpeg,E:\Main project\Batch 15\dataset\DME\DME-4030787-60.jpeg,DME
DME-4030787-96.jpeg,E:\Main project\Batch 15\dataset\DME\DME-4030787-96.jpeg,DME
DME-403817-1.jpeg,E:\Main project\Batch 15\dataset\DME\DME-403817-1.jpeg,DME
DME-405804-10.jpeg,E:\Main project\Batch 15\dataset\DME\DME-405804-10.jpeg,DME
DME-405804-2.jpeg,E:\Main project\Batch 15\dataset\DME\DME-405804-2.jpeg,DME
DME-405804-20.jpeg,E:\Main project\Batch 15\dataset\DME\DME-405804-20.jpeg,DME
DME-408201-17.jpeg,E:\Main project\Batch 15\dataset\DME\DME-408201-17.jpeg,DME
DME-408201-7.jpeg,E:\Main project\Batch 15\dataset\DME\DME-408201-7.jpeg,DME
DME-4119721-23.jpeg,E:\Main project\Batch 15\dataset\DME\DME-4119721-23.jpeg,DME
DME-4119721-24.jpeg,E:\Main project\Batch 15\dataset\DME\DME-4119721-24.jpeg,DME
DME-4119721-27.jpeg,E:\Main project\Batch 15\dataset\DME\DME-4119721-27.jpeg,DME
DME-4119721-28.jpeg,E:\Main project\Batch 15\dataset\DME\DME-4119721-28.jpeg,DME
DME-4119721-34.jpeg,E:\Main project\Batch 15\dataset\DME\DME-4119721-34.jpeg,DME
DME-4119721-41.jpeg,E:\Main project\Batch 15\dataset\DME\DME-4119721-41.jpeg,DME
DME-4119721-42.jpeg,E:\Main project\Batch 15\dataset\DME\DME-4119721-42.jpeg,DME
DME-4119721-55.jpeg,E:\Main project\Batch 15\dataset\DME\DME-4119721-55.jpeg,DME
DME-4119721-65.jpeg,E:\Main project\Batch 15\dataset\DME\DME-4119721-65.jpeg,DME
DME-4240465-24.jpeg,E:\Main project\Batch 15\dataset\DME\DME-4240465-24.jpeg,DME
DME-4240465-33.jpeg,E:\Main project\Batch 15\dataset\DME\DME-4240465-33.jpeg,DME
DME-4242335-100.jpeg,E:\Main project\Batch 15\dataset\DME\DME-4242335-100.jpeg,DME
DME-4242335-11.jpeg,E:\Main project\Batch 15\dataset\DME\DME-4242335-11.jpeg,DME
DME-4242335-119.jpeg,E:\Main project\Batch 15\dataset\DME\DME-4242335-119.jpeg,DME
DME-4242335-121.jpeg,E:\Main project\Batch 15\dataset\DME\DME-4242335-121.jpeg,DME
DME-4242335-137.jpeg,E:\Main project\Batch 15\dataset\DME\DME-4242335-137.jpeg,DME
DME-4242335-150.jpeg,E:\Main project\Batch 15\dataset\DME\DME-4242335-150.jpeg,DME
DME-4242335-179.jpeg,E:\Main project\Batch 15\dataset\DME\DME-4242335-179.jpeg,DME
DME-4242335-18.jpeg,E:\Main project\Batch 15\dataset\DME\DME-4242335-18.jpeg,DME
DME-4242335-2.jpeg,E:\Main project\Batch 15\dataset\DME\DME-4242335-2.jpeg,DME
DME-4242335-210.jpeg,E:\Main project\Batch 15\dataset\DME\DME-4242335-210.jpeg,DME
DME-4242335-211.jpeg,E:\Main project\Batch 15\dataset\DME\DME-4242335-211.jpeg,DME
DME-4242335-226.jpeg,E:\Main project\Batch 15\dataset\DME\DME-4242335-226.jpeg,DME
DME-4242335-230.jpeg,E:\Main project\Batch 15\dataset\DME\DME-4242335-230.jpeg,DME
DME-4242335-240.jpeg,E:\Main project\Batch 15\dataset\DME\DME-4242335-240.jpeg,DME
DME-4242335-52.jpeg,E:\Main project\Batch 15\dataset\DME\DME-4242335-52.jpeg,DME
DME-4242335-53.jpeg,E:\Main project\Batch 15\dataset\DME\DME-4242335-53.jpeg,DME
DME-4242335-71.jpeg,E:\Main project\Batch 15\dataset\DME\DME-4242335-71.jpeg,DME
DME-4242335-84.jpeg,E:\Main project\Batch 15\dataset\DME\DME-4242335-84.jpeg,DME
DME-4244491-22.jpeg,E:\Main project\Batch 15\dataset\DME\DME-4244491-22.jpeg,DME
DME-4244491-3.jpeg,E:\Main project\Batch 15\dataset\DME\DME-4244491-3.jpeg,DME
DME-4244491-5.jpeg,E:\Main project\Batch 15\dataset\DME\DME-4244491-5.jpeg,DME
DME-4269147-1.jpeg,E:\Main project\Batch 15\dataset\DME\DME-4269147-1.jpeg,DME
DME-4312351-5.jpeg,E:\Main project\Batch 15\dataset\DME\DME-4312351-5.jpeg,DME
DME-4321486-10.jpeg,E:\Main project\Batch 15\dataset\DME\DME-4321486-10.jpeg,DME
DME-4321486-2.jpeg,E:\Main project\Batch 15\dataset\DME\DME-4321486-2.jpeg,DME
DME-4321486-20.jpeg,E:\Main project\Batch 15\dataset\DME\DME-4321486-20.jpeg,DME
DME-4321486-5.jpeg,E:\Main project\Batch 15\dataset\DME\DME-4321486-5.jpeg,DME
DME-4336607-26.jpeg,E:\Main project\Batch 15\dataset\DME\DME-4336607-26.jpeg,DME
DME-4336607-47.jpeg,E:\Main project\Batch 15\dataset\DME\DME-4336607-47.jpeg,DME
DME-4336607-56.jpeg,E:\Main project\Batch 15\dataset\DME\DME-4336607-56.jpeg,DME
DME-4336607-57.jpeg,E:\Main project\Batch 15\dataset\DME\DME-4336607-57.jpeg,DME
DME-4336607-61.jpeg,E:\Main project\Batch 15\dataset\DME\DME-4336607-61.jpeg,DME
DME-4336607-70.jpeg,E:\Main project\Batch 15\dataset\DME\DME-4336607-70.jpeg,DME
DME-4344187-1.jpeg,E:\Main project\Batch 15\dataset\DME\DME-4344187-1.jpeg,DME
DME-4344187-3.jpeg,E:\Main project\Batch 15\dataset\DME\DME-4344187-3.jpeg,DME
DME-4376118-14.jpeg,E:\Main project\Batch 15\dataset\DME\DME-4376118-14.jpeg,DME
DME-4376118-9.jpeg,E:\Main project\Batch 15\dataset\DME\DME-4376118-9.jpeg,DME
DME-4384544-1.jpeg,E:\Main project\Batch 15\dataset\DME\DME-4384544-1.jpeg,DME
DME-4384544-4.jpeg,E:\Main project\Batch 15\dataset\DME\DME-4384544-4.jpeg,DME
DME-4388412-3.jpeg,E:\Main project\Batch 15\dataset\DME\DME-4388412-3.jpeg,DME
DME-4402311-3.jpeg,E:\Main project\Batch 15\dataset\DME\DME-4402311-3.jpeg,DME
DME-4406830-4.jpeg,E:\Main project\Batch 15\dataset\DME\DME-4406830-4.jpeg,DME
DME-4418037-5.jpeg,E:\Main project\Batch 15\dataset\DME\DME-4418037-5.jpeg,DME
DME-4428613-3.jpeg,E:\Main project\Batch 15\dataset\DME\DME-4428613-3.jpeg,DME
DME-4430279-13.jpeg,E:\Main project\Batch 15\dataset\DME\DME-4430279-13.jpeg,DME
DME-4430279-14.jpeg,E:\Main project\Batch 15\dataset\DME\DME-4430279-14.jpeg,DME
DME-4430279-15.jpeg,E:\Main project\Batch 15\dataset\DME\DME-4430279-15.jpeg,DME
DME-4432202-1.jpeg,E:\Main project\Batch 15\dataset\DME\DME-4432202-1.jpeg,DME
DME-4432202-13.jpeg,E:\Main project\Batch 15\dataset\DME\DME-4432202-13.jpeg,DME
DME-4432202-2.jpeg,E:\Main project\Batch 15\dataset\DME\DME-4432202-2.jpeg,DME
DME-4432202-27.jpeg,E:\Main project\Batch 15\dataset\DME\DME-4432202-27.jpeg,DME
DME-4432202-38.jpeg,E:\Main project\Batch 15\dataset\DME\DME-4432202-38.jpeg,DME
DME-4432202-45.jpeg,E:\Main project\Batch 15\dataset\DME\DME-4432202-45.jpeg,DME
DME-4441781-6.jpeg,E:\Main project\Batch 15\dataset\DME\DME-4441781-6.jpeg,DME
DME-4445075-105.jpeg,E:\Main project\Batch 15\dataset\DME\DME-4445075-105.jpeg,DME
DME-4445075-25.jpeg,E:\Main project\Batch 15\dataset\DME\DME-4445075-25.jpeg,DME
DME-4445075-46.jpeg,E:\Main project\Batch 15\dataset\DME\DME-4445075-46.jpeg,DME
DME-4445075-57.jpeg,E:\Main project\Batch 15\dataset\DME\DME-4445075-57.jpeg,DME
DME-4445075-59.jpeg,E:\Main project\Batch 15\dataset\DME\DME-4445075-59.jpeg,DME
DME-4445075-6.jpeg,E:\Main project\Batch 15\dataset\DME\DME-4445075-6.jpeg,DME
DME-4445075-62.jpeg,E:\Main project\Batch 15\dataset\DME\DME-4445075-62.jpeg,DME
DME-4445075-95.jpeg,E:\Main project\Batch 15\dataset\DME\DME-4445075-95.jpeg,DME
DME-4468878-19.jpeg,E:\Main project\Batch 15\dataset\DME\DME-4468878-19.jpeg,DME
DME-4478609-11.jpeg,E:\Main project\Batch 15\dataset\DME\DME-4478609-11.jpeg,DME
DME-4478609-12.jpeg,E:\Main project\Batch 15\dataset\DME\DME-4478609-12.jpeg,DME
DME-4478609-33.jpeg,E:\Main project\Batch 15\dataset\DME\DME-4478609-33.jpeg,DME
DME-4478609-35.jpeg,E:\Main project\Batch 15\dataset\DME\DME-4478609-35.jpeg,DME
DME-4478609-8.jpeg,E:\Main project\Batch 15\dataset\DME\DME-4478609-8.jpeg,DME
DME-4484249-2.jpeg,E:\Main project\Batch 15\dataset\DME\DME-4484249-2.jpeg,DME
DME-4484249-3.jpeg,E:\Main project\Batch 15\dataset\DME\DME-4484249-3.jpeg,DME
DME-4484249-5.jpeg,E:\Main project\Batch 15\dataset\DME\DME-4484249-5.jpeg,DME
DME-4484581-6.jpeg,E:\Main project\Batch 15\dataset\DME\DME-4484581-6.jpeg,DME
DME-4490546-12.jpeg,E:\Main project\Batch 15\dataset\DME\DME-4490546-12.jpeg,DME
DME-4490546-15.jpeg,E:\Main project\Batch 15\dataset\DME\DME-4490546-15.jpeg,DME
DME-4490546-30.jpeg,E:\Main project\Batch 15\dataset\DME\DME-4490546-30.jpeg,DME
DME-4490546-9.jpeg,E:\Main project\Batch 15\dataset\DME\DME-4490546-9.jpeg,DME
DME-4533877-1.jpeg,E:\Main project\Batch 15\dataset\DME\DME-4533877-1.jpeg,DME
DME-4561631-14.jpeg,E:\Main project\Batch 15\dataset\DME\DME-4561631-14.jpeg,DME
DME-4561631-5.jpeg,E:\Main project\Batch 15\dataset\DME\DME-4561631-5.jpeg,DME
DME-4585256-6.jpeg,E:\Main project\Batch 15\dataset\DME\DME-4585256-6.jpeg,DME
DME-4593478-2.jpeg,E:\Main project\Batch 15\dataset\DME\DME-4593478-2.jpeg,DME
DME-4607356-11.jpeg,E:\Main project\Batch 15\dataset\DME\DME-4607356-11.jpeg,DME
DME-4607846-7.jpeg,E:\Main project\Batch 15\dataset\DME\DME-4607846-7.jpeg,DME
DME-4616882-21.jpeg,E:\Main project\Batch 15\dataset\DME\DME-4616882-21.jpeg,DME
DME-4616882-24.jpeg,E:\Main project\Batch 15\dataset\DME\DME-4616882-24.jpeg,DME
DME-4616882-9.jpeg,E:\Main project\Batch 15\dataset\DME\DME-4616882-9.jpeg,DME
DME-4623999-10.jpeg,E:\Main project\Batch 15\dataset\DME\DME-4623999-10.jpeg,DME
DME-4623999-6.jpeg,E:\Main project\Batch 15\dataset\DME\DME-4623999-6.jpeg,DME
DME-4623999-9.jpeg,E:\Main project\Batch 15\dataset\DME\DME-4623999-9.jpeg,DME
DME-462675-10.jpeg,E:\Main project\Batch 15\dataset\DME\DME-462675-10.jpeg,DME
DME-462675-13.jpeg,E:\Main project\Batch 15\dataset\DME\DME-462675-13.jpeg,DME
DME-462675-17.jpeg,E:\Main project\Batch 15\dataset\DME\DME-462675-17.jpeg,DME
DME-462675-28.jpeg,E:\Main project\Batch 15\dataset\DME\DME-462675-28.jpeg,DME
DME-462675-35.jpeg,E:\Main project\Batch 15\dataset\DME\DME-462675-35.jpeg,DME
DME-462675-4.jpeg,E:\Main project\Batch 15\dataset\DME\DME-462675-4.jpeg,DME
DME-462675-43.jpeg,E:\Main project\Batch 15\dataset\DME\DME-462675-43.jpeg,DME
DME-462675-50.jpeg,E:\Main project\Batch 15\dataset\DME\DME-462675-50.jpeg,DME
DME-462675-6.jpeg,E:\Main project\Batch 15\dataset\DME\DME-462675-6.jpeg,DME
DME-4630435-100.jpeg,E:\Main project\Batch 15\dataset\DME\DME-4630435-100.jpeg,DME
DME-4630435-14.jpeg,E:\Main project\Batch 15\dataset\DME\DME-4630435-14.jpeg,DME
DME-4630435-26.jpeg,E:\Main project\Batch 15\dataset\DME\DME-4630435-26.jpeg,DME
DME-4630435-28.jpeg,E:\Main project\Batch 15\dataset\DME\DME-4630435-28.jpeg,DME
DME-4630435-3.jpeg,E:\Main project\Batch 15\dataset\DME\DME-4630435-3.jpeg,DME
DME-4630435-33.jpeg,E:\Main project\Batch 15\dataset\DME\DME-4630435-33.jpeg,DME
DME-4630435-46.jpeg,E:\Main project\Batch 15\dataset\DME\DME-4630435-46.jpeg,DME
DME-4630435-69.jpeg,E:\Main project\Batch 15\dataset\DME\DME-4630435-69.jpeg,DME
DME-4630435-8.jpeg,E:\Main project\Batch 15\dataset\DME\DME-4630435-8.jpeg,DME
DME-4630435-95.jpeg,E:\Main project\Batch 15\dataset\DME\DME-4630435-95.jpeg,DME
DME-4630435-96.jpeg,E:\Main project\Batch 15\dataset\DME\DME-4630435-96.jpeg,DME
DME-4634094-108.jpeg,E:\Main project\Batch 15\dataset\DME\DME-4634094-108.jpeg,DME
DME-4634094-11.jpeg,E:\Main project\Batch 15\dataset\DME\DME-4634094-11.jpeg,DME
DME-4634094-139.jpeg,E:\Main project\Batch 15\dataset\DME\DME-4634094-139.jpeg,DME
DME-4634094-143.jpeg,E:\Main project\Batch 15\dataset\DME\DME-4634094-143.jpeg,DME
DME-4634094-150.jpeg,E:\Main project\Batch 15\dataset\DME\DME-4634094-150.jpeg,DME
DME-4634094-151.jpeg,E:\Main project\Batch 15\dataset\DME\DME-4634094-151.jpeg,DME
DME-4634094-16.jpeg,E:\Main project\Batch 15\dataset\DME\DME-4634094-16.jpeg,DME
DME-4634094-26.jpeg,E:\Main project\Batch 15\dataset\DME\DME-4634094-26.jpeg,DME
DME-4634094-33.jpeg,E:\Main project\Batch 15\dataset\DME\DME-4634094-33.jpeg,DME
DME-4634094-65.jpeg,E:\Main project\Batch 15\dataset\DME\DME-4634094-65.jpeg,DME
DME-4634094-99.jpeg,E:\Main project\Batch 15\dataset\DME\DME-4634094-99.jpeg,DME
DME-4640904-6.jpeg,E:\Main project\Batch 15\dataset\DME\DME-4640904-6.jpeg,DME
DME-4643364-19.jpeg,E:\Main project\Batch 15\dataset\DME\DME-4643364-19.jpeg,DME
DME-4643364-39.jpeg,E:\Main project\Batch 15\dataset\DME\DME-4643364-39.jpeg,DME
DME-4646891-2.jpeg,E:\Main project\Batch 15\dataset\DME\DME-4646891-2.jpeg,DME
DME-465734-3.jpeg,E:\Main project\Batch 15\dataset\DME\DME-465734-3.jpeg,DME
DME-4658666-1.jpeg,E:\Main project\Batch 15\dataset\DME\DME-4658666-1.jpeg,DME
DME-4658666-17.jpeg,E:\Main project\Batch 15\dataset\DME\DME-4658666-17.jpeg,DME
DME-4658666-23.jpeg,E:\Main project\Batch 15\dataset\DME\DME-4658666-23.jpeg,DME
DME-4658666-33.jpeg,E:\Main project\Batch 15\dataset\DME\DME-4658666-33.jpeg,DME
DME-4658666-48.jpeg,E:\Main project\Batch 15\dataset\DME\DME-4658666-48.jpeg,DME
DME-4658666-50.jpeg,E:\Main project\Batch 15\dataset\DME\DME-4658666-50.jpeg,DME
DME-4658666-64.jpeg,E:\Main project\Batch 15\dataset\DME\DME-4658666-64.jpeg,DME
DME-4658666-70.jpeg,E:\Main project\Batch 15\dataset\DME\DME-4658666-70.jpeg,DME
DME-4732091-106.jpeg,E:\Main project\Batch 15\dataset\DME\DME-4732091-106.jpeg,DME
DME-4732091-14.jpeg,E:\Main project\Batch 15\dataset\DME\DME-4732091-14.jpeg,DME
DME-4732091-16.jpeg,E:\Main project\Batch 15\dataset\DME\DME-4732091-16.jpeg,DME
DME-4732091-17.jpeg,E:\Main project\Batch 15\dataset\DME\DME-4732091-17.jpeg,DME
DME-4732091-31.jpeg,E:\Main project\Batch 15\dataset\DME\DME-4732091-31.jpeg,DME
DME-4732091-44.jpeg,E:\Main project\Batch 15\dataset\DME\DME-4732091-44.jpeg,DME
DME-4732091-49.jpeg,E:\Main project\Batch 15\dataset\DME\DME-4732091-49.jpeg,DME
DME-4732091-62.jpeg,E:\Main project\Batch 15\dataset\DME\DME-4732091-62.jpeg,DME
DME-4732091-63.jpeg,E:\Main project\Batch 15\dataset\DME\DME-4732091-63.jpeg,DME
DME-4732091-65.jpeg,E:\Main project\Batch 15\dataset\DME\DME-4732091-65.jpeg,DME
DME-4732091-7.jpeg,E:\Main project\Batch 15\dataset\DME\DME-4732091-7.jpeg,DME
DME-4732091-93.jpeg,E:\Main project\Batch 15\dataset\DME\DME-4732091-93.jpeg,DME
DME-4732091-99.jpeg,E:\Main project\Batch 15\dataset\DME\DME-4732091-99.jpeg,DME
DME-4759696-6.jpeg,E:\Main project\Batch 15\dataset\DME\DME-4759696-6.jpeg,DME
DME-4772167-11.jpeg,E:\Main project\Batch 15\dataset\DME\DME-4772167-11.jpeg,DME
DME-4772167-15.jpeg,E:\Main project\Batch 15\dataset\DME\DME-4772167-15.jpeg,DME
DME-4787838-2.jpeg,E:\Main project\Batch 15\dataset\DME\DME-4787838-2.jpeg,DME
DME-4792882-22.jpeg,E:\Main project\Batch 15\dataset\DME\DME-4792882-22.jpeg,DME
DME-4792882-41.jpeg,E:\Main project\Batch 15\dataset\DME\DME-4792882-41.jpeg,DME
DME-4792882-74.jpeg,E:\Main project\Batch 15\dataset\DME\DME-4792882-74.jpeg,DME
DME-4792882-8.jpeg,E:\Main project\Batch 15\dataset\DME\DME-4792882-8.jpeg,DME
DME-4803321-1.jpeg,E:\Main project\Batch 15\dataset\DME\DME-4803321-1.jpeg,DME
DME-4803321-6.jpeg,E:\Main project\Batch 15\dataset\DME\DME-4803321-6.jpeg,DME
DME-4819732-3.jpeg,E:\Main project\Batch 15\dataset\DME\DME-4819732-3.jpeg,DME
DME-4830818-2.jpeg,E:\Main project\Batch 15\dataset\DME\DME-4830818-2.jpeg,DME
DME-4835086-8.jpeg,E:\Main project\Batch 15\dataset\DME\DME-4835086-8.jpeg,DME
DME-4858321-1.jpeg,E:\Main project\Batch 15\dataset\DME\DME-4858321-1.jpeg,DME
DME-4863870-3.jpeg,E:\Main project\Batch 15\dataset\DME\DME-4863870-3.jpeg,DME
DME-4865495-13.jpeg,E:\Main project\Batch 15\dataset\DME\DME-4865495-13.jpeg,DME
DME-4865495-9.jpeg,E:\Main project\Batch 15\dataset\DME\DME-4865495-9.jpeg,DME
DME-4868278-7.jpeg,E:\Main project\Batch 15\dataset\DME\DME-4868278-7.jpeg,DME
DME-4897748-20.jpeg,E:\Main project\Batch 15\dataset\DME\DME-4897748-20.jpeg,DME
DME-4897748-28.jpeg,E:\Main project\Batch 15\dataset\DME\DME-4897748-28.jpeg,DME
DME-4897748-33.jpeg,E:\Main project\Batch 15\dataset\DME\DME-4897748-33.jpeg,DME
DME-4897748-34.jpeg,E:\Main project\Batch 15\dataset\DME\DME-4897748-34.jpeg,DME
DME-4897748-53.jpeg,E:\Main project\Batch 15\dataset\DME\DME-4897748-53.jpeg,DME
DME-4897748-63.jpeg,E:\Main project\Batch 15\dataset\DME\DME-4897748-63.jpeg,DME
DME-4897748-70.jpeg,E:\Main project\Batch 15\dataset\DME\DME-4897748-70.jpeg,DME
DME-4904794-10.jpeg,E:\Main project\Batch 15\dataset\DME\DME-4904794-10.jpeg,DME
DME-4904794-22.jpeg,E:\Main project\Batch 15\dataset\DME\DME-4904794-22.jpeg,DME
DME-4904794-27.jpeg,E:\Main project\Batch 15\dataset\DME\DME-4904794-27.jpeg,DME
DME-4904794-3.jpeg,E:\Main project\Batch 15\dataset\DME\DME-4904794-3.jpeg,DME
DME-4921138-17.jpeg,E:\Main project\Batch 15\dataset\DME\DME-4921138-17.jpeg,DME
DME-4921138-2.jpeg,E:\Main project\Batch 15\dataset\DME\DME-4921138-2.jpeg,DME
DME-4921138-23.jpeg,E:\Main project\Batch 15\dataset\DME\DME-4921138-23.jpeg,DME
DME-4940184-4.jpeg,E:\Main project\Batch 15\dataset\DME\DME-4940184-4.jpeg,DME
DME-4940184-5.jpeg,E:\Main project\Batch 15\dataset\DME\DME-4940184-5.jpeg,DME
DME-4967228-27.jpeg,E:\Main project\Batch 15\dataset\DME\DME-4967228-27.jpeg,DME
DME-4967228-6.jpeg,E:\Main project\Batch 15\dataset\DME\DME-4967228-6.jpeg,DME
DME-4967228-8.jpeg,E:\Main project\Batch 15\dataset\DME\DME-4967228-8.jpeg,DME
DME-4969104-22.jpeg,E:\Main project\Batch 15\dataset\DME\DME-4969104-22.jpeg,DME
DME-4969104-7.jpeg,E:\Main project\Batch 15\dataset\DME\DME-4969104-7.jpeg,DME
DME-4969104-8.jpeg,E:\Main project\Batch 15\dataset\DME\DME-4969104-8.jpeg,DME
DME-4973751-15.jpeg,E:\Main project\Batch 15\dataset\DME\DME-4973751-15.jpeg,DME
DME-4973751-19.jpeg,E:\Main project\Batch 15\dataset\DME\DME-4973751-19.jpeg,DME
DME-4989358-12.jpeg,E:\Main project\Batch 15\dataset\DME\DME-4989358-12.jpeg,DME
DME-4989358-4.jpeg,E:\Main project\Batch 15\dataset\DME\DME-4989358-4.jpeg,DME
DME-5006393-26.jpeg,E:\Main project\Batch 15\dataset\DME\DME-5006393-26.jpeg,DME
DME-5006393-30.jpeg,E:\Main project\Batch 15\dataset\DME\DME-5006393-30.jpeg,DME
DME-5006393-31.jpeg,E:\Main project\Batch 15\dataset\DME\DME-5006393-31.jpeg,DME
DME-5006393-34.jpeg,E:\Main project\Batch 15\dataset\DME\DME-5006393-34.jpeg,DME
DME-5006393-36.jpeg,E:\Main project\Batch 15\dataset\DME\DME-5006393-36.jpeg,DME
DME-5006393-40.jpeg,E:\Main project\Batch 15\dataset\DME\DME-5006393-40.jpeg,DME
DME-5006393-43.jpeg,E:\Main project\Batch 15\dataset\DME\DME-5006393-43.jpeg,DME
DME-5006393-70.jpeg,E:\Main project\Batch 15\dataset\DME\DME-5006393-70.jpeg,DME
DME-5006393-71.jpeg,E:\Main project\Batch 15\dataset\DME\DME-5006393-71.jpeg,DME
DME-5006393-72.jpeg,E:\Main project\Batch 15\dataset\DME\DME-5006393-72.jpeg,DME
DME-5006393-9.jpeg,E:\Main project\Batch 15\dataset\DME\DME-5006393-9.jpeg,DME
DME-5050880-1.jpeg,E:\Main project\Batch 15\dataset\DME\DME-5050880-1.jpeg,DME
DME-5071032-7.jpeg,E:\Main project\Batch 15\dataset\DME\DME-5071032-7.jpeg,DME
DME-5072525-5.jpeg,E:\Main project\Batch 15\dataset\DME\DME-5072525-5.jpeg,DME
DME-5072525-6.jpeg,E:\Main project\Batch 15\dataset\DME\DME-5072525-6.jpeg,DME
DME-5086150-12.jpeg,E:\Main project\Batch 15\dataset\DME\DME-5086150-12.jpeg,DME
DME-5086150-15.jpeg,E:\Main project\Batch 15\dataset\DME\DME-5086150-15.jpeg,DME
DME-5086150-7.jpeg,E:\Main project\Batch 15\dataset\DME\DME-5086150-7.jpeg,DME
DME-5086150-8.jpeg,E:\Main project\Batch 15\dataset\DME\DME-5086150-8.jpeg,DME
DME-5091309-24.jpeg,E:\Main project\Batch 15\dataset\DME\DME-5091309-24.jpeg,DME
DME-5091309-33.jpeg,E:\Main project\Batch 15\dataset\DME\DME-5091309-33.jpeg,DME
DME-5143281-19.jpeg,E:\Main project\Batch 15\dataset\DME\DME-5143281-19.jpeg,DME
DME-5143281-27.jpeg,E:\Main project\Batch 15\dataset\DME\DME-5143281-27.jpeg,DME
DME-5143281-5.jpeg,E:\Main project\Batch 15\dataset\DME\DME-5143281-5.jpeg,DME
DME-5171738-10.jpeg,E:\Main project\Batch 15\dataset\DME\DME-5171738-10.jpeg,DME
DME-5171738-20.jpeg,E:\Main project\Batch 15\dataset\DME\DME-5171738-20.jpeg,DME
DME-5171738-21.jpeg,E:\Main project\Batch 15\dataset\DME\DME-5171738-21.jpeg,DME
DME-5171738-26.jpeg,E:\Main project\Batch 15\dataset\DME\DME-5171738-26.jpeg,DME
DME-5171738-30.jpeg,E:\Main project\Batch 15\dataset\DME\DME-5171738-30.jpeg,DME
DME-5171738-34.jpeg,E:\Main project\Batch 15\dataset\DME\DME-5171738-34.jpeg,DME
DME-5171738-47.jpeg,E:\Main project\Batch 15\dataset\DME\DME-5171738-47.jpeg,DME
DME-5171738-6.jpeg,E:\Main project\Batch 15\dataset\DME\DME-5171738-6.jpeg,DME
DME-5178244-15.jpeg,E:\Main project\Batch 15\dataset\DME\DME-5178244-15.jpeg,DME
DME-5178244-23.jpeg,E:\Main project\Batch 15\dataset\DME\DME-5178244-23.jpeg,DME
DME-5178244-3.jpeg,E:\Main project\Batch 15\dataset\DME\DME-5178244-3.jpeg,DME
DME-5178244-32.jpeg,E:\Main project\Batch 15\dataset\DME\DME-5178244-32.jpeg,DME
DME-5178244-33.jpeg,E:\Main project\Batch 15\dataset\DME\DME-5178244-33.jpeg,DME
DME-5178244-9.jpeg,E:\Main project\Batch 15\dataset\DME\DME-5178244-9.jpeg,DME
DME-5215530-2.jpeg,E:\Main project\Batch 15\dataset\DME\DME-5215530-2.jpeg,DME
DME-5215530-4.jpeg,E:\Main project\Batch 15\dataset\DME\DME-5215530-4.jpeg,DME
DME-5218662-14.jpeg,E:\Main project\Batch 15\dataset\DME\DME-5218662-14.jpeg,DME
DME-5218662-7.jpeg,E:\Main project\Batch 15\dataset\DME\DME-5218662-7.jpeg,DME
DME-5223925-18.jpeg,E:\Main project\Batch 15\dataset\DME\DME-5223925-18.jpeg,DME
DME-5223925-20.jpeg,E:\Main project\Batch 15\dataset\DME\DME-5223925-20.jpeg,DME
DME-5223925-28.jpeg,E:\Main project\Batch 15\dataset\DME\DME-5223925-28.jpeg,DME
DME-5223925-35.jpeg,E:\Main project\Batch 15\dataset\DME\DME-5223925-35.jpeg,DME
DME-5223925-65.jpeg,E:\Main project\Batch 15\dataset\DME\DME-5223925-65.jpeg,DME
DME-5223925-9.jpeg,E:\Main project\Batch 15\dataset\DME\DME-5223925-9.jpeg,DME
DME-5225805-10.jpeg,E:\Main project\Batch 15\dataset\DME\DME-5225805-10.jpeg,DME
DME-5225805-19.jpeg,E:\Main project\Batch 15\dataset\DME\DME-5225805-19.jpeg,DME
DME-5225805-34.jpeg,E:\Main project\Batch 15\dataset\DME\DME-5225805-34.jpeg,DME
DME-5225805-49.jpeg,E:\Main project\Batch 15\dataset\DME\DME-5225805-49.jpeg,DME
DME-5225805-5.jpeg,E:\Main project\Batch 15\dataset\DME\DME-5225805-5.jpeg,DME
DME-5245128-2.jpeg,E:\Main project\Batch 15\dataset\DME\DME-5245128-2.jpeg,DME
DME-5275228-7.jpeg,E:\Main project\Batch 15\dataset\DME\DME-5275228-7.jpeg,DME
DME-5283276-8.jpeg,E:\Main project\Batch 15\dataset\DME\DME-5283276-8.jpeg,DME
DME-5289136-5.jpeg,E:\Main project\Batch 15\dataset\DME\DME-5289136-5.jpeg,DME
DME-5292894-2.jpeg,E:\Main project\Batch 15\dataset\DME\DME-5292894-2.jpeg,DME
DME-531019-12.jpeg,E:\Main project\Batch 15\dataset\DME\DME-531019-12.jpeg,DME
DME-531019-4.jpeg,E:\Main project\Batch 15\dataset\DME\DME-531019-4.jpeg,DME
DME-531019-9.jpeg,E:\Main project\Batch 15\dataset\DME\DME-531019-9.jpeg,DME
DME-5313093-15.jpeg,E:\Main project\Batch 15\dataset\DME\DME-5313093-15.jpeg,DME
DME-5313093-18.jpeg,E:\Main project\Batch 15\dataset\DME\DME-5313093-18.jpeg,DME
DME-5313093-36.jpeg,E:\Main project\Batch 15\dataset\DME\DME-5313093-36.jpeg,DME
DME-5313093-44.jpeg,E:\Main project\Batch 15\dataset\DME\DME-5313093-44.jpeg,DME
DME-5313093-73.jpeg,E:\Main project\Batch 15\dataset\DME\DME-5313093-73.jpeg,DME
DME-5313093-75.jpeg,E:\Main project\Batch 15\dataset\DME\DME-5313093-75.jpeg,DME
DME-5313093-78.jpeg,E:\Main project\Batch 15\dataset\DME\DME-5313093-78.jpeg,DME
DME-5313093-8.jpeg,E:\Main project\Batch 15\dataset\DME\DME-5313093-8.jpeg,DME
DME-5328738-7.jpeg,E:\Main project\Batch 15\dataset\DME\DME-5328738-7.jpeg,DME
DME-5418199-3.jpeg,E:\Main project\Batch 15\dataset\DME\DME-5418199-3.jpeg,DME
DME-5426500-1.jpeg,E:\Main project\Batch 15\dataset\DME\DME-5426500-1.jpeg,DME
DME-5434248-19.jpeg,E:\Main project\Batch 15\dataset\DME\DME-5434248-19.jpeg,DME
DME-5437778-1.jpeg,E:\Main project\Batch 15\dataset\DME\DME-5437778-1.jpeg,DME
DME-5465575-12.jpeg,E:\Main project\Batch 15\dataset\DME\DME-5465575-12.jpeg,DME
DME-5465575-31.jpeg,E:\Main project\Batch 15\dataset\DME\DME-5465575-31.jpeg,DME
DME-5465575-42.jpeg,E:\Main project\Batch 15\dataset\DME\DME-5465575-42.jpeg,DME
DME-5469051-5.jpeg,E:\Main project\Batch 15\dataset\DME\DME-5469051-5.jpeg,DME
DME-5489583-13.jpeg,E:\Main project\Batch 15\dataset\DME\DME-5489583-13.jpeg,DME
DME-5497895-13.jpeg,E:\Main project\Batch 15\dataset\DME\DME-5497895-13.jpeg,DME
DME-5497895-23.jpeg,E:\Main project\Batch 15\dataset\DME\DME-5497895-23.jpeg,DME
DME-5497895-26.jpeg,E:\Main project\Batch 15\dataset\DME\DME-5497895-26.jpeg,DME
DME-5497895-37.jpeg,E:\Main project\Batch 15\dataset\DME\DME-5497895-37.jpeg,DME
DME-5497895-40.jpeg,E:\Main project\Batch 15\dataset\DME\DME-5497895-40.jpeg,DME
DME-5497895-48.jpeg,E:\Main project\Batch 15\dataset\DME\DME-5497895-48.jpeg,DME
DME-5497895-8.jpeg,E:\Main project\Batch 15\dataset\DME\DME-5497895-8.jpeg,DME
DME-5514270-4.jpeg,E:\Main project\Batch 15\dataset\DME\DME-5514270-4.jpeg,DME
DME-5526996-5.jpeg,E:\Main project\Batch 15\dataset\DME\DME-5526996-5.jpeg,DME
DME-5530115-2.jpeg,E:\Main project\Batch 15\dataset\DME\DME-5530115-2.jpeg,DME
DME-5530115-5.jpeg,E:\Main project\Batch 15\dataset\DME\DME-5530115-5.jpeg,DME
DME-5549735-19.jpeg,E:\Main project\Batch 15\dataset\DME\DME-5549735-19.jpeg,DME
DME-5549735-22.jpeg,E:\Main project\Batch 15\dataset\DME\DME-5549735-22.jpeg,DME
DME-5549735-30.jpeg,E:\Main project\Batch 15\dataset\DME\DME-5549735-30.jpeg,DME
DME-5549735-37.jpeg,E:\Main project\Batch 15\dataset\DME\DME-5549735-37.jpeg,DME
DME-5549735-4.jpeg,E:\Main project\Batch 15\dataset\DME\DME-5549735-4.jpeg,DME
DME-5549735-8.jpeg,E:\Main project\Batch 15\dataset\DME\DME-5549735-8.jpeg,DME
DME-5572449-17.jpeg,E:\Main project\Batch 15\dataset\DME\DME-5572449-17.jpeg,DME
DME-5572449-5.jpeg,E:\Main project\Batch 15\dataset\DME\DME-5572449-5.jpeg,DME
DME-5580182-2.jpeg,E:\Main project\Batch 15\dataset\DME\DME-5580182-2.jpeg,DME
DME-5607266-8.jpeg,E:\Main project\Batch 15\dataset\DME\DME-5607266-8.jpeg,DME
DME-5629799-1.jpeg,E:\Main project\Batch 15\dataset\DME\DME-5629799-1.jpeg,DME
DME-5656004-21.jpeg,E:\Main project\Batch 15\dataset\DME\DME-5656004-21.jpeg,DME
DME-5656004-28.jpeg,E:\Main project\Batch 15\dataset\DME\DME-5656004-28.jpeg,DME
DME-5656004-30.jpeg,E:\Main project\Batch 15\dataset\DME\DME-5656004-30.jpeg,DME
DME-5656004-42.jpeg,E:\Main project\Batch 15\dataset\DME\DME-5656004-42.jpeg,DME
DME-5656004-6.jpeg,E:\Main project\Batch 15\dataset\DME\DME-5656004-6.jpeg,DME
DME-5669621-23.jpeg,E:\Main project\Batch 15\dataset\DME\DME-5669621-23.jpeg,DME
DME-5851527-2.jpeg,E:\Main project\Batch 15\dataset\DME\DME-5851527-2.jpeg,DME
DME-5885363-4.jpeg,E:\Main project\Batch 15\dataset\DME\DME-5885363-4.jpeg,DME
DME-5912867-3.jpeg,E:\Main project\Batch 15\dataset\DME\DME-5912867-3.jpeg,DME
DME-5951745-2.jpeg,E:\Main project\Batch 15\dataset\DME\DME-5951745-2.jpeg,DME
DME-5951745-3.jpeg,E:\Main project\Batch 15\dataset\DME\DME-5951745-3.jpeg,DME
DME-626033-2.jpeg,E:\Main project\Batch 15\dataset\DME\DME-626033-2.jpeg,DME
DME-633268-30.jpeg,E:\Main project\Batch 15\dataset\DME\DME-633268-30.jpeg,DME
DME-633268-46.jpeg,E:\Main project\Batch 15\dataset\DME\DME-633268-46.jpeg,DME
DME-633268-6.jpeg,E:\Main project\Batch 15\dataset\DME\DME-633268-6.jpeg,DME
DME-633268-60.jpeg,E:\Main project\Batch 15\dataset\DME\DME-633268-60.jpeg,DME
DME-633268-64.jpeg,E:\Main project\Batch 15\dataset\DME\DME-633268-64.jpeg,DME
DME-633268-67.jpeg,E:\Main project\Batch 15\dataset\DME\DME-633268-67.jpeg,DME
DME-6354157-1.jpeg,E:\Main project\Batch 15\dataset\DME\DME-6354157-1.jpeg,DME
DME-6354157-5.jpeg,E:\Main project\Batch 15\dataset\DME\DME-6354157-5.jpeg,DME
DME-6367023-4.jpeg,E:\Main project\Batch 15\dataset\DME\DME-6367023-4.jpeg,DME
DME-6406155-4.jpeg,E:\Main project\Batch 15\dataset\DME\DME-6406155-4.jpeg,DME
DME-6406155-5.jpeg,E:\Main project\Batch 15\dataset\DME\DME-6406155-5.jpeg,DME
DME-6434323-4.jpeg,E:\Main project\Batch 15\dataset\DME\DME-6434323-4.jpeg,DME
DME-6434323-5.jpeg,E:\Main project\Batch 15\dataset\DME\DME-6434323-5.jpeg,DME
DME-658867-4.jpeg,E:\Main project\Batch 15\dataset\DME\DME-658867-4.jpeg,DME
DME-6635397-3.jpeg,E:\Main project\Batch 15\dataset\DME\DME-6635397-3.jpeg,DME
DME-6695669-1.jpeg,E:\Main project\Batch 15\dataset\DME\DME-6695669-1.jpeg,DME
DME-6704343-16.jpeg,E:\Main project\Batch 15\dataset\DME\DME-6704343-16.jpeg,DME
DME-670450-11.jpeg,E:\Main project\Batch 15\dataset\DME\DME-670450-11.jpeg,DME
DME-671384-1.jpeg,E:\Main project\Batch 15\dataset\DME\DME-671384-1.jpeg,DME
DME-671384-2.jpeg,E:\Main project\Batch 15\dataset\DME\DME-671384-2.jpeg,DME
DME-6716735-44.jpeg,E:\Main project\Batch 15\dataset\DME\DME-6716735-44.jpeg,DME
DME-6716735-71.jpeg,E:\Main project\Batch 15\dataset\DME\DME-6716735-71.jpeg,DME
DME-6716735-89.jpeg,E:\Main project\Batch 15\dataset\DME\DME-6716735-89.jpeg,DME
DME-6737988-30.jpeg,E:\Main project\Batch 15\dataset\DME\DME-6737988-30.jpeg,DME
DME-6737988-35.jpeg,E:\Main project\Batch 15\dataset\DME\DME-6737988-35.jpeg,DME
DME-6787266-3.jpeg,E:\Main project\Batch 15\dataset\DME\DME-6787266-3.jpeg,DME
DME-6798210-12.jpeg,E:\Main project\Batch 15\dataset\DME\DME-6798210-12.jpeg,DME
DME-6798210-36.jpeg,E:\Main project\Batch 15\dataset\DME\DME-6798210-36.jpeg,DME
DME-6798210-51.jpeg,E:\Main project\Batch 15\dataset\DME\DME-6798210-51.jpeg,DME
DME-6798210-53.jpeg,E:\Main project\Batch 15\dataset\DME\DME-6798210-53.jpeg,DME
DME-682285-12.jpeg,E:\Main project\Batch 15\dataset\DME\DME-682285-12.jpeg,DME
DME-682285-31.jpeg,E:\Main project\Batch 15\dataset\DME\DME-682285-31.jpeg,DME
DME-682285-43.jpeg,E:\Main project\Batch 15\dataset\DME\DME-682285-43.jpeg,DME
DME-682285-5.jpeg,E:\Main project\Batch 15\dataset\DME\DME-682285-5.jpeg,DME
DME-6851127-1.jpeg,E:\Main project\Batch 15\dataset\DME\DME-6851127-1.jpeg,DME
DME-6878052-6.jpeg,E:\Main project\Batch 15\dataset\DME\DME-6878052-6.jpeg,DME
DME-6878052-8.jpeg,E:\Main project\Batch 15\dataset\DME\DME-6878052-8.jpeg,DME
DME-6884821-27.jpeg,E:\Main project\Batch 15\dataset\DME\DME-6884821-27.jpeg,DME
DME-6884821-31.jpeg,E:\Main project\Batch 15\dataset\DME\DME-6884821-31.jpeg,DME
DME-6884821-43.jpeg,E:\Main project\Batch 15\dataset\DME\DME-6884821-43.jpeg,DME
DME-6884821-47.jpeg,E:\Main project\Batch 15\dataset\DME\DME-6884821-47.jpeg,DME
DME-6884821-49.jpeg,E:\Main project\Batch 15\dataset\DME\DME-6884821-49.jpeg,DME
DME-6884821-58.jpeg,E:\Main project\Batch 15\dataset\DME\DME-6884821-58.jpeg,DME
DME-6884821-61.jpeg,E:\Main project\Batch 15\dataset\DME\DME-6884821-61.jpeg,DME
DME-6933604-1.jpeg,E:\Main project\Batch 15\dataset\DME\DME-6933604-1.jpeg,DME
DME-6933604-4.jpeg,E:\Main project\Batch 15\dataset\DME\DME-6933604-4.jpeg,DME
DME-7304366-3.jpeg,E:\Main project\Batch 15\dataset\DME\DME-7304366-3.jpeg,DME
DME-7536081-3.jpeg,E:\Main project\Batch 15\dataset\DME\DME-7536081-3.jpeg,DME
DME-7578162-1.jpeg,E:\Main project\Batch 15\dataset\DME\DME-7578162-1.jpeg,DME
DME-7578162-11.jpeg,E:\Main project\Batch 15\dataset\DME\DME-7578162-11.jpeg,DME
DME-7578162-13.jpeg,E:\Main project\Batch 15\dataset\DME\DME-7578162-13.jpeg,DME
DME-7578162-2.jpeg,E:\Main project\Batch 15\dataset\DME\DME-7578162-2.jpeg,DME
DME-7578162-41.jpeg,E:\Main project\Batch 15\dataset\DME\DME-7578162-41.jpeg,DME
DME-7578162-57.jpeg,E:\Main project\Batch 15\dataset\DME\DME-7578162-57.jpeg,DME
DME-7578162-7.jpeg,E:\Main project\Batch 15\dataset\DME\DME-7578162-7.jpeg,DME
DME-7584882-1.jpeg,E:\Main project\Batch 15\dataset\DME\DME-7584882-1.jpeg,DME
DME-7584882-3.jpeg,E:\Main project\Batch 15\dataset\DME\DME-7584882-3.jpeg,DME
DME-7585263-1.jpeg,E:\Main project\Batch 15\dataset\DME\DME-7585263-1.jpeg,DME
DME-7585263-17.jpeg,E:\Main project\Batch 15\dataset\DME\DME-7585263-17.jpeg,DME
DME-7585263-41.jpeg,E:\Main project\Batch 15\dataset\DME\DME-7585263-41.jpeg,DME
DME-7585263-49.jpeg,E:\Main project\Batch 15\dataset\DME\DME-7585263-49.jpeg,DME
DME-7585263-53.jpeg,E:\Main project\Batch 15\dataset\DME\DME-7585263-53.jpeg,DME
DME-7585263-54.jpeg,E:\Main project\Batch 15\dataset\DME\DME-7585263-54.jpeg,DME
DME-7585537-1.jpeg,E:\Main project\Batch 15\dataset\DME\DME-7585537-1.jpeg,DME
DME-7585537-6.jpeg,E:\Main project\Batch 15\dataset\DME\DME-7585537-6.jpeg,DME
DME-7591008-4.jpeg,E:\Main project\Batch 15\dataset\DME\DME-7591008-4.jpeg,DME
DME-7594641-3.jpeg,E:\Main project\Batch 15\dataset\DME\DME-7594641-3.jpeg,DME
DME-7598038-5.jpeg,E:\Main project\Batch 15\dataset\DME\DME-7598038-5.jpeg,DME
DME-7614088-16.jpeg,E:\Main project\Batch 15\dataset\DME\DME-7614088-16.jpeg,DME
DME-7614088-17.jpeg,E:\Main project\Batch 15\dataset\DME\DME-7614088-17.jpeg,DME
DME-7614088-26.jpeg,E:\Main project\Batch 15\dataset\DME\DME-7614088-26.jpeg,DME
DME-7614088-37.jpeg,E:\Main project\Batch 15\dataset\DME\DME-7614088-37.jpeg,DME
DME-7625181-1.jpeg,E:\Main project\Batch 15\dataset\DME\DME-7625181-1.jpeg,DME
DME-7638333-4.jpeg,E:\Main project\Batch 15\dataset\DME\DME-7638333-4.jpeg,DME
DME-7650134-3.jpeg,E:\Main project\Batch 15\dataset\DME\DME-7650134-3.jpeg,DME
DME-7658334-4.jpeg,E:\Main project\Batch 15\dataset\DME\DME-7658334-4.jpeg,DME
DME-7680244-19.jpeg,E:\Main project\Batch 15\dataset\DME\DME-7680244-19.jpeg,DME
DME-7680244-33.jpeg,E:\Main project\Batch 15\dataset\DME\DME-7680244-33.jpeg,DME
DME-7680244-34.jpeg,E:\Main project\Batch 15\dataset\DME\DME-7680244-34.jpeg,DME
DME-7680244-40.jpeg,E:\Main project\Batch 15\dataset\DME\DME-7680244-40.jpeg,DME
DME-7680244-43.jpeg,E:\Main project\Batch 15\dataset\DME\DME-7680244-43.jpeg,DME
DME-7680244-48.jpeg,E:\Main project\Batch 15\dataset\DME\DME-7680244-48.jpeg,DME
DME-7680244-50.jpeg,E:\Main project\Batch 15\dataset\DME\DME-7680244-50.jpeg,DME
DME-7680244-54.jpeg,E:\Main project\Batch 15\dataset\DME\DME-7680244-54.jpeg,DME
DME-7680244-57.jpeg,E:\Main project\Batch 15\dataset\DME\DME-7680244-57.jpeg,DME
DME-7680244-62.jpeg,E:\Main project\Batch 15\dataset\DME\DME-7680244-62.jpeg,DME
DME-7680244-9.jpeg,E:\Main project\Batch 15\dataset\DME\DME-7680244-9.jpeg,DME
DME-7700504-12.jpeg,E:\Main project\Batch 15\dataset\DME\DME-7700504-12.jpeg,DME
DME-7700504-3.jpeg,E:\Main project\Batch 15\dataset\DME\DME-7700504-3.jpeg,DME
DME-7700504-9.jpeg,E:\Main project\Batch 15\dataset\DME\DME-7700504-9.jpeg,DME
DME-7706610-6.jpeg,E:\Main project\Batch 15\dataset\DME\DME-7706610-6.jpeg,DME
DME-7707202-20.jpeg,E:\Main project\Batch 15\dataset\DME\DME-7707202-20.jpeg,DME
DME-7707202-30.jpeg,E:\Main project\Batch 15\dataset\DME\DME-7707202-30.jpeg,DME
DME-7707202-34.jpeg,E:\Main project\Batch 15\dataset\DME\DME-7707202-34.jpeg,DME
DME-773094-12.jpeg,E:\Main project\Batch 15\dataset\DME\DME-773094-12.jpeg,DME
DME-773094-13.jpeg,E:\Main project\Batch 15\dataset\DME\DME-773094-13.jpeg,DME
DME-773094-14.jpeg,E:\Main project\Batch 15\dataset\DME\DME-773094-14.jpeg,DME
DME-773983-10.jpeg,E:\Main project\Batch 15\dataset\DME\DME-773983-10.jpeg,DME
DME-7750274-3.jpeg,E:\Main project\Batch 15\dataset\DME\DME-7750274-3.jpeg,DME
DME-7750274-5.jpeg,E:\Main project\Batch 15\dataset\DME\DME-7750274-5.jpeg,DME
DME-7757895-6.jpeg,E:\Main project\Batch 15\dataset\DME\DME-7757895-6.jpeg,DME
DME-7763916-101.jpeg,E:\Main project\Batch 15\dataset\DME\DME-7763916-101.jpeg,DME
DME-7763916-104.jpeg,E:\Main project\Batch 15\dataset\DME\DME-7763916-104.jpeg,DME
DME-7763916-11.jpeg,E:\Main project\Batch 15\dataset\DME\DME-7763916-11.jpeg,DME
DME-7763916-111.jpeg,E:\Main project\Batch 15\dataset\DME\DME-7763916-111.jpeg,DME
DME-7763916-112.jpeg,E:\Main project\Batch 15\dataset\DME\DME-7763916-112.jpeg,DME
DME-7763916-22.jpeg,E:\Main project\Batch 15\dataset\DME\DME-7763916-22.jpeg,DME
DME-7763916-23.jpeg,E:\Main project\Batch 15\dataset\DME\DME-7763916-23.jpeg,DME
DME-7763916-25.jpeg,E:\Main project\Batch 15\dataset\DME\DME-7763916-25.jpeg,DME
DME-7763916-3.jpeg,E:\Main project\Batch 15\dataset\DME\DME-7763916-3.jpeg,DME
DME-7763916-33.jpeg,E:\Main project\Batch 15\dataset\DME\DME-7763916-33.jpeg,DME
DME-7763916-43.jpeg,E:\Main project\Batch 15\dataset\DME\DME-7763916-43.jpeg,DME
DME-7763916-44.jpeg,E:\Main project\Batch 15\dataset\DME\DME-7763916-44.jpeg,DME
DME-7763916-47.jpeg,E:\Main project\Batch 15\dataset\DME\DME-7763916-47.jpeg,DME
DME-7763916-67.jpeg,E:\Main project\Batch 15\dataset\DME\DME-7763916-67.jpeg,DME
DME-7763916-7.jpeg,E:\Main project\Batch 15\dataset\DME\DME-7763916-7.jpeg,DME
DME-7763916-78.jpeg,E:\Main project\Batch 15\dataset\DME\DME-7763916-78.jpeg,DME
DME-7763916-87.jpeg,E:\Main project\Batch 15\dataset\DME\DME-7763916-87.jpeg,DME
DME-7763916-90.jpeg,E:\Main project\Batch 15\dataset\DME\DME-7763916-90.jpeg,DME
DME-7763916-94.jpeg,E:\Main project\Batch 15\dataset\DME\DME-7763916-94.jpeg,DME
DME-7780589-16.jpeg,E:\Main project\Batch 15\dataset\DME\DME-7780589-16.jpeg,DME
DME-778975-103.jpeg,E:\Main project\Batch 15\dataset\DME\DME-778975-103.jpeg,DME
DME-778975-12.jpeg,E:\Main project\Batch 15\dataset\DME\DME-778975-12.jpeg,DME
DME-778975-26.jpeg,E:\Main project\Batch 15\dataset\DME\DME-778975-26.jpeg,DME
DME-778975-37.jpeg,E:\Main project\Batch 15\dataset\DME\DME-778975-37.jpeg,DME
DME-778975-58.jpeg,E:\Main project\Batch 15\dataset\DME\DME-778975-58.jpeg,DME
DME-778975-59.jpeg,E:\Main project\Batch 15\dataset\DME\DME-778975-59.jpeg,DME
DME-778975-64.jpeg,E:\Main project\Batch 15\dataset\DME\DME-778975-64.jpeg,DME
DME-778975-7.jpeg,E:\Main project\Batch 15\dataset\DME\DME-778975-7.jpeg,DME
DME-778975-77.jpeg,E:\Main project\Batch 15\dataset\DME\DME-778975-77.jpeg,DME
DME-778975-81.jpeg,E:\Main project\Batch 15\dataset\DME\DME-778975-81.jpeg,DME
DME-778975-85.jpeg,E:\Main project\Batch 15\dataset\DME\DME-778975-85.jpeg,DME
DME-778975-90.jpeg,E:\Main project\Batch 15\dataset\DME\DME-778975-90.jpeg,DME
DME-7793366-2.jpeg,E:\Main project\Batch 15\dataset\DME\DME-7793366-2.jpeg,DME
DME-7807823-3.jpeg,E:\Main project\Batch 15\dataset\DME\DME-7807823-3.jpeg,DME
DME-7837305-10.jpeg,E:\Main project\Batch 15\dataset\DME\DME-7837305-10.jpeg,DME
DME-7837305-14.jpeg,E:\Main project\Batch 15\dataset\DME\DME-7837305-14.jpeg,DME
DME-7837305-15.jpeg,E:\Main project\Batch 15\dataset\DME\DME-7837305-15.jpeg,DME
DME-7837305-33.jpeg,E:\Main project\Batch 15\dataset\DME\DME-7837305-33.jpeg,DME
DME-7837305-49.jpeg,E:\Main project\Batch 15\dataset\DME\DME-7837305-49.jpeg,DME
DME-7837305-58.jpeg,E:\Main project\Batch 15\dataset\DME\DME-7837305-58.jpeg,DME
DME-7837305-59.jpeg,E:\Main project\Batch 15\dataset\DME\DME-7837305-59.jpeg,DME
DME-7837305-68.jpeg,E:\Main project\Batch 15\dataset\DME\DME-7837305-68.jpeg,DME
DME-7843891-11.jpeg,E:\Main project\Batch 15\dataset\DME\DME-7843891-11.jpeg,DME
DME-7846574-2.jpeg,E:\Main project\Batch 15\dataset\DME\DME-7846574-2.jpeg,DME
DME-7846574-29.jpeg,E:\Main project\Batch 15\dataset\DME\DME-7846574-29.jpeg,DME
DME-7846574-39.jpeg,E:\Main project\Batch 15\dataset\DME\DME-7846574-39.jpeg,DME
DME-7846574-42.jpeg,E:\Main project\Batch 15\dataset\DME\DME-7846574-42.jpeg,DME
DME-7846574-45.jpeg,E:\Main project\Batch 15\dataset\DME\DME-7846574-45.jpeg,DME
DME-7846574-50.jpeg,E:\Main project\Batch 15\dataset\DME\DME-7846574-50.jpeg,DME
DME-7870558-11.jpeg,E:\Main project\Batch 15\dataset\DME\DME-7870558-11.jpeg,DME
DME-7870558-12.jpeg,E:\Main project\Batch 15\dataset\DME\DME-7870558-12.jpeg,DME
DME-7870558-15.jpeg,E:\Main project\Batch 15\dataset\DME\DME-7870558-15.jpeg,DME
DME-7870558-25.jpeg,E:\Main project\Batch 15\dataset\DME\DME-7870558-25.jpeg,DME
DME-7872718-5.jpeg,E:\Main project\Batch 15\dataset\DME\DME-7872718-5.jpeg,DME
DME-790000-1.jpeg,E:\Main project\Batch 15\dataset\DME\DME-790000-1.jpeg,DME
DME-7918201-17.jpeg,E:\Main project\Batch 15\dataset\DME\DME-7918201-17.jpeg,DME
DME-7918201-27.jpeg,E:\Main project\Batch 15\dataset\DME\DME-7918201-27.jpeg,DME
DME-7918201-9.jpeg,E:\Main project\Batch 15\dataset\DME\DME-7918201-9.jpeg,DME
DME-7928636-5.jpeg,E:\Main project\Batch 15\dataset\DME\DME-7928636-5.jpeg,DME
DME-7939555-4.jpeg,E:\Main project\Batch 15\dataset\DME\DME-7939555-4.jpeg,DME
DME-7950284-11.jpeg,E:\Main project\Batch 15\dataset\DME\DME-7950284-11.jpeg,DME
DME-7972888-5.jpeg,E:\Main project\Batch 15\dataset\DME\DME-7972888-5.jpeg,DME
DME-7990001-3.jpeg,E:\Main project\Batch 15\dataset\DME\DME-7990001-3.jpeg,DME
DME-8000885-1.jpeg,E:\Main project\Batch 15\dataset\DME\DME-8000885-1.jpeg,DME
DME-8019418-24.jpeg,E:\Main project\Batch 15\dataset\DME\DME-8019418-24.jpeg,DME
DME-8019418-27.jpeg,E:\Main project\Batch 15\dataset\DME\DME-8019418-27.jpeg,DME
DME-8019418-42.jpeg,E:\Main project\Batch 15\dataset\DME\DME-8019418-42.jpeg,DME
DME-8019418-59.jpeg,E:\Main project\Batch 15\dataset\DME\DME-8019418-59.jpeg,DME
DME-8019418-6.jpeg,E:\Main project\Batch 15\dataset\DME\DME-8019418-6.jpeg,DME
DME-8019418-70.jpeg,E:\Main project\Batch 15\dataset\DME\DME-8019418-70.jpeg,DME
DME-8019418-75.jpeg,E:\Main project\Batch 15\dataset\DME\DME-8019418-75.jpeg,DME
DME-8021831-22.jpeg,E:\Main project\Batch 15\dataset\DME\DME-8021831-22.jpeg,DME
DME-8080050-8.jpeg,E:\Main project\Batch 15\dataset\DME\DME-8080050-8.jpeg,DME
DME-8087608-12.jpeg,E:\Main project\Batch 15\dataset\DME\DME-8087608-12.jpeg,DME
DME-8123126-6.jpeg,E:\Main project\Batch 15\dataset\DME\DME-8123126-6.jpeg,DME
DME-8130267-12.jpeg,E:\Main project\Batch 15\dataset\DME\DME-8130267-12.jpeg,DME
DME-8130267-14.jpeg,E:\Main project\Batch 15\dataset\DME\DME-8130267-14.jpeg,DME
DME-8164222-1.jpeg,E:\Main project\Batch 15\dataset\DME\DME-8164222-1.jpeg,DME
DME-8177380-12.jpeg,E:\Main project\Batch 15\dataset\DME\DME-8177380-12.jpeg,DME
DME-8177380-2.jpeg,E:\Main project\Batch 15\dataset\DME\DME-8177380-2.jpeg,DME
DME-8177380-30.jpeg,E:\Main project\Batch 15\dataset\DME\DME-8177380-30.jpeg,DME
DME-8177380-36.jpeg,E:\Main project\Batch 15\dataset\DME\DME-8177380-36.jpeg,DME
DME-8177380-42.jpeg,E:\Main project\Batch 15\dataset\DME\DME-8177380-42.jpeg,DME
DME-8177380-5.jpeg,E:\Main project\Batch 15\dataset\DME\DME-8177380-5.jpeg,DME
DME-8193815-14.jpeg,E:\Main project\Batch 15\dataset\DME\DME-8193815-14.jpeg,DME
DME-8193815-18.jpeg,E:\Main project\Batch 15\dataset\DME\DME-8193815-18.jpeg,DME
DME-8200056-12.jpeg,E:\Main project\Batch 15\dataset\DME\DME-8200056-12.jpeg,DME
DME-8200056-25.jpeg,E:\Main project\Batch 15\dataset\DME\DME-8200056-25.jpeg,DME
DME-8218042-20.jpeg,E:\Main project\Batch 15\dataset\DME\DME-8218042-20.jpeg,DME
DME-8218042-8.jpeg,E:\Main project\Batch 15\dataset\DME\DME-8218042-8.jpeg,DME
DME-8231523-7.jpeg,E:\Main project\Batch 15\dataset\DME\DME-8231523-7.jpeg,DME
DME-8253827-7.jpeg,E:\Main project\Batch 15\dataset\DME\DME-8253827-7.jpeg,DME
DME-8274322-1.jpeg,E:\Main project\Batch 15\dataset\DME\DME-8274322-1.jpeg,DME
DME-8366524-12.jpeg,E:\Main project\Batch 15\dataset\DME\DME-8366524-12.jpeg,DME
DME-8371885-16.jpeg,E:\Main project\Batch 15\dataset\DME\DME-8371885-16.jpeg,DME
DME-8371885-27.jpeg,E:\Main project\Batch 15\dataset\DME\DME-8371885-27.jpeg,DME
DME-8371885-9.jpeg,E:\Main project\Batch 15\dataset\DME\DME-8371885-9.jpeg,DME
DME-8426419-21.jpeg,E:\Main project\Batch 15\dataset\DME\DME-8426419-21.jpeg,DME
DME-8426419-4.jpeg,E:\Main project\Batch 15\dataset\DME\DME-8426419-4.jpeg,DME
DME-843382-1.jpeg,E:\Main project\Batch 15\dataset\DME\DME-843382-1.jpeg,DME
DME-8457431-17.jpeg,E:\Main project\Batch 15\dataset\DME\DME-8457431-17.jpeg,DME
DME-8457431-19.jpeg,E:\Main project\Batch 15\dataset\DME\DME-8457431-19.jpeg,DME
DME-8457431-4.jpeg,E:\Main project\Batch 15\dataset\DME\DME-8457431-4.jpeg,DME
DME-8457431-45.jpeg,E:\Main project\Batch 15\dataset\DME\DME-8457431-45.jpeg,DME
DME-8487067-6.jpeg,E:\Main project\Batch 15\dataset\DME\DME-8487067-6.jpeg,DME
DME-8499917-11.jpeg,E:\Main project\Batch 15\dataset\DME\DME-8499917-11.jpeg,DME
DME-8499917-18.jpeg,E:\Main project\Batch 15\dataset\DME\DME-8499917-18.jpeg,DME
DME-8499917-19.jpeg,E:\Main project\Batch 15\dataset\DME\DME-8499917-19.jpeg,DME
DME-8499917-2.jpeg,E:\Main project\Batch 15\dataset\DME\DME-8499917-2.jpeg,DME
DME-8499917-28.jpeg,E:\Main project\Batch 15\dataset\DME\DME-8499917-28.jpeg,DME
DME-8499917-9.jpeg,E:\Main project\Batch 15\dataset\DME\DME-8499917-9.jpeg,DME
DME-8523253-4.jpeg,E:\Main project\Batch 15\dataset\DME\DME-8523253-4.jpeg,DME
DME-8525575-102.jpeg,E:\Main project\Batch 15\dataset\DME\DME-8525575-102.jpeg,DME
DME-8525575-106.jpeg,E:\Main project\Batch 15\dataset\DME\DME-8525575-106.jpeg,DME
DME-8525575-109.jpeg,E:\Main project\Batch 15\dataset\DME\DME-8525575-109.jpeg,DME
DME-8525575-11.jpeg,E:\Main project\Batch 15\dataset\DME\DME-8525575-11.jpeg,DME
DME-8525575-118.jpeg,E:\Main project\Batch 15\dataset\DME\DME-8525575-118.jpeg,DME
DME-8525575-12.jpeg,E:\Main project\Batch 15\dataset\DME\DME-8525575-12.jpeg,DME
DME-8525575-124.jpeg,E:\Main project\Batch 15\dataset\DME\DME-8525575-124.jpeg,DME
DME-8525575-131.jpeg,E:\Main project\Batch 15\dataset\DME\DME-8525575-131.jpeg,DME
DME-8525575-139.jpeg,E:\Main project\Batch 15\dataset\DME\DME-8525575-139.jpeg,DME
DME-8525575-14.jpeg,E:\Main project\Batch 15\dataset\DME\DME-8525575-14.jpeg,DME
DME-8525575-140.jpeg,E:\Main project\Batch 15\dataset\DME\DME-8525575-140.jpeg,DME
DME-8525575-142.jpeg,E:\Main project\Batch 15\dataset\DME\DME-8525575-142.jpeg,DME
DME-8525575-147.jpeg,E:\Main project\Batch 15\dataset\DME\DME-8525575-147.jpeg,DME
DME-8525575-154.jpeg,E:\Main project\Batch 15\dataset\DME\DME-8525575-154.jpeg,DME
DME-8525575-163.jpeg,E:\Main project\Batch 15\dataset\DME\DME-8525575-163.jpeg,DME
DME-8525575-167.jpeg,E:\Main project\Batch 15\dataset\DME\DME-8525575-167.jpeg,DME
DME-8525575-170.jpeg,E:\Main project\Batch 15\dataset\DME\DME-8525575-170.jpeg,DME
DME-8525575-174.jpeg,E:\Main project\Batch 15\dataset\DME\DME-8525575-174.jpeg,DME
DME-8525575-202.jpeg,E:\Main project\Batch 15\dataset\DME\DME-8525575-202.jpeg,DME
DME-8525575-27.jpeg,E:\Main project\Batch 15\dataset\DME\DME-8525575-27.jpeg,DME
DME-8525575-33.jpeg,E:\Main project\Batch 15\dataset\DME\DME-8525575-33.jpeg,DME
DME-8525575-40.jpeg,E:\Main project\Batch 15\dataset\DME\DME-8525575-40.jpeg,DME
DME-8525575-41.jpeg,E:\Main project\Batch 15\dataset\DME\DME-8525575-41.jpeg,DME
DME-8525575-42.jpeg,E:\Main project\Batch 15\dataset\DME\DME-8525575-42.jpeg,DME
DME-8525575-46.jpeg,E:\Main project\Batch 15\dataset\DME\DME-8525575-46.jpeg,DME
DME-8525575-49.jpeg,E:\Main project\Batch 15\dataset\DME\DME-8525575-49.jpeg,DME
DME-8525575-91.jpeg,E:\Main project\Batch 15\dataset\DME\DME-8525575-91.jpeg,DME
DME-8525575-96.jpeg,E:\Main project\Batch 15\dataset\DME\DME-8525575-96.jpeg,DME
DME-8555080-14.jpeg,E:\Main project\Batch 15\dataset\DME\DME-8555080-14.jpeg,DME
DME-8560276-11.jpeg,E:\Main project\Batch 15\dataset\DME\DME-8560276-11.jpeg,DME
DME-8560276-54.jpeg,E:\Main project\Batch 15\dataset\DME\DME-8560276-54.jpeg,DME
DME-8560276-59.jpeg,E:\Main project\Batch 15\dataset\DME\DME-8560276-59.jpeg,DME
DME-8560276-72.jpeg,E:\Main project\Batch 15\dataset\DME\DME-8560276-72.jpeg,DME
DME-8560276-80.jpeg,E:\Main project\Batch 15\dataset\DME\DME-8560276-80.jpeg,DME
DME-8560276-81.jpeg,E:\Main project\Batch 15\dataset\DME\DME-8560276-81.jpeg,DME
DME-8599136-3.jpeg,E:\Main project\Batch 15\dataset\DME\DME-8599136-3.jpeg,DME
DME-8599136-5.jpeg,E:\Main project\Batch 15\dataset\DME\DME-8599136-5.jpeg,DME
DME-8599136-8.jpeg,E:\Main project\Batch 15\dataset\DME\DME-8599136-8.jpeg,DME
DME-8601563-3.jpeg,E:\Main project\Batch 15\dataset\DME\DME-8601563-3.jpeg,DME
DME-8601563-6.jpeg,E:\Main project\Batch 15\dataset\DME\DME-8601563-6.jpeg,DME
DME-8602716-118.jpeg,E:\Main project\Batch 15\dataset\DME\DME-8602716-118.jpeg,DME
DME-8602716-128.jpeg,E:\Main project\Batch 15\dataset\DME\DME-8602716-128.jpeg,DME
DME-8602716-13.jpeg,E:\Main project\Batch 15\dataset\DME\DME-8602716-13.jpeg,DME
DME-8602716-136.jpeg,E:\Main project\Batch 15\dataset\DME\DME-8602716-136.jpeg,DME
DME-8602716-140.jpeg,E:\Main project\Batch 15\dataset\DME\DME-8602716-140.jpeg,DME
DME-8602716-154.jpeg,E:\Main project\Batch 15\dataset\DME\DME-8602716-154.jpeg,DME
DME-8602716-21.jpeg,E:\Main project\Batch 15\dataset\DME\DME-8602716-21.jpeg,DME
DME-8602716-24.jpeg,E:\Main project\Batch 15\dataset\DME\DME-8602716-24.jpeg,DME
DME-8602716-26.jpeg,E:\Main project\Batch 15\dataset\DME\DME-8602716-26.jpeg,DME
DME-8602716-30.jpeg,E:\Main project\Batch 15\dataset\DME\DME-8602716-30.jpeg,DME
DME-8602716-32.jpeg,E:\Main project\Batch 15\dataset\DME\DME-8602716-32.jpeg,DME
DME-8602716-34.jpeg,E:\Main project\Batch 15\dataset\DME\DME-8602716-34.jpeg,DME
DME-8602716-71.jpeg,E:\Main project\Batch 15\dataset\DME\DME-8602716-71.jpeg,DME
DME-8602716-78.jpeg,E:\Main project\Batch 15\dataset\DME\DME-8602716-78.jpeg,DME
DME-8602716-86.jpeg,E:\Main project\Batch 15\dataset\DME\DME-8602716-86.jpeg,DME
DME-8605472-3.jpeg,E:\Main project\Batch 15\dataset\DME\DME-8605472-3.jpeg,DME
DME-8605472-5.jpeg,E:\Main project\Batch 15\dataset\DME\DME-8605472-5.jpeg,DME
DME-8615417-17.jpeg,E:\Main project\Batch 15\dataset\DME\DME-8615417-17.jpeg,DME
DME-8630987-2.jpeg,E:\Main project\Batch 15\dataset\DME\DME-8630987-2.jpeg,DME
DME-8635355-3.jpeg,E:\Main project\Batch 15\dataset\DME\DME-8635355-3.jpeg,DME
DME-8647070-1.jpeg,E:\Main project\Batch 15\dataset\DME\DME-8647070-1.jpeg,DME
DME-8647070-26.jpeg,E:\Main project\Batch 15\dataset\DME\DME-8647070-26.jpeg,DME
DME-8647070-27.jpeg,E:\Main project\Batch 15\dataset\DME\DME-8647070-27.jpeg,DME
DME-8647070-31.jpeg,E:\Main project\Batch 15\dataset\DME\DME-8647070-31.jpeg,DME
DME-8647070-41.jpeg,E:\Main project\Batch 15\dataset\DME\DME-8647070-41.jpeg,DME
DME-8647070-55.jpeg,E:\Main project\Batch 15\dataset\DME\DME-8647070-55.jpeg,DME
DME-8647070-57.jpeg,E:\Main project\Batch 15\dataset\DME\DME-8647070-57.jpeg,DME
DME-8647070-59.jpeg,E:\Main project\Batch 15\dataset\DME\DME-8647070-59.jpeg,DME
DME-866257-2.jpeg,E:\Main project\Batch 15\dataset\DME\DME-866257-2.jpeg,DME
DME-8681418-11.jpeg,E:\Main project\Batch 15\dataset\DME\DME-8681418-11.jpeg,DME
DME-8684044-11.jpeg,E:\Main project\Batch 15\dataset\DME\DME-8684044-11.jpeg,DME
DME-8684044-2.jpeg,E:\Main project\Batch 15\dataset\DME\DME-8684044-2.jpeg,DME
DME-8684044-8.jpeg,E:\Main project\Batch 15\dataset\DME\DME-8684044-8.jpeg,DME
DME-8684044-9.jpeg,E:\Main project\Batch 15\dataset\DME\DME-8684044-9.jpeg,DME
DME-8690315-2.jpeg,E:\Main project\Batch 15\dataset\DME\DME-8690315-2.jpeg,DME
DME-8699233-17.jpeg,E:\Main project\Batch 15\dataset\DME\DME-8699233-17.jpeg,DME
DME-8699233-19.jpeg,E:\Main project\Batch 15\dataset\DME\DME-8699233-19.jpeg,DME
DME-8699233-27.jpeg,E:\Main project\Batch 15\dataset\DME\DME-8699233-27.jpeg,DME
DME-8699233-29.jpeg,E:\Main project\Batch 15\dataset\DME\DME-8699233-29.jpeg,DME
DME-8699233-8.jpeg,E:\Main project\Batch 15\dataset\DME\DME-8699233-8.jpeg,DME
DME-8706454-1.jpeg,E:\Main project\Batch 15\dataset\DME\DME-8706454-1.jpeg,DME
DME-8706454-5.jpeg,E:\Main project\Batch 15\dataset\DME\DME-8706454-5.jpeg,DME
DME-8713938-5.jpeg,E:\Main project\Batch 15\dataset\DME\DME-8713938-5.jpeg,DME
DME-8725587-2.jpeg,E:\Main project\Batch 15\dataset\DME\DME-8725587-2.jpeg,DME
DME-8725587-4.jpeg,E:\Main project\Batch 15\dataset\DME\DME-8725587-4.jpeg,DME
DME-8729675-14.jpeg,E:\Main project\Batch 15\dataset\DME\DME-8729675-14.jpeg,DME
DME-8729675-34.jpeg,E:\Main project\Batch 15\dataset\DME\DME-8729675-34.jpeg,DME
DME-8729675-48.jpeg,E:\Main project\Batch 15\dataset\DME\DME-8729675-48.jpeg,DME
DME-8729675-57.jpeg,E:\Main project\Batch 15\dataset\DME\DME-8729675-57.jpeg,DME
DME-8732456-1.jpeg,E:\Main project\Batch 15\dataset\DME\DME-8732456-1.jpeg,DME
DME-8732456-15.jpeg,E:\Main project\Batch 15\dataset\DME\DME-8732456-15.jpeg,DME
DME-8732456-34.jpeg,E:\Main project\Batch 15\dataset\DME\DME-8732456-34.jpeg,DME
DME-8732456-37.jpeg,E:\Main project\Batch 15\dataset\DME\DME-8732456-37.jpeg,DME
DME-8732456-6.jpeg,E:\Main project\Batch 15\dataset\DME\DME-8732456-6.jpeg,DME
DME-873375-9.jpeg,E:\Main project\Batch 15\dataset\DME\DME-873375-9.jpeg,DME
DME-8766603-18.jpeg,E:\Main project\Batch 15\dataset\DME\DME-8766603-18.jpeg,DME
DME-8766603-7.jpeg,E:\Main project\Batch 15\dataset\DME\DME-8766603-7.jpeg,DME
DME-8766603-9.jpeg,E:\Main project\Batch 15\dataset\DME\DME-8766603-9.jpeg,DME
DME-8769362-4.jpeg,E:\Main project\Batch 15\dataset\DME\DME-8769362-4.jpeg,DME
DME-8770531-14.jpeg,E:\Main project\Batch 15\dataset\DME\DME-8770531-14.jpeg,DME
DME-8770531-19.jpeg,E:\Main project\Batch 15\dataset\DME\DME-8770531-19.jpeg,DME
DME-8770531-33.jpeg,E:\Main project\Batch 15\dataset\DME\DME-8770531-33.jpeg,DME
DME-8788274-11.jpeg,E:\Main project\Batch 15\dataset\DME\DME-8788274-11.jpeg,DME
DME-8788274-2.jpeg,E:\Main project\Batch 15\dataset\DME\DME-8788274-2.jpeg,DME
DME-8797076-14.jpeg,E:\Main project\Batch 15\dataset\DME\DME-8797076-14.jpeg,DME
DME-8797076-16.jpeg,E:\Main project\Batch 15\dataset\DME\DME-8797076-16.jpeg,DME
DME-8807486-7.jpeg,E:\Main project\Batch 15\dataset\DME\DME-8807486-7.jpeg,DME
DME-8838274-4.jpeg,E:\Main project\Batch 15\dataset\DME\DME-8838274-4.jpeg,DME
DME-8838274-6.jpeg,E:\Main project\Batch 15\dataset\DME\DME-8838274-6.jpeg,DME
DME-8847144-11.jpeg,E:\Main project\Batch 15\dataset\DME\DME-8847144-11.jpeg,DME
DME-8847144-6.jpeg,E:\Main project\Batch 15\dataset\DME\DME-8847144-6.jpeg,DME
DME-8851193-10.jpeg,E:\Main project\Batch 15\dataset\DME\DME-8851193-10.jpeg,DME
DME-8851193-4.jpeg,E:\Main project\Batch 15\dataset\DME\DME-8851193-4.jpeg,DME
DME-8851193-5.jpeg,E:\Main project\Batch 15\dataset\DME\DME-8851193-5.jpeg,DME
DME-8851193-7.jpeg,E:\Main project\Batch 15\dataset\DME\DME-8851193-7.jpeg,DME
DME-8869683-17.jpeg,E:\Main project\Batch 15\dataset\DME\DME-8869683-17.jpeg,DME
DME-8869683-25.jpeg,E:\Main project\Batch 15\dataset\DME\DME-8869683-25.jpeg,DME
DME-8869683-37.jpeg,E:\Main project\Batch 15\dataset\DME\DME-8869683-37.jpeg,DME
DME-8889771-102.jpeg,E:\Main project\Batch 15\dataset\DME\DME-8889771-102.jpeg,DME
DME-8889771-111.jpeg,E:\Main project\Batch 15\dataset\DME\DME-8889771-111.jpeg,DME
DME-8889771-12.jpeg,E:\Main project\Batch 15\dataset\DME\DME-8889771-12.jpeg,DME
DME-8889771-22.jpeg,E:\Main project\Batch 15\dataset\DME\DME-8889771-22.jpeg,DME
DME-8889771-27.jpeg,E:\Main project\Batch 15\dataset\DME\DME-8889771-27.jpeg,DME
DME-8889771-44.jpeg,E:\Main project\Batch 15\dataset\DME\DME-8889771-44.jpeg,DME
DME-8889771-84.jpeg,E:\Main project\Batch 15\dataset\DME\DME-8889771-84.jpeg,DME
DME-8889771-88.jpeg,E:\Main project\Batch 15\dataset\DME\DME-8889771-88.jpeg,DME
DME-8889771-90.jpeg,E:\Main project\Batch 15\dataset\DME\DME-8889771-90.jpeg,DME
DME-8889850-1.jpeg,E:\Main project\Batch 15\dataset\DME\DME-8889850-1.jpeg,DME
DME-8907654-6.jpeg,E:\Main project\Batch 15\dataset\DME\DME-8907654-6.jpeg,DME
DME-8940076-2.jpeg,E:\Main project\Batch 15\dataset\DME\DME-8940076-2.jpeg,DME
DME-8949824-7.jpeg,E:\Main project\Batch 15\dataset\DME\DME-8949824-7.jpeg,DME
DME-9011183-4.jpeg,E:\Main project\Batch 15\dataset\DME\DME-9011183-4.jpeg,DME
DME-905247-7.jpeg,E:\Main project\Batch 15\dataset\DME\DME-905247-7.jpeg,DME
DME-905247-8.jpeg,E:\Main project\Batch 15\dataset\DME\DME-905247-8.jpeg,DME
DME-9126005-10.jpeg,E:\Main project\Batch 15\dataset\DME\DME-9126005-10.jpeg,DME
DME-9126005-12.jpeg,E:\Main project\Batch 15\dataset\DME\DME-9126005-12.jpeg,DME
DME-9126005-29.jpeg,E:\Main project\Batch 15\dataset\DME\DME-9126005-29.jpeg,DME
DME-918334-3.jpeg,E:\Main project\Batch 15\dataset\DME\DME-918334-3.jpeg,DME
DME-918334-5.jpeg,E:\Main project\Batch 15\dataset\DME\DME-918334-5.jpeg,DME
DME-9201573-4.jpeg,E:\Main project\Batch 15\dataset\DME\DME-9201573-4.jpeg,DME
DME-9237838-2.jpeg,E:\Main project\Batch 15\dataset\DME\DME-9237838-2.jpeg,DME
DME-9355978-15.jpeg,E:\Main project\Batch 15\dataset\DME\DME-9355978-15.jpeg,DME
DME-9361825-5.jpeg,E:\Main project\Batch 15\dataset\DME\DME-9361825-5.jpeg,DME
DME-9530569-1.jpeg,E:\Main project\Batch 15\dataset\DME\DME-9530569-1.jpeg,DME
DME-9557298-2.jpeg,E:\Main project\Batch 15\dataset\DME\DME-9557298-2.jpeg,DME
DME-9557298-4.jpeg,E:\Main project\Batch 15\dataset\DME\DME-9557298-4.jpeg,DME
DME-9557298-7.jpeg,E:\Main project\Batch 15\dataset\DME\DME-9557298-7.jpeg,DME
DME-9583225-15.jpeg,E:\Main project\Batch 15\dataset\DME\DME-9583225-15.jpeg,DME
DME-9583225-51.jpeg,E:\Main project\Batch 15\dataset\DME\DME-9583225-51.jpeg,DME
DME-9583225-52.jpeg,E:\Main project\Batch 15\dataset\DME\DME-9583225-52.jpeg,DME
DME-9588051-12.jpeg,E:\Main project\Batch 15\dataset\DME\DME-9588051-12.jpeg,DME
DME-9588051-9.jpeg,E:\Main project\Batch 15\dataset\DME\DME-9588051-9.jpeg,DME
DME-9598730-1.jpeg,E:\Main project\Batch 15\dataset\DME\DME-9598730-1.jpeg,DME
DME-9615869-5.jpeg,E:\Main project\Batch 15\dataset\DME\DME-9615869-5.jpeg,DME
DME-9627906-1.jpeg,E:\Main project\Batch 15\dataset\DME\DME-9627906-1.jpeg,DME
DME-9655151-3.jpeg,E:\Main project\Batch 15\dataset\DME\DME-9655151-3.jpeg,DME
DME-9655949-10.jpeg,E:\Main project\Batch 15\dataset\DME\DME-9655949-10.jpeg,DME
DME-9656462-16.jpeg,E:\Main project\Batch 15\dataset\DME\DME-9656462-16.jpeg,DME
DME-9660862-15.jpeg,E:\Main project\Batch 15\dataset\DME\DME-9660862-15.jpeg,DME
DME-9678611-9.jpeg,E:\Main project\Batch 15\dataset\DME\DME-9678611-9.jpeg,DME
DME-9720453-10.jpeg,E:\Main project\Batch 15\dataset\DME\DME-9720453-10.jpeg,DME
DME-9720453-13.jpeg,E:\Main project\Batch 15\dataset\DME\DME-9720453-13.jpeg,DME
DME-9720453-2.jpeg,E:\Main project\Batch 15\dataset\DME\DME-9720453-2.jpeg,DME
DME-9720453-7.jpeg,E:\Main project\Batch 15\dataset\DME\DME-9720453-7.jpeg,DME
DME-9721607-22.jpeg,E:\Main project\Batch 15\dataset\DME\DME-9721607-22.jpeg,DME
DME-9721607-24.jpeg,E:\Main project\Batch 15\dataset\DME\DME-9721607-24.jpeg,DME
DME-9721607-31.jpeg,E:\Main project\Batch 15\dataset\DME\DME-9721607-31.jpeg,DME
DME-9721607-32.jpeg,E:\Main project\Batch 15\dataset\DME\DME-9721607-32.jpeg,DME
DME-9721607-36.jpeg,E:\Main project\Batch 15\dataset\DME\DME-9721607-36.jpeg,DME
DME-9721607-46.jpeg,E:\Main project\Batch 15\dataset\DME\DME-9721607-46.jpeg,DME
DME-9721607-47.jpeg,E:\Main project\Batch 15\dataset\DME\DME-9721607-47.jpeg,DME
DME-9721607-60.jpeg,E:\Main project\Batch 15\dataset\DME\DME-9721607-60.jpeg,DME
DME-9721607-67.jpeg,E:\Main project\Batch 15\dataset\DME\DME-9721607-67.jpeg,DME
DME-9721607-76.jpeg,E:\Main project\Batch 15\dataset\DME\DME-9721607-76.jpeg,DME
DME-9721607-82.jpeg,E:\Main project\Batch 15\dataset\DME\DME-9721607-82.jpeg,DME
DME-9721607-86.jpeg,E:\Main project\Batch 15\dataset\DME\DME-9721607-86.jpeg,DME
DME-9729147-1.jpeg,E:\Main project\Batch 15\dataset\DME\DME-9729147-1.jpeg,DME
DME-9752837-1.jpeg,E:\Main project\Batch 15\dataset\DME\DME-9752837-1.jpeg,DME
DME-9782509-13.jpeg,E:\Main project\Batch 15\dataset\DME\DME-9782509-13.jpeg,DME
DME-9782509-6.jpeg,E:\Main project\Batch 15\dataset\DME\DME-9782509-6.jpeg,DME
DME-9812420-4.jpeg,E:\Main project\Batch 15\dataset\DME\DME-9812420-4.jpeg,DME
DME-9812420-8.jpeg,E:\Main project\Batch 15\dataset\DME\DME-9812420-8.jpeg,DME
DME-9836152-2.jpeg,E:\Main project\Batch 15\dataset\DME\DME-9836152-2.jpeg,DME
DME-9853958-15.jpeg,E:\Main project\Batch 15\dataset\DME\DME-9853958-15.jpeg,DME
DME-9853958-9.jpeg,E:\Main project\Batch 15\dataset\DME\DME-9853958-9.jpeg,DME
DME-9867791-17.jpeg,E:\Main project\Batch 15\dataset\DME\DME-9867791-17.jpeg,DME
DME-9915316-107.jpeg,E:\Main project\Batch 15\dataset\DME\DME-9915316-107.jpeg,DME
DME-9915316-108.jpeg,E:\Main project\Batch 15\dataset\DME\DME-9915316-108.jpeg,DME
DME-9915316-123.jpeg,E:\Main project\Batch 15\dataset\DME\DME-9915316-123.jpeg,DME
DME-9915316-137.jpeg,E:\Main project\Batch 15\dataset\DME\DME-9915316-137.jpeg,DME
DME-9915316-142.jpeg,E:\Main project\Batch 15\dataset\DME\DME-9915316-142.jpeg,DME
DME-9915316-33.jpeg,E:\Main project\Batch 15\dataset\DME\DME-9915316-33.jpeg,DME
DME-9915316-39.jpeg,E:\Main project\Batch 15\dataset\DME\DME-9915316-39.jpeg,DME
DME-9915316-41.jpeg,E:\Main project\Batch 15\dataset\DME\DME-9915316-41.jpeg,DME
DME-9915316-53.jpeg,E:\Main project\Batch 15\dataset\DME\DME-9915316-53.jpeg,DME
DME-9915316-63.jpeg,E:\Main project\Batch 15\dataset\DME\DME-9915316-63.jpeg,DME
DME-9915316-77.jpeg,E:\Main project\Batch 15\dataset\DME\DME-9915316-77.jpeg,DME
DME-9915316-78.jpeg,E:\Main project\Batch 15\dataset\DME\DME-9915316-78.jpeg,DME
DME-9915316-79.jpeg,E:\Main project\Batch 15\dataset\DME\DME-9915316-79.jpeg,DME
DME-993691-6.jpeg,E:\Main project\Batch 15\dataset\DME\DME-993691-6.jpeg,DME
DME-9939654-15.jpeg,E:\Main project\Batch 15\dataset\DME\DME-9939654-15.jpeg,DME
DME-9939654-23.jpeg,E:\Main project\Batch 15\dataset\DME\DME-9939654-23.jpeg,DME
DME-9939654-25.jpeg,E:\Main project\Batch 15\dataset\DME\DME-9939654-25.jpeg,DME
DME-9939654-29.jpeg,E:\Main project\Batch 15\dataset\DME\DME-9939654-29.jpeg,DME
DME-9983517-1.jpeg,E:\Main project\Batch 15\dataset\DME\DME-9983517-1.jpeg,DME
DME-9997680-20.jpeg,E:\Main project\Batch 15\dataset\DME\DME-9997680-20.jpeg,DME
DME-9997680-9.jpeg,E:\Main project\Batch 15\dataset\DME\DME-9997680-9.jpeg,DME
NORMAL-1001772-2.jpeg,E:\Main project\Batch 15\dataset\DME NORMAL\NORMAL-1001772-2.jpeg,DME NORMAL
NORMAL-1001772-6.jpeg,E:\Main project\Batch 15\dataset\DME NORMAL\NORMAL-1001772-6.jpeg,DME NORMAL
NORMAL-1016710-4.jpeg,E:\Main project\Batch 15\dataset\DME NORMAL\NORMAL-1016710-4.jpeg,DME NORMAL
NORMAL-1017237-3.jpeg,E:\Main project\Batch 15\dataset\DME NORMAL\NORMAL-1017237-3.jpeg,DME NORMAL
NORMAL-1025847-1.jpeg,E:\Main project\Batch 15\dataset\DME NORMAL\NORMAL-1025847-1.jpeg,DME NORMAL
NORMAL-1027133-6.jpeg,E:\Main project\Batch 15\dataset\DME NORMAL\NORMAL-1027133-6.jpeg,DME NORMAL
NORMAL-1028077-2.jpeg,E:\Main project\Batch 15\dataset\DME NORMAL\NORMAL-1028077-2.jpeg,DME NORMAL
NORMAL-1038998-17.jpeg,E:\Main project\Batch 15\dataset\DME NORMAL\NORMAL-1038998-17.jpeg,DME NORMAL
NORMAL-1061818-1.jpeg,E:\Main project\Batch 15\dataset\DME NORMAL\NORMAL-1061818-1.jpeg,DME NORMAL
NORMAL-1073137-8.jpeg,E:\Main project\Batch 15\dataset\DME NORMAL\NORMAL-1073137-8.jpeg,DME NORMAL
NORMAL-1122061-9.jpeg,E:\Main project\Batch 15\dataset\DME NORMAL\NORMAL-1122061-9.jpeg,DME NORMAL
NORMAL-1141111-12.jpeg,E:\Main project\Batch 15\dataset\DME NORMAL\NORMAL-1141111-12.jpeg,DME NORMAL
NORMAL-1141111-15.jpeg,E:\Main project\Batch 15\dataset\DME NORMAL\NORMAL-1141111-15.jpeg,DME NORMAL
NORMAL-1141111-2.jpeg,E:\Main project\Batch 15\dataset\DME NORMAL\NORMAL-1141111-2.jpeg,DME NORMAL
NORMAL-1147102-1.jpeg,E:\Main project\Batch 15\dataset\DME NORMAL\NORMAL-1147102-1.jpeg,DME NORMAL
NORMAL-1147102-18.jpeg,E:\Main project\Batch 15\dataset\DME NORMAL\NORMAL-1147102-18.jpeg,DME NORMAL
NORMAL-1148373-7.jpeg,E:\Main project\Batch 15\dataset\DME NORMAL\NORMAL-1148373-7.jpeg,DME NORMAL
NORMAL-1154026-4.jpeg,E:\Main project\Batch 15\dataset\DME NORMAL\NORMAL-1154026-4.jpeg,DME NORMAL
NORMAL-1157521-6.jpeg,E:\Main project\Batch 15\dataset\DME NORMAL\NORMAL-1157521-6.jpeg,DME NORMAL
NORMAL-1173106-5.jpeg,E:\Main project\Batch 15\dataset\DME NORMAL\NORMAL-1173106-5.jpeg,DME NORMAL
NORMAL-1177923-12.jpeg,E:\Main project\Batch 15\dataset\DME NORMAL\NORMAL-1177923-12.jpeg,DME NORMAL
NORMAL-1197968-14.jpeg,E:\Main project\Batch 15\dataset\DME NORMAL\NORMAL-1197968-14.jpeg,DME NORMAL
NORMAL-1198686-14.jpeg,E:\Main project\Batch 15\dataset\DME NORMAL\NORMAL-1198686-14.jpeg,DME NORMAL
NORMAL-1198686-8.jpeg,E:\Main project\Batch 15\dataset\DME NORMAL\NORMAL-1198686-8.jpeg,DME NORMAL
NORMAL-1204211-3.jpeg,E:\Main project\Batch 15\dataset\DME NORMAL\NORMAL-1204211-3.jpeg,DME NORMAL
NORMAL-1204211-5.jpeg,E:\Main project\Batch 15\dataset\DME NORMAL\NORMAL-1204211-5.jpeg,DME NORMAL
NORMAL-121673-3.jpeg,E:\Main project\Batch 15\dataset\DME NORMAL\NORMAL-121673-3.jpeg,DME NORMAL
NORMAL-1219253-23.jpeg,E:\Main project\Batch 15\dataset\DME NORMAL\NORMAL-1219253-23.jpeg,DME NORMAL
NORMAL-1219253-46.jpeg,E:\Main project\Batch 15\dataset\DME NORMAL\NORMAL-1219253-46.jpeg,DME NORMAL
NORMAL-1229823-6.jpeg,E:\Main project\Batch 15\dataset\DME NORMAL\NORMAL-1229823-6.jpeg,DME NORMAL
NORMAL-1240940-7.jpeg,E:\Main project\Batch 15\dataset\DME NORMAL\NORMAL-1240940-7.jpeg,DME NORMAL
NORMAL-1249045-24.jpeg,E:\Main project\Batch 15\dataset\DME NORMAL\NORMAL-1249045-24.jpeg,DME NORMAL
NORMAL-12494-33.jpeg,E:\Main project\Batch 15\dataset\DME NORMAL\NORMAL-12494-33.jpeg,DME NORMAL
NORMAL-1253673-4.jpeg,E:\Main project\Batch 15\dataset\DME NORMAL\NORMAL-1253673-4.jpeg,DME NORMAL
NORMAL-1257558-1.jpeg,E:\Main project\Batch 15\dataset\DME NORMAL\NORMAL-1257558-1.jpeg,DME NORMAL
NORMAL-1257558-25.jpeg,E:\Main project\Batch 15\dataset\DME NORMAL\NORMAL-1257558-25.jpeg,DME NORMAL
NORMAL-1267167-8.jpeg,E:\Main project\Batch 15\dataset\DME NORMAL\NORMAL-1267167-8.jpeg,DME NORMAL
NORMAL-1272477-11.jpeg,E:\Main project\Batch 15\dataset\DME NORMAL\NORMAL-1272477-11.jpeg,DME NORMAL
NORMAL-1273485-6.jpeg,E:\Main project\Batch 15\dataset\DME NORMAL\NORMAL-1273485-6.jpeg,DME NORMAL
NORMAL-1283307-27.jpeg,E:\Main project\Batch 15\dataset\DME NORMAL\NORMAL-1283307-27.jpeg,DME NORMAL
NORMAL-1293282-25.jpeg,E:\Main project\Batch 15\dataset\DME NORMAL\NORMAL-1293282-25.jpeg,DME NORMAL
NORMAL-1305172-31.jpeg,E:\Main project\Batch 15\dataset\DME NORMAL\NORMAL-1305172-31.jpeg,DME NORMAL
NORMAL-1305172-9.jpeg,E:\Main project\Batch 15\dataset\DME NORMAL\NORMAL-1305172-9.jpeg,DME NORMAL
NORMAL-1312425-7.jpeg,E:\Main project\Batch 15\dataset\DME NORMAL\NORMAL-1312425-7.jpeg,DME NORMAL
NORMAL-1324027-31.jpeg,E:\Main project\Batch 15\dataset\DME NORMAL\NORMAL-1324027-31.jpeg,DME NORMAL
NORMAL-1326033-2.jpeg,E:\Main project\Batch 15\dataset\DME NORMAL\NORMAL-1326033-2.jpeg,DME NORMAL
NORMAL-1337375-6.jpeg,E:\Main project\Batch 15\dataset\DME NORMAL\NORMAL-1337375-6.jpeg,DME NORMAL
NORMAL-1347813-27.jpeg,E:\Main project\Batch 15\dataset\DME NORMAL\NORMAL-1347813-27.jpeg,DME NORMAL
NORMAL-1350121-11.jpeg,E:\Main project\Batch 15\dataset\DME NORMAL\NORMAL-1350121-11.jpeg,DME NORMAL
NORMAL-1350121-7.jpeg,E:\Main project\Batch 15\dataset\DME NORMAL\NORMAL-1350121-7.jpeg,DME NORMAL
NORMAL-1365390-11.jpeg,E:\Main project\Batch 15\dataset\DME NORMAL\NORMAL-1365390-11.jpeg,DME NORMAL
NORMAL-1387715-17.jpeg,E:\Main project\Batch 15\dataset\DME NORMAL\NORMAL-1387715-17.jpeg,DME NORMAL
NORMAL-1387715-18.jpeg,E:\Main project\Batch 15\dataset\DME NORMAL\NORMAL-1387715-18.jpeg,DME NORMAL
NORMAL-1387715-32.jpeg,E:\Main project\Batch 15\dataset\DME NORMAL\NORMAL-1387715-32.jpeg,DME NORMAL
NORMAL-139386-5.jpeg,E:\Main project\Batch 15\dataset\DME NORMAL\NORMAL-139386-5.jpeg,DME NORMAL
NORMAL-1396721-24.jpeg,E:\Main project\Batch 15\dataset\DME NORMAL\NORMAL-1396721-24.jpeg,DME NORMAL
NORMAL-1398240-6.jpeg,E:\Main project\Batch 15\dataset\DME NORMAL\NORMAL-1398240-6.jpeg,DME NORMAL
NORMAL-1423845-11.jpeg,E:\Main project\Batch 15\dataset\DME NORMAL\NORMAL-1423845-11.jpeg,DME NORMAL
NORMAL-1424471-1.jpeg,E:\Main project\Batch 15\dataset\DME NORMAL\NORMAL-1424471-1.jpeg,DME NORMAL
NORMAL-1428906-4.jpeg,E:\Main project\Batch 15\dataset\DME NORMAL\NORMAL-1428906-4.jpeg,DME NORMAL
NORMAL-1458604-14.jpeg,E:\Main project\Batch 15\dataset\DME NORMAL\NORMAL-1458604-14.jpeg,DME NORMAL
NORMAL-147546-2.jpeg,E:\Main project\Batch 15\dataset\DME NORMAL\NORMAL-147546-2.jpeg,DME NORMAL
NORMAL-1483139-5.jpeg,E:\Main project\Batch 15\dataset\DME NORMAL\NORMAL-1483139-5.jpeg,DME NORMAL
NORMAL-1501271-22.jpeg,E:\Main project\Batch 15\dataset\DME NORMAL\NORMAL-1501271-22.jpeg,DME NORMAL
NORMAL-1501271-3.jpeg,E:\Main project\Batch 15\dataset\DME NORMAL\NORMAL-1501271-3.jpeg,DME NORMAL
NORMAL-1514075-20.jpeg,E:\Main project\Batch 15\dataset\DME NORMAL\NORMAL-1514075-20.jpeg,DME NORMAL
NORMAL-1514075-40.jpeg,E:\Main project\Batch 15\dataset\DME NORMAL\NORMAL-1514075-40.jpeg,DME NORMAL
NORMAL-1514075-44.jpeg,E:\Main project\Batch 15\dataset\DME NORMAL\NORMAL-1514075-44.jpeg,DME NORMAL
NORMAL-1514075-56.jpeg,E:\Main project\Batch 15\dataset\DME NORMAL\NORMAL-1514075-56.jpeg,DME NORMAL
NORMAL-1519977-14.jpeg,E:\Main project\Batch 15\dataset\DME NORMAL\NORMAL-1519977-14.jpeg,DME NORMAL
NORMAL-15307-10.jpeg,E:\Main project\Batch 15\dataset\DME NORMAL\NORMAL-15307-10.jpeg,DME NORMAL
NORMAL-1530990-22.jpeg,E:\Main project\Batch 15\dataset\DME NORMAL\NORMAL-1530990-22.jpeg,DME NORMAL
NORMAL-1530990-29.jpeg,E:\Main project\Batch 15\dataset\DME NORMAL\NORMAL-1530990-29.jpeg,DME NORMAL
NORMAL-1537760-14.jpeg,E:\Main project\Batch 15\dataset\DME NORMAL\NORMAL-1537760-14.jpeg,DME NORMAL
NORMAL-153950-1.jpeg,E:\Main project\Batch 15\dataset\DME NORMAL\NORMAL-153950-1.jpeg,DME NORMAL
NORMAL-1577192-12.jpeg,E:\Main project\Batch 15\dataset\DME NORMAL\NORMAL-1577192-12.jpeg,DME NORMAL
NORMAL-1583447-18.jpeg,E:\Main project\Batch 15\dataset\DME NORMAL\NORMAL-1583447-18.jpeg,DME NORMAL
NORMAL-159493-9.jpeg,E:\Main project\Batch 15\dataset\DME NORMAL\NORMAL-159493-9.jpeg,DME NORMAL
NORMAL-1595813-33.jpeg,E:\Main project\Batch 15\dataset\DME NORMAL\NORMAL-1595813-33.jpeg,DME NORMAL
NORMAL-1597239-15.jpeg,E:\Main project\Batch 15\dataset\DME NORMAL\NORMAL-1597239-15.jpeg,DME NORMAL
NORMAL-1597239-17.jpeg,E:\Main project\Batch 15\dataset\DME NORMAL\NORMAL-1597239-17.jpeg,DME NORMAL
NORMAL-1597239-21.jpeg,E:\Main project\Batch 15\dataset\DME NORMAL\NORMAL-1597239-21.jpeg,DME NORMAL
NORMAL-1600010-4.jpeg,E:\Main project\Batch 15\dataset\DME NORMAL\NORMAL-1600010-4.jpeg,DME NORMAL
NORMAL-1600980-2.jpeg,E:\Main project\Batch 15\dataset\DME NORMAL\NORMAL-1600980-2.jpeg,DME NORMAL
NORMAL-1606016-13.jpeg,E:\Main project\Batch 15\dataset\DME NORMAL\NORMAL-1606016-13.jpeg,DME NORMAL
NORMAL-1638473-2.jpeg,E:\Main project\Batch 15\dataset\DME NORMAL\NORMAL-1638473-2.jpeg,DME NORMAL
NORMAL-1650076-1.jpeg,E:\Main project\Batch 15\dataset\DME NORMAL\NORMAL-1650076-1.jpeg,DME NORMAL
NORMAL-1651595-21.jpeg,E:\Main project\Batch 15\dataset\DME NORMAL\NORMAL-1651595-21.jpeg,DME NORMAL
NORMAL-166103-1.jpeg,E:\Main project\Batch 15\dataset\DME NORMAL\NORMAL-166103-1.jpeg,DME NORMAL
NORMAL-1663216-7.jpeg,E:\Main project\Batch 15\dataset\DME NORMAL\NORMAL-1663216-7.jpeg,DME NORMAL
NORMAL-1695472-2.jpeg,E:\Main project\Batch 15\dataset\DME NORMAL\NORMAL-1695472-2.jpeg,DME NORMAL
NORMAL-1696696-11.jpeg,E:\Main project\Batch 15\dataset\DME NORMAL\NORMAL-1696696-11.jpeg,DME NORMAL
NORMAL-1726544-38.jpeg,E:\Main project\Batch 15\dataset\DME NORMAL\NORMAL-1726544-38.jpeg,DME NORMAL
NORMAL-1748673-4.jpeg,E:\Main project\Batch 15\dataset\DME NORMAL\NORMAL-1748673-4.jpeg,DME NORMAL
NORMAL-1753005-6.jpeg,E:\Main project\Batch 15\dataset\DME NORMAL\NORMAL-1753005-6.jpeg,DME NORMAL
NORMAL-1847702-1.jpeg,E:\Main project\Batch 15\dataset\DME NORMAL\NORMAL-1847702-1.jpeg,DME NORMAL
NORMAL-1849029-41.jpeg,E:\Main project\Batch 15\dataset\DME NORMAL\NORMAL-1849029-41.jpeg,DME NORMAL
NORMAL-1888479-6.jpeg,E:\Main project\Batch 15\dataset\DME NORMAL\NORMAL-1888479-6.jpeg,DME NORMAL
NORMAL-190271-4.jpeg,E:\Main project\Batch 15\dataset\DME NORMAL\NORMAL-190271-4.jpeg,DME NORMAL
NORMAL-1928367-7.jpeg,E:\Main project\Batch 15\dataset\DME NORMAL\NORMAL-1928367-7.jpeg,DME NORMAL
NORMAL-1933805-4.jpeg,E:\Main project\Batch 15\dataset\DME NORMAL\NORMAL-1933805-4.jpeg,DME NORMAL
NORMAL-1953448-3.jpeg,E:\Main project\Batch 15\dataset\DME NORMAL\NORMAL-1953448-3.jpeg,DME NORMAL
NORMAL-1956956-13.jpeg,E:\Main project\Batch 15\dataset\DME NORMAL\NORMAL-1956956-13.jpeg,DME NORMAL
NORMAL-1957379-1.jpeg,E:\Main project\Batch 15\dataset\DME NORMAL\NORMAL-1957379-1.jpeg,DME NORMAL
NORMAL-1957379-11.jpeg,E:\Main project\Batch 15\dataset\DME NORMAL\NORMAL-1957379-11.jpeg,DME NORMAL
NORMAL-1957379-6.jpeg,E:\Main project\Batch 15\dataset\DME NORMAL\NORMAL-1957379-6.jpeg,DME NORMAL
NORMAL-197082-14.jpeg,E:\Main project\Batch 15\dataset\DME NORMAL\NORMAL-197082-14.jpeg,DME NORMAL
NORMAL-2000556-3.jpeg,E:\Main project\Batch 15\dataset\DME NORMAL\NORMAL-2000556-3.jpeg,DME NORMAL
NORMAL-2000556-4.jpeg,E:\Main project\Batch 15\dataset\DME NORMAL\NORMAL-2000556-4.jpeg,DME NORMAL
NORMAL-2019423-8.jpeg,E:\Main project\Batch 15\dataset\DME NORMAL\NORMAL-2019423-8.jpeg,DME NORMAL
NORMAL-2059296-4.jpeg,E:\Main project\Batch 15\dataset\DME NORMAL\NORMAL-2059296-4.jpeg,DME NORMAL
NORMAL-2075832-4.jpeg,E:\Main project\Batch 15\dataset\DME NORMAL\NORMAL-2075832-4.jpeg,DME NORMAL
NORMAL-2103159-3.jpeg,E:\Main project\Batch 15\dataset\DME NORMAL\NORMAL-2103159-3.jpeg,DME NORMAL
NORMAL-2103159-6.jpeg,E:\Main project\Batch 15\dataset\DME NORMAL\NORMAL-2103159-6.jpeg,DME NORMAL
NORMAL-2120559-24.jpeg,E:\Main project\Batch 15\dataset\DME NORMAL\NORMAL-2120559-24.jpeg,DME NORMAL
NORMAL-2120559-35.jpeg,E:\Main project\Batch 15\dataset\DME NORMAL\NORMAL-2120559-35.jpeg,DME NORMAL
NORMAL-2132394-1.jpeg,E:\Main project\Batch 15\dataset\DME NORMAL\NORMAL-2132394-1.jpeg,DME NORMAL
NORMAL-2143957-12.jpeg,E:\Main project\Batch 15\dataset\DME NORMAL\NORMAL-2143957-12.jpeg,DME NORMAL
NORMAL-2183576-12.jpeg,E:\Main project\Batch 15\dataset\DME NORMAL\NORMAL-2183576-12.jpeg,DME NORMAL
NORMAL-2185500-10.jpeg,E:\Main project\Batch 15\dataset\DME NORMAL\NORMAL-2185500-10.jpeg,DME NORMAL
NORMAL-2197972-7.jpeg,E:\Main project\Batch 15\dataset\DME NORMAL\NORMAL-2197972-7.jpeg,DME NORMAL
NORMAL-220042-4.jpeg,E:\Main project\Batch 15\dataset\DME NORMAL\NORMAL-220042-4.jpeg,DME NORMAL
NORMAL-2234174-6.jpeg,E:\Main project\Batch 15\dataset\DME NORMAL\NORMAL-2234174-6.jpeg,DME NORMAL
NORMAL-2234174-7.jpeg,E:\Main project\Batch 15\dataset\DME NORMAL\NORMAL-2234174-7.jpeg,DME NORMAL
NORMAL-2246641-13.jpeg,E:\Main project\Batch 15\dataset\DME NORMAL\NORMAL-2246641-13.jpeg,DME NORMAL
NORMAL-2247886-1.jpeg,E:\Main project\Batch 15\dataset\DME NORMAL\NORMAL-2247886-1.jpeg,DME NORMAL
NORMAL-2275240-9.jpeg,E:\Main project\Batch 15\dataset\DME NORMAL\NORMAL-2275240-9.jpeg,DME NORMAL
NORMAL-2289110-1.jpeg,E:\Main project\Batch 15\dataset\DME NORMAL\NORMAL-2289110-1.jpeg,DME NORMAL
NORMAL-2301643-5.jpeg,E:\Main project\Batch 15\dataset\DME NORMAL\NORMAL-2301643-5.jpeg,DME NORMAL
NORMAL-2338682-31.jpeg,E:\Main project\Batch 15\dataset\DME NORMAL\NORMAL-2338682-31.jpeg,DME NORMAL
NORMAL-2342005-5.jpeg,E:\Main project\Batch 15\dataset\DME NORMAL\NORMAL-2342005-5.jpeg,DME NORMAL
NORMAL-2351012-27.jpeg,E:\Main project\Batch 15\dataset\DME NORMAL\NORMAL-2351012-27.jpeg,DME NORMAL
NORMAL-2369337-4.jpeg,E:\Main project\Batch 15\dataset\DME NORMAL\NORMAL-2369337-4.jpeg,DME NORMAL
NORMAL-2369337-5.jpeg,E:\Main project\Batch 15\dataset\DME NORMAL\NORMAL-2369337-5.jpeg,DME NORMAL
NORMAL-2371458-22.jpeg,E:\Main project\Batch 15\dataset\DME NORMAL\NORMAL-2371458-22.jpeg,DME NORMAL
NORMAL-2373878-1.jpeg,E:\Main project\Batch 15\dataset\DME NORMAL\NORMAL-2373878-1.jpeg,DME NORMAL
NORMAL-2373878-26.jpeg,E:\Main project\Batch 15\dataset\DME NORMAL\NORMAL-2373878-26.jpeg,DME NORMAL
NORMAL-2373878-8.jpeg,E:\Main project\Batch 15\dataset\DME NORMAL\NORMAL-2373878-8.jpeg,DME NORMAL
NORMAL-2377429-6.jpeg,E:\Main project\Batch 15\dataset\DME NORMAL\NORMAL-2377429-6.jpeg,DME NORMAL
NORMAL-2395462-6.jpeg,E:\Main project\Batch 15\dataset\DME NORMAL\NORMAL-2395462-6.jpeg,DME NORMAL
NORMAL-2397754-1.jpeg,E:\Main project\Batch 15\dataset\DME NORMAL\NORMAL-2397754-1.jpeg,DME NORMAL
NORMAL-2401089-19.jpeg,E:\Main project\Batch 15\dataset\DME NORMAL\NORMAL-2401089-19.jpeg,DME NORMAL
NORMAL-2401089-22.jpeg,E:\Main project\Batch 15\dataset\DME NORMAL\NORMAL-2401089-22.jpeg,DME NORMAL
NORMAL-2407494-1.jpeg,E:\Main project\Batch 15\dataset\DME NORMAL\NORMAL-2407494-1.jpeg,DME NORMAL
NORMAL-2410223-10.jpeg,E:\Main project\Batch 15\dataset\DME NORMAL\NORMAL-2410223-10.jpeg,DME NORMAL
NORMAL-2410223-19.jpeg,E:\Main project\Batch 15\dataset\DME NORMAL\NORMAL-2410223-19.jpeg,DME NORMAL
NORMAL-2416187-41.jpeg,E:\Main project\Batch 15\dataset\DME NORMAL\NORMAL-2416187-41.jpeg,DME NORMAL
NORMAL-2417928-13.jpeg,E:\Main project\Batch 15\dataset\DME NORMAL\NORMAL-2417928-13.jpeg,DME NORMAL
NORMAL-2424949-5.jpeg,E:\Main project\Batch 15\dataset\DME NORMAL\NORMAL-2424949-5.jpeg,DME NORMAL
NORMAL-2434258-29.jpeg,E:\Main project\Batch 15\dataset\DME NORMAL\NORMAL-2434258-29.jpeg,DME NORMAL
NORMAL-2444883-27.jpeg,E:\Main project\Batch 15\dataset\DME NORMAL\NORMAL-2444883-27.jpeg,DME NORMAL
NORMAL-2456398-20.jpeg,E:\Main project\Batch 15\dataset\DME NORMAL\NORMAL-2456398-20.jpeg,DME NORMAL
NORMAL-2469183-8.jpeg,E:\Main project\Batch 15\dataset\DME NORMAL\NORMAL-2469183-8.jpeg,DME NORMAL
NORMAL-2476896-8.jpeg,E:\Main project\Batch 15\dataset\DME NORMAL\NORMAL-2476896-8.jpeg,DME NORMAL
NORMAL-2495247-29.jpeg,E:\Main project\Batch 15\dataset\DME NORMAL\NORMAL-2495247-29.jpeg,DME NORMAL
NORMAL-2504667-2.jpeg,E:\Main project\Batch 15\dataset\DME NORMAL\NORMAL-2504667-2.jpeg,DME NORMAL
NORMAL-2504667-6.jpeg,E:\Main project\Batch 15\dataset\DME NORMAL\NORMAL-2504667-6.jpeg,DME NORMAL
NORMAL-2510256-4.jpeg,E:\Main project\Batch 15\dataset\DME NORMAL\NORMAL-2510256-4.jpeg,DME NORMAL
NORMAL-2510256-42.jpeg,E:\Main project\Batch 15\dataset\DME NORMAL\NORMAL-2510256-42.jpeg,DME NORMAL
NORMAL-2510256-8.jpeg,E:\Main project\Batch 15\dataset\DME NORMAL\NORMAL-2510256-8.jpeg,DME NORMAL
NORMAL-2541717-4.jpeg,E:\Main project\Batch 15\dataset\DME NORMAL\NORMAL-2541717-4.jpeg,DME NORMAL
NORMAL-2551333-6.jpeg,E:\Main project\Batch 15\dataset\DME NORMAL\NORMAL-2551333-6.jpeg,DME NORMAL
NORMAL-2569106-10.jpeg,E:\Main project\Batch 15\dataset\DME NORMAL\NORMAL-2569106-10.jpeg,DME NORMAL
NORMAL-2570020-9.jpeg,E:\Main project\Batch 15\dataset\DME NORMAL\NORMAL-2570020-9.jpeg,DME NORMAL
NORMAL-2579419-2.jpeg,E:\Main project\Batch 15\dataset\DME NORMAL\NORMAL-2579419-2.jpeg,DME NORMAL
NORMAL-2582231-2.jpeg,E:\Main project\Batch 15\dataset\DME NORMAL\NORMAL-2582231-2.jpeg,DME NORMAL
NORMAL-2597041-9.jpeg,E:\Main project\Batch 15\dataset\DME NORMAL\NORMAL-2597041-9.jpeg,DME NORMAL
NORMAL-2598516-4.jpeg,E:\Main project\Batch 15\dataset\DME NORMAL\NORMAL-2598516-4.jpeg,DME NORMAL
NORMAL-2613631-2.jpeg,E:\Main project\Batch 15\dataset\DME NORMAL\NORMAL-2613631-2.jpeg,DME NORMAL
NORMAL-2618426-20.jpeg,E:\Main project\Batch 15\dataset\DME NORMAL\NORMAL-2618426-20.jpeg,DME NORMAL
NORMAL-2628737-7.jpeg,E:\Main project\Batch 15\dataset\DME NORMAL\NORMAL-2628737-7.jpeg,DME NORMAL
NORMAL-2633503-10.jpeg,E:\Main project\Batch 15\dataset\DME NORMAL\NORMAL-2633503-10.jpeg,DME NORMAL
NORMAL-2634922-13.jpeg,E:\Main project\Batch 15\dataset\DME NORMAL\NORMAL-2634922-13.jpeg,DME NORMAL
NORMAL-2634922-7.jpeg,E:\Main project\Batch 15\dataset\DME NORMAL\NORMAL-2634922-7.jpeg,DME NORMAL
NORMAL-2642321-10.jpeg,E:\Main project\Batch 15\dataset\DME NORMAL\NORMAL-2642321-10.jpeg,DME NORMAL
NORMAL-2651624-19.jpeg,E:\Main project\Batch 15\dataset\DME NORMAL\NORMAL-2651624-19.jpeg,DME NORMAL
NORMAL-2651624-45.jpeg,E:\Main project\Batch 15\dataset\DME NORMAL\NORMAL-2651624-45.jpeg,DME NORMAL
NORMAL-2680460-7.jpeg,E:\Main project\Batch 15\dataset\DME NORMAL\NORMAL-2680460-7.jpeg,DME NORMAL
NORMAL-2700669-1.jpeg,E:\Main project\Batch 15\dataset\DME NORMAL\NORMAL-2700669-1.jpeg,DME NORMAL
NORMAL-2708359-9.jpeg,E:\Main project\Batch 15\dataset\DME NORMAL\NORMAL-2708359-9.jpeg,DME NORMAL
NORMAL-2709055-31.jpeg,E:\Main project\Batch 15\dataset\DME NORMAL\NORMAL-2709055-31.jpeg,DME NORMAL
NORMAL-2712807-4.jpeg,E:\Main project\Batch 15\dataset\DME NORMAL\NORMAL-2712807-4.jpeg,DME NORMAL
NORMAL-2712807-59.jpeg,E:\Main project\Batch 15\dataset\DME NORMAL\NORMAL-2712807-59.jpeg,DME NORMAL
NORMAL-2713635-3.jpeg,E:\Main project\Batch 15\dataset\DME NORMAL\NORMAL-2713635-3.jpeg,DME NORMAL
NORMAL-2720270-9.jpeg,E:\Main project\Batch 15\dataset\DME NORMAL\NORMAL-2720270-9.jpeg,DME NORMAL
NORMAL-2725890-13.jpeg,E:\Main project\Batch 15\dataset\DME NORMAL\NORMAL-2725890-13.jpeg,DME NORMAL
NORMAL-2727228-6.jpeg,E:\Main project\Batch 15\dataset\DME NORMAL\NORMAL-2727228-6.jpeg,DME NORMAL
NORMAL-2730283-14.jpeg,E:\Main project\Batch 15\dataset\DME NORMAL\NORMAL-2730283-14.jpeg,DME NORMAL
NORMAL-2730283-31.jpeg,E:\Main project\Batch 15\dataset\DME NORMAL\NORMAL-2730283-31.jpeg,DME NORMAL
NORMAL-2732586-7.jpeg,E:\Main project\Batch 15\dataset\DME NORMAL\NORMAL-2732586-7.jpeg,DME NORMAL
NORMAL-2744834-24.jpeg,E:\Main project\Batch 15\dataset\DME NORMAL\NORMAL-2744834-24.jpeg,DME NORMAL
NORMAL-2751746-8.jpeg,E:\Main project\Batch 15\dataset\DME NORMAL\NORMAL-2751746-8.jpeg,DME NORMAL
NORMAL-2757876-3.jpeg,E:\Main project\Batch 15\dataset\DME NORMAL\NORMAL-2757876-3.jpeg,DME NORMAL
NORMAL-2937234-8.jpeg,E:\Main project\Batch 15\dataset\DME NORMAL\NORMAL-2937234-8.jpeg,DME NORMAL
NORMAL-2944093-11.jpeg,E:\Main project\Batch 15\dataset\DME NORMAL\NORMAL-2944093-11.jpeg,DME NORMAL
NORMAL-2960588-8.jpeg,E:\Main project\Batch 15\dataset\DME NORMAL\NORMAL-2960588-8.jpeg,DME NORMAL
NORMAL-3041898-5.jpeg,E:\Main project\Batch 15\dataset\DME NORMAL\NORMAL-3041898-5.jpeg,DME NORMAL
NORMAL-3047324-3.jpeg,E:\Main project\Batch 15\dataset\DME NORMAL\NORMAL-3047324-3.jpeg,DME NORMAL
NORMAL-3065974-3.jpeg,E:\Main project\Batch 15\dataset\DME NORMAL\NORMAL-3065974-3.jpeg,DME NORMAL
NORMAL-3068234-17.jpeg,E:\Main project\Batch 15\dataset\DME NORMAL\NORMAL-3068234-17.jpeg,DME NORMAL
NORMAL-3082098-6.jpeg,E:\Main project\Batch 15\dataset\DME NORMAL\NORMAL-3082098-6.jpeg,DME NORMAL
NORMAL-3099713-1.jpeg,E:\Main project\Batch 15\dataset\DME NORMAL\NORMAL-3099713-1.jpeg,DME NORMAL
NORMAL-3099936-10.jpeg,E:\Main project\Batch 15\dataset\DME NORMAL\NORMAL-3099936-10.jpeg,DME NORMAL
NORMAL-3105037-31.jpeg,E:\Main project\Batch 15\dataset\DME NORMAL\NORMAL-3105037-31.jpeg,DME NORMAL
NORMAL-3116592-2.jpeg,E:\Main project\Batch 15\dataset\DME NORMAL\NORMAL-3116592-2.jpeg,DME NORMAL
NORMAL-3118383-9.jpeg,E:\Main project\Batch 15\dataset\DME NORMAL\NORMAL-3118383-9.jpeg,DME NORMAL
NORMAL-3120105-2.jpeg,E:\Main project\Batch 15\dataset\DME NORMAL\NORMAL-3120105-2.jpeg,DME NORMAL
NORMAL-3120525-8.jpeg,E:\Main project\Batch 15\dataset\DME NORMAL\NORMAL-3120525-8.jpeg,DME NORMAL
NORMAL-3137102-12.jpeg,E:\Main project\Batch 15\dataset\DME NORMAL\NORMAL-3137102-12.jpeg,DME NORMAL
NORMAL-3142698-2.jpeg,E:\Main project\Batch 15\dataset\DME NORMAL\NORMAL-3142698-2.jpeg,DME NORMAL
NORMAL-3153386-10.jpeg,E:\Main project\Batch 15\dataset\DME NORMAL\NORMAL-3153386-10.jpeg,DME NORMAL
NORMAL-3170945-35.jpeg,E:\Main project\Batch 15\dataset\DME NORMAL\NORMAL-3170945-35.jpeg,DME NORMAL
NORMAL-3170949-10.jpeg,E:\Main project\Batch 15\dataset\DME NORMAL\NORMAL-3170949-10.jpeg,DME NORMAL
NORMAL-3181887-10.jpeg,E:\Main project\Batch 15\dataset\DME NORMAL\NORMAL-3181887-10.jpeg,DME NORMAL
NORMAL-3184320-3.jpeg,E:\Main project\Batch 15\dataset\DME NORMAL\NORMAL-3184320-3.jpeg,DME NORMAL
NORMAL-3191932-3.jpeg,E:\Main project\Batch 15\dataset\DME NORMAL\NORMAL-3191932-3.jpeg,DME NORMAL
NORMAL-3206854-5.jpeg,E:\Main project\Batch 15\dataset\DME NORMAL\NORMAL-3206854-5.jpeg,DME NORMAL
NORMAL-3216042-3.jpeg,E:\Main project\Batch 15\dataset\DME NORMAL\NORMAL-3216042-3.jpeg,DME NORMAL
NORMAL-3216042-4.jpeg,E:\Main project\Batch 15\dataset\DME NORMAL\NORMAL-3216042-4.jpeg,DME NORMAL
NORMAL-3217821-12.jpeg,E:\Main project\Batch 15\dataset\DME NORMAL\NORMAL-3217821-12.jpeg,DME NORMAL
NORMAL-3218669-6.jpeg,E:\Main project\Batch 15\dataset\DME NORMAL\NORMAL-3218669-6.jpeg,DME NORMAL
NORMAL-3220509-37.jpeg,E:\Main project\Batch 15\dataset\DME NORMAL\NORMAL-3220509-37.jpeg,DME NORMAL
NORMAL-3243896-4.jpeg,E:\Main project\Batch 15\dataset\DME NORMAL\NORMAL-3243896-4.jpeg,DME NORMAL
NORMAL-3243896-9.jpeg,E:\Main project\Batch 15\dataset\DME NORMAL\NORMAL-3243896-9.jpeg,DME NORMAL
NORMAL-3245324-1.jpeg,E:\Main project\Batch 15\dataset\DME NORMAL\NORMAL-3245324-1.jpeg,DME NORMAL
NORMAL-3247551-17.jpeg,E:\Main project\Batch 15\dataset\DME NORMAL\NORMAL-3247551-17.jpeg,DME NORMAL
NORMAL-3251193-8.jpeg,E:\Main project\Batch 15\dataset\DME NORMAL\NORMAL-3251193-8.jpeg,DME NORMAL
NORMAL-3258939-17.jpeg,E:\Main project\Batch 15\dataset\DME NORMAL\NORMAL-3258939-17.jpeg,DME NORMAL
NORMAL-3258939-3.jpeg,E:\Main project\Batch 15\dataset\DME NORMAL\NORMAL-3258939-3.jpeg,DME NORMAL
NORMAL-3263289-18.jpeg,E:\Main project\Batch 15\dataset\DME NORMAL\NORMAL-3263289-18.jpeg,DME NORMAL
NORMAL-3263635-8.jpeg,E:\Main project\Batch 15\dataset\DME NORMAL\NORMAL-3263635-8.jpeg,DME NORMAL
NORMAL-3263635-9.jpeg,E:\Main project\Batch 15\dataset\DME NORMAL\NORMAL-3263635-9.jpeg,DME NORMAL
NORMAL-3307598-16.jpeg,E:\Main project\Batch 15\dataset\DME NORMAL\NORMAL-3307598-16.jpeg,DME NORMAL
NORMAL-3307598-6.jpeg,E:\Main project\Batch 15\dataset\DME NORMAL\NORMAL-3307598-6.jpeg,DME NORMAL
NORMAL-3312340-5.jpeg,E:\Main project\Batch 15\dataset\DME NORMAL\NORMAL-3312340-5.jpeg,DME NORMAL
NORMAL-3325216-7.jpeg,E:\Main project\Batch 15\dataset\DME NORMAL\NORMAL-3325216-7.jpeg,DME NORMAL
NORMAL-33350-7.jpeg,E:\Main project\Batch 15\dataset\DME NORMAL\NORMAL-33350-7.jpeg,DME NORMAL
NORMAL-3346049-8.jpeg,E:\Main project\Batch 15\dataset\DME NORMAL\NORMAL-3346049-8.jpeg,DME NORMAL
NORMAL-3355465-6.jpeg,E:\Main project\Batch 15\dataset\DME NORMAL\NORMAL-3355465-6.jpeg,DME NORMAL
NORMAL-3356207-19.jpeg,E:\Main project\Batch 15\dataset\DME NORMAL\NORMAL-3356207-19.jpeg,DME NORMAL
NORMAL-3361750-9.jpeg,E:\Main project\Batch 15\dataset\DME NORMAL\NORMAL-3361750-9.jpeg,DME NORMAL
NORMAL-33637-3.jpeg,E:\Main project\Batch 15\dataset\DME NORMAL\NORMAL-33637-3.jpeg,DME NORMAL
NORMAL-3378849-19.jpeg,E:\Main project\Batch 15\dataset\DME NORMAL\NORMAL-3378849-19.jpeg,DME NORMAL
NORMAL-3412153-5.jpeg,E:\Main project\Batch 15\dataset\DME NORMAL\NORMAL-3412153-5.jpeg,DME NORMAL
NORMAL-3412503-1.jpeg,E:\Main project\Batch 15\dataset\DME NORMAL\NORMAL-3412503-1.jpeg,DME NORMAL
NORMAL-3413862-13.jpeg,E:\Main project\Batch 15\dataset\DME NORMAL\NORMAL-3413862-13.jpeg,DME NORMAL
NORMAL-3414068-2.jpeg,E:\Main project\Batch 15\dataset\DME NORMAL\NORMAL-3414068-2.jpeg,DME NORMAL
NORMAL-3431386-5.jpeg,E:\Main project\Batch 15\dataset\DME NORMAL\NORMAL-3431386-5.jpeg,DME NORMAL
NORMAL-3446786-2.jpeg,E:\Main project\Batch 15\dataset\DME NORMAL\NORMAL-3446786-2.jpeg,DME NORMAL
NORMAL-3473531-14.jpeg,E:\Main project\Batch 15\dataset\DME NORMAL\NORMAL-3473531-14.jpeg,DME NORMAL
NORMAL-3487798-4.jpeg,E:\Main project\Batch 15\dataset\DME NORMAL\NORMAL-3487798-4.jpeg,DME NORMAL
NORMAL-3487798-7.jpeg,E:\Main project\Batch 15\dataset\DME NORMAL\NORMAL-3487798-7.jpeg,DME NORMAL
NORMAL-3488701-5.jpeg,E:\Main project\Batch 15\dataset\DME NORMAL\NORMAL-3488701-5.jpeg,DME NORMAL
NORMAL-3491563-7.jpeg,E:\Main project\Batch 15\dataset\DME NORMAL\NORMAL-3491563-7.jpeg,DME NORMAL
NORMAL-3498887-6.jpeg,E:\Main project\Batch 15\dataset\DME NORMAL\NORMAL-3498887-6.jpeg,DME NORMAL
NORMAL-3499589-11.jpeg,E:\Main project\Batch 15\dataset\DME NORMAL\NORMAL-3499589-11.jpeg,DME NORMAL
NORMAL-3504600-5.jpeg,E:\Main project\Batch 15\dataset\DME NORMAL\NORMAL-3504600-5.jpeg,DME NORMAL
NORMAL-3522121-3.jpeg,E:\Main project\Batch 15\dataset\DME NORMAL\NORMAL-3522121-3.jpeg,DME NORMAL
NORMAL-3534048-7.jpeg,E:\Main project\Batch 15\dataset\DME NORMAL\NORMAL-3534048-7.jpeg,DME NORMAL
NORMAL-3542031-4.jpeg,E:\Main project\Batch 15\dataset\DME NORMAL\NORMAL-3542031-4.jpeg,DME NORMAL
NORMAL-3542743-5.jpeg,E:\Main project\Batch 15\dataset\DME NORMAL\NORMAL-3542743-5.jpeg,DME NORMAL
NORMAL-3543618-16.jpeg,E:\Main project\Batch 15\dataset\DME NORMAL\NORMAL-3543618-16.jpeg,DME NORMAL
NORMAL-3543618-19.jpeg,E:\Main project\Batch 15\dataset\DME NORMAL\NORMAL-3543618-19.jpeg,DME NORMAL
NORMAL-3551681-9.jpeg,E:\Main project\Batch 15\dataset\DME NORMAL\NORMAL-3551681-9.jpeg,DME NORMAL
NORMAL-3552236-20.jpeg,E:\Main project\Batch 15\dataset\DME NORMAL\NORMAL-3552236-20.jpeg,DME NORMAL
NORMAL-3552883-8.jpeg,E:\Main project\Batch 15\dataset\DME NORMAL\NORMAL-3552883-8.jpeg,DME NORMAL
NORMAL-3553395-23.jpeg,E:\Main project\Batch 15\dataset\DME NORMAL\NORMAL-3553395-23.jpeg,DME NORMAL
NORMAL-3553395-35.jpeg,E:\Main project\Batch 15\dataset\DME NORMAL\NORMAL-3553395-35.jpeg,DME NORMAL
NORMAL-3553395-44.jpeg,E:\Main project\Batch 15\dataset\DME NORMAL\NORMAL-3553395-44.jpeg,DME NORMAL
NORMAL-3586121-10.jpeg,E:\Main project\Batch 15\dataset\DME NORMAL\NORMAL-3586121-10.jpeg,DME NORMAL
NORMAL-3589769-6.jpeg,E:\Main project\Batch 15\dataset\DME NORMAL\NORMAL-3589769-6.jpeg,DME NORMAL
NORMAL-3590718-3.jpeg,E:\Main project\Batch 15\dataset\DME NORMAL\NORMAL-3590718-3.jpeg,DME NORMAL
NORMAL-3591530-7.jpeg,E:\Main project\Batch 15\dataset\DME NORMAL\NORMAL-3591530-7.jpeg,DME NORMAL
NORMAL-3591757-27.jpeg,E:\Main project\Batch 15\dataset\DME NORMAL\NORMAL-3591757-27.jpeg,DME NORMAL
NORMAL-3591757-4.jpeg,E:\Main project\Batch 15\dataset\DME NORMAL\NORMAL-3591757-4.jpeg,DME NORMAL
NORMAL-3595712-6.jpeg,E:\Main project\Batch 15\dataset\DME NORMAL\NORMAL-3595712-6.jpeg,DME NORMAL
NORMAL-3602939-7.jpeg,E:\Main project\Batch 15\dataset\DME NORMAL\NORMAL-3602939-7.jpeg,DME NORMAL
NORMAL-3607157-2.jpeg,E:\Main project\Batch 15\dataset\DME NORMAL\NORMAL-3607157-2.jpeg,DME NORMAL
NORMAL-3608465-34.jpeg,E:\Main project\Batch 15\dataset\DME NORMAL\NORMAL-3608465-34.jpeg,DME NORMAL
NORMAL-3608939-13.jpeg,E:\Main project\Batch 15\dataset\DME NORMAL\NORMAL-3608939-13.jpeg,DME NORMAL
NORMAL-3609177-8.jpeg,E:\Main project\Batch 15\dataset\DME NORMAL\NORMAL-3609177-8.jpeg,DME NORMAL
NORMAL-3609177-9.jpeg,E:\Main project\Batch 15\dataset\DME NORMAL\NORMAL-3609177-9.jpeg,DME NORMAL
NORMAL-3619469-1.jpeg,E:\Main project\Batch 15\dataset\DME NORMAL\NORMAL-3619469-1.jpeg,DME NORMAL
NORMAL-3627360-9.jpeg,E:\Main project\Batch 15\dataset\DME NORMAL\NORMAL-3627360-9.jpeg,DME NORMAL
NORMAL-3651436-9.jpeg,E:\Main project\Batch 15\dataset\DME NORMAL\NORMAL-3651436-9.jpeg,DME NORMAL
NORMAL-3664385-22.jpeg,E:\Main project\Batch 15\dataset\DME NORMAL\NORMAL-3664385-22.jpeg,DME NORMAL
NORMAL-3664385-27.jpeg,E:\Main project\Batch 15\dataset\DME NORMAL\NORMAL-3664385-27.jpeg,DME NORMAL
NORMAL-3666781-4.jpeg,E:\Main project\Batch 15\dataset\DME NORMAL\NORMAL-3666781-4.jpeg,DME NORMAL
NORMAL-3673740-15.jpeg,E:\Main project\Batch 15\dataset\DME NORMAL\NORMAL-3673740-15.jpeg,DME NORMAL
NORMAL-3677519-23.jpeg,E:\Main project\Batch 15\dataset\DME NORMAL\NORMAL-3677519-23.jpeg,DME NORMAL
NORMAL-3681488-23.jpeg,E:\Main project\Batch 15\dataset\DME NORMAL\NORMAL-3681488-23.jpeg,DME NORMAL
NORMAL-3692244-12.jpeg,E:\Main project\Batch 15\dataset\DME NORMAL\NORMAL-3692244-12.jpeg,DME NORMAL
NORMAL-3692244-19.jpeg,E:\Main project\Batch 15\dataset\DME NORMAL\NORMAL-3692244-19.jpeg,DME NORMAL
NORMAL-3694835-14.jpeg,E:\Main project\Batch 15\dataset\DME NORMAL\NORMAL-3694835-14.jpeg,DME NORMAL
NORMAL-3699178-7.jpeg,E:\Main project\Batch 15\dataset\DME NORMAL\NORMAL-3699178-7.jpeg,DME NORMAL
NORMAL-3699275-10.jpeg,E:\Main project\Batch 15\dataset\DME NORMAL\NORMAL-3699275-10.jpeg,DME NORMAL
NORMAL-3717800-7.jpeg,E:\Main project\Batch 15\dataset\DME NORMAL\NORMAL-3717800-7.jpeg,DME NORMAL
NORMAL-3731953-1.jpeg,E:\Main project\Batch 15\dataset\DME NORMAL\NORMAL-3731953-1.jpeg,DME NORMAL
NORMAL-3734032-11.jpeg,E:\Main project\Batch 15\dataset\DME NORMAL\NORMAL-3734032-11.jpeg,DME NORMAL
NORMAL-3734032-25.jpeg,E:\Main project\Batch 15\dataset\DME NORMAL\NORMAL-3734032-25.jpeg,DME NORMAL
NORMAL-3736426-4.jpeg,E:\Main project\Batch 15\dataset\DME NORMAL\NORMAL-3736426-4.jpeg,DME NORMAL
NORMAL-3740639-16.jpeg,E:\Main project\Batch 15\dataset\DME NORMAL\NORMAL-3740639-16.jpeg,DME NORMAL
NORMAL-3745699-8.jpeg,E:\Main project\Batch 15\dataset\DME NORMAL\NORMAL-3745699-8.jpeg,DME NORMAL
NORMAL-3748331-23.jpeg,E:\Main project\Batch 15\dataset\DME NORMAL\NORMAL-3748331-23.jpeg,DME NORMAL
NORMAL-3748331-6.jpeg,E:\Main project\Batch 15\dataset\DME NORMAL\NORMAL-3748331-6.jpeg,DME NORMAL
NORMAL-3757443-32.jpeg,E:\Main project\Batch 15\dataset\DME NORMAL\NORMAL-3757443-32.jpeg,DME NORMAL
NORMAL-3757443-53.jpeg,E:\Main project\Batch 15\dataset\DME NORMAL\NORMAL-3757443-53.jpeg,DME NORMAL
NORMAL-3757443-58.jpeg,E:\Main project\Batch 15\dataset\DME NORMAL\NORMAL-3757443-58.jpeg,DME NORMAL
NORMAL-3768731-6.jpeg,E:\Main project\Batch 15\dataset\DME NORMAL\NORMAL-3768731-6.jpeg,DME NORMAL
NORMAL-3785734-20.jpeg,E:\Main project\Batch 15\dataset\DME NORMAL\NORMAL-3785734-20.jpeg,DME NORMAL
NORMAL-3787139-20.jpeg,E:\Main project\Batch 15\dataset\DME NORMAL\NORMAL-3787139-20.jpeg,DME NORMAL
NORMAL-3787139-32.jpeg,E:\Main project\Batch 15\dataset\DME NORMAL\NORMAL-3787139-32.jpeg,DME NORMAL
NORMAL-3807917-2.jpeg,E:\Main project\Batch 15\dataset\DME NORMAL\NORMAL-3807917-2.jpeg,DME NORMAL
NORMAL-3827925-10.jpeg,E:\Main project\Batch 15\dataset\DME NORMAL\NORMAL-3827925-10.jpeg,DME NORMAL
NORMAL-3836765-7.jpeg,E:\Main project\Batch 15\dataset\DME NORMAL\NORMAL-3836765-7.jpeg,DME NORMAL
NORMAL-3846188-5.jpeg,E:\Main project\Batch 15\dataset\DME NORMAL\NORMAL-3846188-5.jpeg,DME NORMAL
NORMAL-3847910-4.jpeg,E:\Main project\Batch 15\dataset\DME NORMAL\NORMAL-3847910-4.jpeg,DME NORMAL
NORMAL-3849683-1.jpeg,E:\Main project\Batch 15\dataset\DME NORMAL\NORMAL-3849683-1.jpeg,DME NORMAL
NORMAL-3851413-8.jpeg,E:\Main project\Batch 15\dataset\DME NORMAL\NORMAL-3851413-8.jpeg,DME NORMAL
NORMAL-3861712-2.jpeg,E:\Main project\Batch 15\dataset\DME NORMAL\NORMAL-3861712-2.jpeg,DME NORMAL
NORMAL-3861712-6.jpeg,E:\Main project\Batch 15\dataset\DME NORMAL\NORMAL-3861712-6.jpeg,DME NORMAL
NORMAL-3863241-6.jpeg,E:\Main project\Batch 15\dataset\DME NORMAL\NORMAL-3863241-6.jpeg,DME NORMAL
NORMAL-3864113-10.jpeg,E:\Main project\Batch 15\dataset\DME NORMAL\NORMAL-3864113-10.jpeg,DME NORMAL
NORMAL-3881931-10.jpeg,E:\Main project\Batch 15\dataset\DME NORMAL\NORMAL-3881931-10.jpeg,DME NORMAL
NORMAL-3882196-2.jpeg,E:\Main project\Batch 15\dataset\DME NORMAL\NORMAL-3882196-2.jpeg,DME NORMAL
NORMAL-3886612-15.jpeg,E:\Main project\Batch 15\dataset\DME NORMAL\NORMAL-3886612-15.jpeg,DME NORMAL
NORMAL-3905526-18.jpeg,E:\Main project\Batch 15\dataset\DME NORMAL\NORMAL-3905526-18.jpeg,DME NORMAL
NORMAL-3905909-33.jpeg,E:\Main project\Batch 15\dataset\DME NORMAL\NORMAL-3905909-33.jpeg,DME NORMAL
NORMAL-3908611-6.jpeg,E:\Main project\Batch 15\dataset\DME NORMAL\NORMAL-3908611-6.jpeg,DME NORMAL
NORMAL-3913611-7.jpeg,E:\Main project\Batch 15\dataset\DME NORMAL\NORMAL-3913611-7.jpeg,DME NORMAL
NORMAL-3921035-19.jpeg,E:\Main project\Batch 15\dataset\DME NORMAL\NORMAL-3921035-19.jpeg,DME NORMAL
NORMAL-3921035-63.jpeg,E:\Main project\Batch 15\dataset\DME NORMAL\NORMAL-3921035-63.jpeg,DME NORMAL
NORMAL-3929912-36.jpeg,E:\Main project\Batch 15\dataset\DME NORMAL\NORMAL-3929912-36.jpeg,DME NORMAL
NORMAL-3934543-3.jpeg,E:\Main project\Batch 15\dataset\DME NORMAL\NORMAL-3934543-3.jpeg,DME NORMAL
NORMAL-3934543-48.jpeg,E:\Main project\Batch 15\dataset\DME NORMAL\NORMAL-3934543-48.jpeg,DME NORMAL
NORMAL-3936728-26.jpeg,E:\Main project\Batch 15\dataset\DME NORMAL\NORMAL-3936728-26.jpeg,DME NORMAL
NORMAL-3961152-15.jpeg,E:\Main project\Batch 15\dataset\DME NORMAL\NORMAL-3961152-15.jpeg,DME NORMAL
NORMAL-3961152-41.jpeg,E:\Main project\Batch 15\dataset\DME NORMAL\NORMAL-3961152-41.jpeg,DME NORMAL
NORMAL-3973200-13.jpeg,E:\Main project\Batch 15\dataset\DME NORMAL\NORMAL-3973200-13.jpeg,DME NORMAL
NORMAL-3978593-2.jpeg,E:\Main project\Batch 15\dataset\DME NORMAL\NORMAL-3978593-2.jpeg,DME NORMAL
NORMAL-3995542-4.jpeg,E:\Main project\Batch 15\dataset\DME NORMAL\NORMAL-3995542-4.jpeg,DME NORMAL
NORMAL-3996434-4.jpeg,E:\Main project\Batch 15\dataset\DME NORMAL\NORMAL-3996434-4.jpeg,DME NORMAL
NORMAL-3999950-5.jpeg,E:\Main project\Batch 15\dataset\DME NORMAL\NORMAL-3999950-5.jpeg,DME NORMAL
NORMAL-4001769-15.jpeg,E:\Main project\Batch 15\dataset\DME NORMAL\NORMAL-4001769-15.jpeg,DME NORMAL
NORMAL-4004086-3.jpeg,E:\Main project\Batch 15\dataset\DME NORMAL\NORMAL-4004086-3.jpeg,DME NORMAL
NORMAL-4016051-14.jpeg,E:\Main project\Batch 15\dataset\DME NORMAL\NORMAL-4016051-14.jpeg,DME NORMAL
NORMAL-4016051-19.jpeg,E:\Main project\Batch 15\dataset\DME NORMAL\NORMAL-4016051-19.jpeg,DME NORMAL
NORMAL-402066-21.jpeg,E:\Main project\Batch 15\dataset\DME NORMAL\NORMAL-402066-21.jpeg,DME NORMAL
NORMAL-4020729-20.jpeg,E:\Main project\Batch 15\dataset\DME NORMAL\NORMAL-4020729-20.jpeg,DME NORMAL
NORMAL-4023248-19.jpeg,E:\Main project\Batch 15\dataset\DME NORMAL\NORMAL-4023248-19.jpeg,DME NORMAL
NORMAL-4030787-1.jpeg,E:\Main project\Batch 15\dataset\DME NORMAL\NORMAL-4030787-1.jpeg,DME NORMAL
NORMAL-4030787-26.jpeg,E:\Main project\Batch 15\dataset\DME NORMAL\NORMAL-4030787-26.jpeg,DME NORMAL
NORMAL-4030787-43.jpeg,E:\Main project\Batch 15\dataset\DME NORMAL\NORMAL-4030787-43.jpeg,DME NORMAL
NORMAL-4030787-45.jpeg,E:\Main project\Batch 15\dataset\DME NORMAL\NORMAL-4030787-45.jpeg,DME NORMAL
NORMAL-4030787-5.jpeg,E:\Main project\Batch 15\dataset\DME NORMAL\NORMAL-4030787-5.jpeg,DME NORMAL
NORMAL-4041148-6.jpeg,E:\Main project\Batch 15\dataset\DME NORMAL\NORMAL-4041148-6.jpeg,DME NORMAL
NORMAL-4047469-4.jpeg,E:\Main project\Batch 15\dataset\DME NORMAL\NORMAL-4047469-4.jpeg,DME NORMAL
NORMAL-4076913-1.jpeg,E:\Main project\Batch 15\dataset\DME NORMAL\NORMAL-4076913-1.jpeg,DME NORMAL
NORMAL-4076913-3.jpeg,E:\Main project\Batch 15\dataset\DME NORMAL\NORMAL-4076913-3.jpeg,DME NORMAL
NORMAL-4082529-19.jpeg,E:\Main project\Batch 15\dataset\DME NORMAL\NORMAL-4082529-19.jpeg,DME NORMAL
NORMAL-4082529-20.jpeg,E:\Main project\Batch 15\dataset\DME NORMAL\NORMAL-4082529-20.jpeg,DME NORMAL
NORMAL-4083071-9.jpeg,E:\Main project\Batch 15\dataset\DME NORMAL\NORMAL-4083071-9.jpeg,DME NORMAL
NORMAL-4109960-3.jpeg,E:\Main project\Batch 15\dataset\DME NORMAL\NORMAL-4109960-3.jpeg,DME NORMAL
NORMAL-4116898-6.jpeg,E:\Main project\Batch 15\dataset\DME NORMAL\NORMAL-4116898-6.jpeg,DME NORMAL
NORMAL-4119376-4.jpeg,E:\Main project\Batch 15\dataset\DME NORMAL\NORMAL-4119376-4.jpeg,DME NORMAL
NORMAL-4119693-10.jpeg,E:\Main project\Batch 15\dataset\DME NORMAL\NORMAL-4119693-10.jpeg,DME NORMAL
NORMAL-4119721-40.jpeg,E:\Main project\Batch 15\dataset\DME NORMAL\NORMAL-4119721-40.jpeg,DME NORMAL
NORMAL-4119721-8.jpeg,E:\Main project\Batch 15\dataset\DME NORMAL\NORMAL-4119721-8.jpeg,DME NORMAL
NORMAL-4119910-10.jpeg,E:\Main project\Batch 15\dataset\DME NORMAL\NORMAL-4119910-10.jpeg,DME NORMAL
NORMAL-4136221-2.jpeg,E:\Main project\Batch 15\dataset\DME NORMAL\NORMAL-4136221-2.jpeg,DME NORMAL
NORMAL-4143492-5.jpeg,E:\Main project\Batch 15\dataset\DME NORMAL\NORMAL-4143492-5.jpeg,DME NORMAL
NORMAL-4159315-6.jpeg,E:\Main project\Batch 15\dataset\DME NORMAL\NORMAL-4159315-6.jpeg,DME NORMAL
NORMAL-4213058-9.jpeg,E:\Main project\Batch 15\dataset\DME NORMAL\NORMAL-4213058-9.jpeg,DME NORMAL
NORMAL-4222354-6.jpeg,E:\Main project\Batch 15\dataset\DME NORMAL\NORMAL-4222354-6.jpeg,DME NORMAL
NORMAL-4226802-11.jpeg,E:\Main project\Batch 15\dataset\DME NORMAL\NORMAL-4226802-11.jpeg,DME NORMAL
NORMAL-4233674-1.jpeg,E:\Main project\Batch 15\dataset\DME NORMAL\NORMAL-4233674-1.jpeg,DME NORMAL
NORMAL-4240465-15.jpeg,E:\Main project\Batch 15\dataset\DME NORMAL\NORMAL-4240465-15.jpeg,DME NORMAL
NORMAL-4248200-8.jpeg,E:\Main project\Batch 15\dataset\DME NORMAL\NORMAL-4248200-8.jpeg,DME NORMAL
NORMAL-4255624-20.jpeg,E:\Main project\Batch 15\dataset\DME NORMAL\NORMAL-4255624-20.jpeg,DME NORMAL
NORMAL-4268267-7.jpeg,E:\Main project\Batch 15\dataset\DME NORMAL\NORMAL-4268267-7.jpeg,DME NORMAL
NORMAL-4274486-26.jpeg,E:\Main project\Batch 15\dataset\DME NORMAL\NORMAL-4274486-26.jpeg,DME NORMAL
NORMAL-4276246-2.jpeg,E:\Main project\Batch 15\dataset\DME NORMAL\NORMAL-4276246-2.jpeg,DME NORMAL
NORMAL-4284456-14.jpeg,E:\Main project\Batch 15\dataset\DME NORMAL\NORMAL-4284456-14.jpeg,DME NORMAL
NORMAL-4298568-8.jpeg,E:\Main project\Batch 15\dataset\DME NORMAL\NORMAL-4298568-8.jpeg,DME NORMAL
NORMAL-4298568-9.jpeg,E:\Main project\Batch 15\dataset\DME NORMAL\NORMAL-4298568-9.jpeg,DME NORMAL
NORMAL-4299263-1.jpeg,E:\Main project\Batch 15\dataset\DME NORMAL\NORMAL-4299263-1.jpeg,DME NORMAL
NORMAL-4310826-19.jpeg,E:\Main project\Batch 15\dataset\DME NORMAL\NORMAL-4310826-19.jpeg,DME NORMAL
NORMAL-4311520-7.jpeg,E:\Main project\Batch 15\dataset\DME NORMAL\NORMAL-4311520-7.jpeg,DME NORMAL
NORMAL-4314625-20.jpeg,E:\Main project\Batch 15\dataset\DME NORMAL\NORMAL-4314625-20.jpeg,DME NORMAL
NORMAL-4314625-21.jpeg,E:\Main project\Batch 15\dataset\DME NORMAL\NORMAL-4314625-21.jpeg,DME NORMAL
NORMAL-4321486-22.jpeg,E:\Main project\Batch 15\dataset\DME NORMAL\NORMAL-4321486-22.jpeg,DME NORMAL
NORMAL-4321486-4.jpeg,E:\Main project\Batch 15\dataset\DME NORMAL\NORMAL-4321486-4.jpeg,DME NORMAL
NORMAL-4330656-17.jpeg,E:\Main project\Batch 15\dataset\DME NORMAL\NORMAL-4330656-17.jpeg,DME NORMAL
NORMAL-4332329-8.jpeg,E:\Main project\Batch 15\dataset\DME NORMAL\NORMAL-4332329-8.jpeg,DME NORMAL
NORMAL-4345468-48.jpeg,E:\Main project\Batch 15\dataset\DME NORMAL\NORMAL-4345468-48.jpeg,DME NORMAL
NORMAL-4346795-4.jpeg,E:\Main project\Batch 15\dataset\DME NORMAL\NORMAL-4346795-4.jpeg,DME NORMAL
NORMAL-4370701-32.jpeg,E:\Main project\Batch 15\dataset\DME NORMAL\NORMAL-4370701-32.jpeg,DME NORMAL
NORMAL-437293-3.jpeg,E:\Main project\Batch 15\dataset\DME NORMAL\NORMAL-437293-3.jpeg,DME NORMAL
NORMAL-4379133-10.jpeg,E:\Main project\Batch 15\dataset\DME NORMAL\NORMAL-4379133-10.jpeg,DME NORMAL
NORMAL-4379133-18.jpeg,E:\Main project\Batch 15\dataset\DME NORMAL\NORMAL-4379133-18.jpeg,DME NORMAL
NORMAL-4386678-1.jpeg,E:\Main project\Batch 15\dataset\DME NORMAL\NORMAL-4386678-1.jpeg,DME NORMAL
NORMAL-4388412-7.jpeg,E:\Main project\Batch 15\dataset\DME NORMAL\NORMAL-4388412-7.jpeg,DME NORMAL
NORMAL-4394647-28.jpeg,E:\Main project\Batch 15\dataset\DME NORMAL\NORMAL-4394647-28.jpeg,DME NORMAL
NORMAL-4412751-42.jpeg,E:\Main project\Batch 15\dataset\DME NORMAL\NORMAL-4412751-42.jpeg,DME NORMAL
NORMAL-4417432-6.jpeg,E:\Main project\Batch 15\dataset\DME NORMAL\NORMAL-4417432-6.jpeg,DME NORMAL
NORMAL-4419090-4.jpeg,E:\Main project\Batch 15\dataset\DME NORMAL\NORMAL-4419090-4.jpeg,DME NORMAL
NORMAL-4445075-24.jpeg,E:\Main project\Batch 15\dataset\DME NORMAL\NORMAL-4445075-24.jpeg,DME NORMAL
NORMAL-4445075-5.jpeg,E:\Main project\Batch 15\dataset\DME NORMAL\NORMAL-4445075-5.jpeg,DME NORMAL
NORMAL-4445075-8.jpeg,E:\Main project\Batch 15\dataset\DME NORMAL\NORMAL-4445075-8.jpeg,DME NORMAL
NORMAL-4449220-42.jpeg,E:\Main project\Batch 15\dataset\DME NORMAL\NORMAL-4449220-42.jpeg,DME NORMAL
NORMAL-4459506-4.jpeg,E:\Main project\Batch 15\dataset\DME NORMAL\NORMAL-4459506-4.jpeg,DME NORMAL
NORMAL-4459506-5.jpeg,E:\Main project\Batch 15\dataset\DME NORMAL\NORMAL-4459506-5.jpeg,DME NORMAL
NORMAL-446851-25.jpeg,E:\Main project\Batch 15\dataset\DME NORMAL\NORMAL-446851-25.jpeg,DME NORMAL
NORMAL-446851-4.jpeg,E:\Main project\Batch 15\dataset\DME NORMAL\NORMAL-446851-4.jpeg,DME NORMAL
NORMAL-4473308-3.jpeg,E:\Main project\Batch 15\dataset\DME NORMAL\NORMAL-4473308-3.jpeg,DME NORMAL
NORMAL-4478377-10.jpeg,E:\Main project\Batch 15\dataset\DME NORMAL\NORMAL-4478377-10.jpeg,DME NORMAL
NORMAL-4478609-24.jpeg,E:\Main project\Batch 15\dataset\DME NORMAL\NORMAL-4478609-24.jpeg,DME NORMAL
NORMAL-4489896-10.jpeg,E:\Main project\Batch 15\dataset\DME NORMAL\NORMAL-4489896-10.jpeg,DME NORMAL
NORMAL-4490546-15.jpeg,E:\Main project\Batch 15\dataset\DME NORMAL\NORMAL-4490546-15.jpeg,DME NORMAL
NORMAL-4520400-17.jpeg,E:\Main project\Batch 15\dataset\DME NORMAL\NORMAL-4520400-17.jpeg,DME NORMAL
NORMAL-4541526-2.jpeg,E:\Main project\Batch 15\dataset\DME NORMAL\NORMAL-4541526-2.jpeg,DME NORMAL
NORMAL-4541526-8.jpeg,E:\Main project\Batch 15\dataset\DME NORMAL\NORMAL-4541526-8.jpeg,DME NORMAL
NORMAL-4556266-5.jpeg,E:\Main project\Batch 15\dataset\DME NORMAL\NORMAL-4556266-5.jpeg,DME NORMAL
NORMAL-4567079-11.jpeg,E:\Main project\Batch 15\dataset\DME NORMAL\NORMAL-4567079-11.jpeg,DME NORMAL
NORMAL-4577637-1.jpeg,E:\Main project\Batch 15\dataset\DME NORMAL\NORMAL-4577637-1.jpeg,DME NORMAL
NORMAL-4605373-6.jpeg,E:\Main project\Batch 15\dataset\DME NORMAL\NORMAL-4605373-6.jpeg,DME NORMAL
NORMAL-460711-15.jpeg,E:\Main project\Batch 15\dataset\DME NORMAL\NORMAL-460711-15.jpeg,DME NORMAL
NORMAL-4616882-12.jpeg,E:\Main project\Batch 15\dataset\DME NORMAL\NORMAL-4616882-12.jpeg,DME NORMAL
NORMAL-4633947-3.jpeg,E:\Main project\Batch 15\dataset\DME NORMAL\NORMAL-4633947-3.jpeg,DME NORMAL
NORMAL-4646891-2.jpeg,E:\Main project\Batch 15\dataset\DME NORMAL\NORMAL-4646891-2.jpeg,DME NORMAL
NORMAL-4646891-31.jpeg,E:\Main project\Batch 15\dataset\DME NORMAL\NORMAL-4646891-31.jpeg,DME NORMAL
NORMAL-4646891-37.jpeg,E:\Main project\Batch 15\dataset\DME NORMAL\NORMAL-4646891-37.jpeg,DME NORMAL
NORMAL-4661481-8.jpeg,E:\Main project\Batch 15\dataset\DME NORMAL\NORMAL-4661481-8.jpeg,DME NORMAL
NORMAL-4665128-13.jpeg,E:\Main project\Batch 15\dataset\DME NORMAL\NORMAL-4665128-13.jpeg,DME NORMAL
NORMAL-4668788-18.jpeg,E:\Main project\Batch 15\dataset\DME NORMAL\NORMAL-4668788-18.jpeg,DME NORMAL
NORMAL-4670089-14.jpeg,E:\Main project\Batch 15\dataset\DME NORMAL\NORMAL-4670089-14.jpeg,DME NORMAL
NORMAL-4689583-4.jpeg,E:\Main project\Batch 15\dataset\DME NORMAL\NORMAL-4689583-4.jpeg,DME NORMAL
NORMAL-4696998-19.jpeg,E:\Main project\Batch 15\dataset\DME NORMAL\NORMAL-4696998-19.jpeg,DME NORMAL
NORMAL-469935-29.jpeg,E:\Main project\Batch 15\dataset\DME NORMAL\NORMAL-469935-29.jpeg,DME NORMAL
NORMAL-469935-37.jpeg,E:\Main project\Batch 15\dataset\DME NORMAL\NORMAL-469935-37.jpeg,DME NORMAL
NORMAL-469935-5.jpeg,E:\Main project\Batch 15\dataset\DME NORMAL\NORMAL-469935-5.jpeg,DME NORMAL
NORMAL-478864-8.jpeg,E:\Main project\Batch 15\dataset\DME NORMAL\NORMAL-478864-8.jpeg,DME NORMAL
NORMAL-48016-3.jpeg,E:\Main project\Batch 15\dataset\DME NORMAL\NORMAL-48016-3.jpeg,DME NORMAL
NORMAL-488813-5.jpeg,E:\Main project\Batch 15\dataset\DME NORMAL\NORMAL-488813-5.jpeg,DME NORMAL
NORMAL-4897594-8.jpeg,E:\Main project\Batch 15\dataset\DME NORMAL\NORMAL-4897594-8.jpeg,DME NORMAL
NORMAL-4907747-30.jpeg,E:\Main project\Batch 15\dataset\DME NORMAL\NORMAL-4907747-30.jpeg,DME NORMAL
NORMAL-4921240-9.jpeg,E:\Main project\Batch 15\dataset\DME NORMAL\NORMAL-4921240-9.jpeg,DME NORMAL
NORMAL-4940286-4.jpeg,E:\Main project\Batch 15\dataset\DME NORMAL\NORMAL-4940286-4.jpeg,DME NORMAL
NORMAL-4949902-28.jpeg,E:\Main project\Batch 15\dataset\DME NORMAL\NORMAL-4949902-28.jpeg,DME NORMAL
NORMAL-4950742-5.jpeg,E:\Main project\Batch 15\dataset\DME NORMAL\NORMAL-4950742-5.jpeg,DME NORMAL
NORMAL-4951152-1.jpeg,E:\Main project\Batch 15\dataset\DME NORMAL\NORMAL-4951152-1.jpeg,DME NORMAL
NORMAL-4951152-10.jpeg,E:\Main project\Batch 15\dataset\DME NORMAL\NORMAL-4951152-10.jpeg,DME NORMAL
NORMAL-4951152-6.jpeg,E:\Main project\Batch 15\dataset\DME NORMAL\NORMAL-4951152-6.jpeg,DME NORMAL
NORMAL-495863-22.jpeg,E:\Main project\Batch 15\dataset\DME NORMAL\NORMAL-495863-22.jpeg,DME NORMAL
NORMAL-4964149-3.jpeg,E:\Main project\Batch 15\dataset\DME NORMAL\NORMAL-4964149-3.jpeg,DME NORMAL
NORMAL-4964149-9.jpeg,E:\Main project\Batch 15\dataset\DME NORMAL\NORMAL-4964149-9.jpeg,DME NORMAL
NORMAL-4969102-18.jpeg,E:\Main project\Batch 15\dataset\DME NORMAL\NORMAL-4969102-18.jpeg,DME NORMAL
NORMAL-4971312-23.jpeg,E:\Main project\Batch 15\dataset\DME NORMAL\NORMAL-4971312-23.jpeg,DME NORMAL
NORMAL-4974083-6.jpeg,E:\Main project\Batch 15\dataset\DME NORMAL\NORMAL-4974083-6.jpeg,DME NORMAL
NORMAL-4987532-11.jpeg,E:\Main project\Batch 15\dataset\DME NORMAL\NORMAL-4987532-11.jpeg,DME NORMAL
NORMAL-4996410-2.jpeg,E:\Main project\Batch 15\dataset\DME NORMAL\NORMAL-4996410-2.jpeg,DME NORMAL
NORMAL-4997509-35.jpeg,E:\Main project\Batch 15\dataset\DME NORMAL\NORMAL-4997509-35.jpeg,DME NORMAL
NORMAL-5018937-2.jpeg,E:\Main project\Batch 15\dataset\DME NORMAL\NORMAL-5018937-2.jpeg,DME NORMAL
NORMAL-5018937-7.jpeg,E:\Main project\Batch 15\dataset\DME NORMAL\NORMAL-5018937-7.jpeg,DME NORMAL
NORMAL-5034510-2.jpeg,E:\Main project\Batch 15\dataset\DME NORMAL\NORMAL-5034510-2.jpeg,DME NORMAL
NORMAL-5037024-2.jpeg,E:\Main project\Batch 15\dataset\DME NORMAL\NORMAL-5037024-2.jpeg,DME NORMAL
NORMAL-5037024-5.jpeg,E:\Main project\Batch 15\dataset\DME NORMAL\NORMAL-5037024-5.jpeg,DME NORMAL
NORMAL-5057531-26.jpeg,E:\Main project\Batch 15\dataset\DME NORMAL\NORMAL-5057531-26.jpeg,DME NORMAL
NORMAL-5062406-1.jpeg,E:\Main project\Batch 15\dataset\DME NORMAL\NORMAL-5062406-1.jpeg,DME NORMAL
NORMAL-5086150-10.jpeg,E:\Main project\Batch 15\dataset\DME NORMAL\NORMAL-5086150-10.jpeg,DME NORMAL
NORMAL-508852-23.jpeg,E:\Main project\Batch 15\dataset\DME NORMAL\NORMAL-508852-23.jpeg,DME NORMAL
NORMAL-5246808-22.jpeg,E:\Main project\Batch 15\dataset\DME NORMAL\NORMAL-5246808-22.jpeg,DME NORMAL
NORMAL-5246808-39.jpeg,E:\Main project\Batch 15\dataset\DME NORMAL\NORMAL-5246808-39.jpeg,DME NORMAL
NORMAL-525862-3.jpeg,E:\Main project\Batch 15\dataset\DME NORMAL\NORMAL-525862-3.jpeg,DME NORMAL
NORMAL-530612-21.jpeg,E:\Main project\Batch 15\dataset\DME NORMAL\NORMAL-530612-21.jpeg,DME NORMAL
NORMAL-530612-3.jpeg,E:\Main project\Batch 15\dataset\DME NORMAL\NORMAL-530612-3.jpeg,DME NORMAL
NORMAL-5359684-29.jpeg,E:\Main project\Batch 15\dataset\DME NORMAL\NORMAL-5359684-29.jpeg,DME NORMAL
NORMAL-5375064-17.jpeg,E:\Main project\Batch 15\dataset\DME NORMAL\NORMAL-5375064-17.jpeg,DME NORMAL
NORMAL-5386805-6.jpeg,E:\Main project\Batch 15\dataset\DME NORMAL\NORMAL-5386805-6.jpeg,DME NORMAL
NORMAL-5396524-1.jpeg,E:\Main project\Batch 15\dataset\DME NORMAL\NORMAL-5396524-1.jpeg,DME NORMAL
NORMAL-540664-11.jpeg,E:\Main project\Batch 15\dataset\DME NORMAL\NORMAL-540664-11.jpeg,DME NORMAL
NORMAL-540664-3.jpeg,E:\Main project\Batch 15\dataset\DME NORMAL\NORMAL-540664-3.jpeg,DME NORMAL
NORMAL-5418199-10.jpeg,E:\Main project\Batch 15\dataset\DME NORMAL\NORMAL-5418199-10.jpeg,DME NORMAL
NORMAL-5434248-34.jpeg,E:\Main project\Batch 15\dataset\DME NORMAL\NORMAL-5434248-34.jpeg,DME NORMAL
NORMAL-5456379-5.jpeg,E:\Main project\Batch 15\dataset\DME NORMAL\NORMAL-5456379-5.jpeg,DME NORMAL
NORMAL-5497895-2.jpeg,E:\Main project\Batch 15\dataset\DME NORMAL\NORMAL-5497895-2.jpeg,DME NORMAL
NORMAL-5523023-8.jpeg,E:\Main project\Batch 15\dataset\DME NORMAL\NORMAL-5523023-8.jpeg,DME NORMAL
NORMAL-5543644-4.jpeg,E:\Main project\Batch 15\dataset\DME NORMAL\NORMAL-5543644-4.jpeg,DME NORMAL
NORMAL-5556592-8.jpeg,E:\Main project\Batch 15\dataset\DME NORMAL\NORMAL-5556592-8.jpeg,DME NORMAL
NORMAL-5565028-2.jpeg,E:\Main project\Batch 15\dataset\DME NORMAL\NORMAL-5565028-2.jpeg,DME NORMAL
NORMAL-5571744-21.jpeg,E:\Main project\Batch 15\dataset\DME NORMAL\NORMAL-5571744-21.jpeg,DME NORMAL
NORMAL-5587871-3.jpeg,E:\Main project\Batch 15\dataset\DME NORMAL\NORMAL-5587871-3.jpeg,DME NORMAL
NORMAL-5603828-14.jpeg,E:\Main project\Batch 15\dataset\DME NORMAL\NORMAL-5603828-14.jpeg,DME NORMAL
NORMAL-5606454-11.jpeg,E:\Main project\Batch 15\dataset\DME NORMAL\NORMAL-5606454-11.jpeg,DME NORMAL
NORMAL-5629799-17.jpeg,E:\Main project\Batch 15\dataset\DME NORMAL\NORMAL-5629799-17.jpeg,DME NORMAL
NORMAL-5629799-8.jpeg,E:\Main project\Batch 15\dataset\DME NORMAL\NORMAL-5629799-8.jpeg,DME NORMAL
NORMAL-5635835-3.jpeg,E:\Main project\Batch 15\dataset\DME NORMAL\NORMAL-5635835-3.jpeg,DME NORMAL
NORMAL-5641879-7.jpeg,E:\Main project\Batch 15\dataset\DME NORMAL\NORMAL-5641879-7.jpeg,DME NORMAL
NORMAL-5650175-11.jpeg,E:\Main project\Batch 15\dataset\DME NORMAL\NORMAL-5650175-11.jpeg,DME NORMAL
NORMAL-5650574-23.jpeg,E:\Main project\Batch 15\dataset\DME NORMAL\NORMAL-5650574-23.jpeg,DME NORMAL
NORMAL-5653202-4.jpeg,E:\Main project\Batch 15\dataset\DME NORMAL\NORMAL-5653202-4.jpeg,DME NORMAL
NORMAL-565818-6.jpeg,E:\Main project\Batch 15\dataset\DME NORMAL\NORMAL-565818-6.jpeg,DME NORMAL
NORMAL-5662419-3.jpeg,E:\Main project\Batch 15\dataset\DME NORMAL\NORMAL-5662419-3.jpeg,DME NORMAL
NORMAL-5689330-54.jpeg,E:\Main project\Batch 15\dataset\DME NORMAL\NORMAL-5689330-54.jpeg,DME NORMAL
NORMAL-5689330-59.jpeg,E:\Main project\Batch 15\dataset\DME NORMAL\NORMAL-5689330-59.jpeg,DME NORMAL
NORMAL-5697282-25.jpeg,E:\Main project\Batch 15\dataset\DME NORMAL\NORMAL-5697282-25.jpeg,DME NORMAL
NORMAL-5701332-5.jpeg,E:\Main project\Batch 15\dataset\DME NORMAL\NORMAL-5701332-5.jpeg,DME NORMAL
NORMAL-5706881-1.jpeg,E:\Main project\Batch 15\dataset\DME NORMAL\NORMAL-5706881-1.jpeg,DME NORMAL
NORMAL-5706881-22.jpeg,E:\Main project\Batch 15\dataset\DME NORMAL\NORMAL-5706881-22.jpeg,DME NORMAL
NORMAL-5710140-19.jpeg,E:\Main project\Batch 15\dataset\DME NORMAL\NORMAL-5710140-19.jpeg,DME NORMAL
NORMAL-571157-42.jpeg,E:\Main project\Batch 15\dataset\DME NORMAL\NORMAL-571157-42.jpeg,DME NORMAL
NORMAL-5713682-2.jpeg,E:\Main project\Batch 15\dataset\DME NORMAL\NORMAL-5713682-2.jpeg,DME NORMAL
NORMAL-5714726-24.jpeg,E:\Main project\Batch 15\dataset\DME NORMAL\NORMAL-5714726-24.jpeg,DME NORMAL
NORMAL-574960-6.jpeg,E:\Main project\Batch 15\dataset\DME NORMAL\NORMAL-574960-6.jpeg,DME NORMAL
NORMAL-5751927-7.jpeg,E:\Main project\Batch 15\dataset\DME NORMAL\NORMAL-5751927-7.jpeg,DME NORMAL
NORMAL-5754712-13.jpeg,E:\Main project\Batch 15\dataset\DME NORMAL\NORMAL-5754712-13.jpeg,DME NORMAL
NORMAL-5759698-1.jpeg,E:\Main project\Batch 15\dataset\DME NORMAL\NORMAL-5759698-1.jpeg,DME NORMAL
NORMAL-5759698-6.jpeg,E:\Main project\Batch 15\dataset\DME NORMAL\NORMAL-5759698-6.jpeg,DME NORMAL
NORMAL-5764171-14.jpeg,E:\Main project\Batch 15\dataset\DME NORMAL\NORMAL-5764171-14.jpeg,DME NORMAL
NORMAL-5765166-7.jpeg,E:\Main project\Batch 15\dataset\DME NORMAL\NORMAL-5765166-7.jpeg,DME NORMAL
NORMAL-5768195-39.jpeg,E:\Main project\Batch 15\dataset\DME NORMAL\NORMAL-5768195-39.jpeg,DME NORMAL
NORMAL-5768195-6.jpeg,E:\Main project\Batch 15\dataset\DME NORMAL\NORMAL-5768195-6.jpeg,DME NORMAL
NORMAL-5780360-5.jpeg,E:\Main project\Batch 15\dataset\DME NORMAL\NORMAL-5780360-5.jpeg,DME NORMAL
NORMAL-5781669-1.jpeg,E:\Main project\Batch 15\dataset\DME NORMAL\NORMAL-5781669-1.jpeg,DME NORMAL
NORMAL-5781669-7.jpeg,E:\Main project\Batch 15\dataset\DME NORMAL\NORMAL-5781669-7.jpeg,DME NORMAL
NORMAL-5782784-7.jpeg,E:\Main project\Batch 15\dataset\DME NORMAL\NORMAL-5782784-7.jpeg,DME NORMAL
NORMAL-5783190-8.jpeg,E:\Main project\Batch 15\dataset\DME NORMAL\NORMAL-5783190-8.jpeg,DME NORMAL
NORMAL-5792821-9.jpeg,E:\Main project\Batch 15\dataset\DME NORMAL\NORMAL-5792821-9.jpeg,DME NORMAL
NORMAL-5793268-3.jpeg,E:\Main project\Batch 15\dataset\DME NORMAL\NORMAL-5793268-3.jpeg,DME NORMAL
NORMAL-5793268-8.jpeg,E:\Main project\Batch 15\dataset\DME NORMAL\NORMAL-5793268-8.jpeg,DME NORMAL
NORMAL-5795443-1.jpeg,E:\Main project\Batch 15\dataset\DME NORMAL\NORMAL-5795443-1.jpeg,DME NORMAL
NORMAL-5796574-22.jpeg,E:\Main project\Batch 15\dataset\DME NORMAL\NORMAL-5796574-22.jpeg,DME NORMAL
NORMAL-5800257-4.jpeg,E:\Main project\Batch 15\dataset\DME NORMAL\NORMAL-5800257-4.jpeg,DME NORMAL
NORMAL-5800257-9.jpeg,E:\Main project\Batch 15\dataset\DME NORMAL\NORMAL-5800257-9.jpeg,DME NORMAL
NORMAL-5803849-10.jpeg,E:\Main project\Batch 15\dataset\DME NORMAL\NORMAL-5803849-10.jpeg,DME NORMAL
NORMAL-5807867-2.jpeg,E:\Main project\Batch 15\dataset\DME NORMAL\NORMAL-5807867-2.jpeg,DME NORMAL
NORMAL-5811118-34.jpeg,E:\Main project\Batch 15\dataset\DME NORMAL\NORMAL-5811118-34.jpeg,DME NORMAL
NORMAL-5811118-36.jpeg,E:\Main project\Batch 15\dataset\DME NORMAL\NORMAL-5811118-36.jpeg,DME NORMAL
NORMAL-5811118-38.jpeg,E:\Main project\Batch 15\dataset\DME NORMAL\NORMAL-5811118-38.jpeg,DME NORMAL
NORMAL-5821915-15.jpeg,E:\Main project\Batch 15\dataset\DME NORMAL\NORMAL-5821915-15.jpeg,DME NORMAL
NORMAL-5821915-4.jpeg,E:\Main project\Batch 15\dataset\DME NORMAL\NORMAL-5821915-4.jpeg,DME NORMAL
NORMAL-5823731-8.jpeg,E:\Main project\Batch 15\dataset\DME NORMAL\NORMAL-5823731-8.jpeg,DME NORMAL
NORMAL-5829102-1.jpeg,E:\Main project\Batch 15\dataset\DME NORMAL\NORMAL-5829102-1.jpeg,DME NORMAL
NORMAL-5830194-14.jpeg,E:\Main project\Batch 15\dataset\DME NORMAL\NORMAL-5830194-14.jpeg,DME NORMAL
NORMAL-583608-11.jpeg,E:\Main project\Batch 15\dataset\DME NORMAL\NORMAL-583608-11.jpeg,DME NORMAL
NORMAL-5850389-13.jpeg,E:\Main project\Batch 15\dataset\DME NORMAL\NORMAL-5850389-13.jpeg,DME NORMAL
NORMAL-5850389-31.jpeg,E:\Main project\Batch 15\dataset\DME NORMAL\NORMAL-5850389-31.jpeg,DME NORMAL
NORMAL-5850389-8.jpeg,E:\Main project\Batch 15\dataset\DME NORMAL\NORMAL-5850389-8.jpeg,DME NORMAL
NORMAL-5853049-4.jpeg,E:\Main project\Batch 15\dataset\DME NORMAL\NORMAL-5853049-4.jpeg,DME NORMAL
NORMAL-5855971-23.jpeg,E:\Main project\Batch 15\dataset\DME NORMAL\NORMAL-5855971-23.jpeg,DME NORMAL
NORMAL-5861347-7.jpeg,E:\Main project\Batch 15\dataset\DME NORMAL\NORMAL-5861347-7.jpeg,DME NORMAL
NORMAL-5882976-11.jpeg,E:\Main project\Batch 15\dataset\DME NORMAL\NORMAL-5882976-11.jpeg,DME NORMAL
NORMAL-5885363-13.jpeg,E:\Main project\Batch 15\dataset\DME NORMAL\NORMAL-5885363-13.jpeg,DME NORMAL
NORMAL-5891995-14.jpeg,E:\Main project\Batch 15\dataset\DME NORMAL\NORMAL-5891995-14.jpeg,DME NORMAL
NORMAL-5892113-30.jpeg,E:\Main project\Batch 15\dataset\DME NORMAL\NORMAL-5892113-30.jpeg,DME NORMAL
NORMAL-5892113-6.jpeg,E:\Main project\Batch 15\dataset\DME NORMAL\NORMAL-5892113-6.jpeg,DME NORMAL
NORMAL-5897930-1.jpeg,E:\Main project\Batch 15\dataset\DME NORMAL\NORMAL-5897930-1.jpeg,DME NORMAL
NORMAL-5912153-2.jpeg,E:\Main project\Batch 15\dataset\DME NORMAL\NORMAL-5912153-2.jpeg,DME NORMAL
NORMAL-5912867-6.jpeg,E:\Main project\Batch 15\dataset\DME NORMAL\NORMAL-5912867-6.jpeg,DME NORMAL
NORMAL-5942608-37.jpeg,E:\Main project\Batch 15\dataset\DME NORMAL\NORMAL-5942608-37.jpeg,DME NORMAL
NORMAL-5944037-11.jpeg,E:\Main project\Batch 15\dataset\DME NORMAL\NORMAL-5944037-11.jpeg,DME NORMAL
NORMAL-5947397-26.jpeg,E:\Main project\Batch 15\dataset\DME NORMAL\NORMAL-5947397-26.jpeg,DME NORMAL
NORMAL-5951809-15.jpeg,E:\Main project\Batch 15\dataset\DME NORMAL\NORMAL-5951809-15.jpeg,DME NORMAL
NORMAL-595517-11.jpeg,E:\Main project\Batch 15\dataset\DME NORMAL\NORMAL-595517-11.jpeg,DME NORMAL
NORMAL-5964640-15.jpeg,E:\Main project\Batch 15\dataset\DME NORMAL\NORMAL-5964640-15.jpeg,DME NORMAL
NORMAL-5970127-9.jpeg,E:\Main project\Batch 15\dataset\DME NORMAL\NORMAL-5970127-9.jpeg,DME NORMAL
NORMAL-5975636-3.jpeg,E:\Main project\Batch 15\dataset\DME NORMAL\NORMAL-5975636-3.jpeg,DME NORMAL
NORMAL-5981434-3.jpeg,E:\Main project\Batch 15\dataset\DME NORMAL\NORMAL-5981434-3.jpeg,DME NORMAL
NORMAL-5997818-9.jpeg,E:\Main project\Batch 15\dataset\DME NORMAL\NORMAL-5997818-9.jpeg,DME NORMAL
NORMAL-6002699-10.jpeg,E:\Main project\Batch 15\dataset\DME NORMAL\NORMAL-6002699-10.jpeg,DME NORMAL
NORMAL-6008790-4.jpeg,E:\Main project\Batch 15\dataset\DME NORMAL\NORMAL-6008790-4.jpeg,DME NORMAL
NORMAL-6010535-13.jpeg,E:\Main project\Batch 15\dataset\DME NORMAL\NORMAL-6010535-13.jpeg,DME NORMAL
NORMAL-6010773-24.jpeg,E:\Main project\Batch 15\dataset\DME NORMAL\NORMAL-6010773-24.jpeg,DME NORMAL
NORMAL-6022399-12.jpeg,E:\Main project\Batch 15\dataset\DME NORMAL\NORMAL-6022399-12.jpeg,DME NORMAL
NORMAL-6022399-8.jpeg,E:\Main project\Batch 15\dataset\DME NORMAL\NORMAL-6022399-8.jpeg,DME NORMAL
NORMAL-6042657-1.jpeg,E:\Main project\Batch 15\dataset\DME NORMAL\NORMAL-6042657-1.jpeg,DME NORMAL
NORMAL-6049764-18.jpeg,E:\Main project\Batch 15\dataset\DME NORMAL\NORMAL-6049764-18.jpeg,DME NORMAL
NORMAL-6058396-2.jpeg,E:\Main project\Batch 15\dataset\DME NORMAL\NORMAL-6058396-2.jpeg,DME NORMAL
NORMAL-6062528-4.jpeg,E:\Main project\Batch 15\dataset\DME NORMAL\NORMAL-6062528-4.jpeg,DME NORMAL
NORMAL-6070433-36.jpeg,E:\Main project\Batch 15\dataset\DME NORMAL\NORMAL-6070433-36.jpeg,DME NORMAL
NORMAL-6079950-11.jpeg,E:\Main project\Batch 15\dataset\DME NORMAL\NORMAL-6079950-11.jpeg,DME NORMAL
NORMAL-6093927-18.jpeg,E:\Main project\Batch 15\dataset\DME NORMAL\NORMAL-6093927-18.jpeg,DME NORMAL
NORMAL-6106886-5.jpeg,E:\Main project\Batch 15\dataset\DME NORMAL\NORMAL-6106886-5.jpeg,DME NORMAL
NORMAL-611027-2.jpeg,E:\Main project\Batch 15\dataset\DME NORMAL\NORMAL-611027-2.jpeg,DME NORMAL
NORMAL-611027-7.jpeg,E:\Main project\Batch 15\dataset\DME NORMAL\NORMAL-611027-7.jpeg,DME NORMAL
NORMAL-6116119-3.jpeg,E:\Main project\Batch 15\dataset\DME NORMAL\NORMAL-6116119-3.jpeg,DME NORMAL
NORMAL-6122825-13.jpeg,E:\Main project\Batch 15\dataset\DME NORMAL\NORMAL-6122825-13.jpeg,DME NORMAL
NORMAL-6125480-18.jpeg,E:\Main project\Batch 15\dataset\DME NORMAL\NORMAL-6125480-18.jpeg,DME NORMAL
NORMAL-6127613-6.jpeg,E:\Main project\Batch 15\dataset\DME NORMAL\NORMAL-6127613-6.jpeg,DME NORMAL
NORMAL-6127852-2.jpeg,E:\Main project\Batch 15\dataset\DME NORMAL\NORMAL-6127852-2.jpeg,DME NORMAL
NORMAL-6129007-2.jpeg,E:\Main project\Batch 15\dataset\DME NORMAL\NORMAL-6129007-2.jpeg,DME NORMAL
NORMAL-6138775-2.jpeg,E:\Main project\Batch 15\dataset\DME NORMAL\NORMAL-6138775-2.jpeg,DME NORMAL
NORMAL-6138775-7.jpeg,E:\Main project\Batch 15\dataset\DME NORMAL\NORMAL-6138775-7.jpeg,DME NORMAL
NORMAL-6142069-7.jpeg,E:\Main project\Batch 15\dataset\DME NORMAL\NORMAL-6142069-7.jpeg,DME NORMAL
NORMAL-6151003-21.jpeg,E:\Main project\Batch 15\dataset\DME NORMAL\NORMAL-6151003-21.jpeg,DME NORMAL
NORMAL-6170739-14.jpeg,E:\Main project\Batch 15\dataset\DME NORMAL\NORMAL-6170739-14.jpeg,DME NORMAL
NORMAL-6170739-4.jpeg,E:\Main project\Batch 15\dataset\DME NORMAL\NORMAL-6170739-4.jpeg,DME NORMAL
NORMAL-6171968-9.jpeg,E:\Main project\Batch 15\dataset\DME NORMAL\NORMAL-6171968-9.jpeg,DME NORMAL
NORMAL-6177239-12.jpeg,E:\Main project\Batch 15\dataset\DME NORMAL\NORMAL-6177239-12.jpeg,DME NORMAL
NORMAL-617956-7.jpeg,E:\Main project\Batch 15\dataset\DME NORMAL\NORMAL-617956-7.jpeg,DME NORMAL
NORMAL-6219392-8.jpeg,E:\Main project\Batch 15\dataset\DME NORMAL\NORMAL-6219392-8.jpeg,DME NORMAL
NORMAL-6255231-30.jpeg,E:\Main project\Batch 15\dataset\DME NORMAL\NORMAL-6255231-30.jpeg,DME NORMAL
NORMAL-6287686-7.jpeg,E:\Main project\Batch 15\dataset\DME NORMAL\NORMAL-6287686-7.jpeg,DME NORMAL
NORMAL-6305107-1.jpeg,E:\Main project\Batch 15\dataset\DME NORMAL\NORMAL-6305107-1.jpeg,DME NORMAL
NORMAL-6310873-3.jpeg,E:\Main project\Batch 15\dataset\DME NORMAL\NORMAL-6310873-3.jpeg,DME NORMAL
NORMAL-6310903-6.jpeg,E:\Main project\Batch 15\dataset\DME NORMAL\NORMAL-6310903-6.jpeg,DME NORMAL
NORMAL-6314137-4.jpeg,E:\Main project\Batch 15\dataset\DME NORMAL\NORMAL-6314137-4.jpeg,DME NORMAL
NORMAL-6318112-6.jpeg,E:\Main project\Batch 15\dataset\DME NORMAL\NORMAL-6318112-6.jpeg,DME NORMAL
NORMAL-6322574-11.jpeg,E:\Main project\Batch 15\dataset\DME NORMAL\NORMAL-6322574-11.jpeg,DME NORMAL
NORMAL-6355345-8.jpeg,E:\Main project\Batch 15\dataset\DME NORMAL\NORMAL-6355345-8.jpeg,DME NORMAL
NORMAL-6367943-15.jpeg,E:\Main project\Batch 15\dataset\DME NORMAL\NORMAL-6367943-15.jpeg,DME NORMAL
NORMAL-6368170-7.jpeg,E:\Main project\Batch 15\dataset\DME NORMAL\NORMAL-6368170-7.jpeg,DME NORMAL
NORMAL-6369482-46.jpeg,E:\Main project\Batch 15\dataset\DME NORMAL\NORMAL-6369482-46.jpeg,DME NORMAL
NORMAL-6376696-7.jpeg,E:\Main project\Batch 15\dataset\DME NORMAL\NORMAL-6376696-7.jpeg,DME NORMAL
NORMAL-6382600-1.jpeg,E:\Main project\Batch 15\dataset\DME NORMAL\NORMAL-6382600-1.jpeg,DME NORMAL
NORMAL-6382600-8.jpeg,E:\Main project\Batch 15\dataset\DME NORMAL\NORMAL-6382600-8.jpeg,DME NORMAL
NORMAL-6387026-18.jpeg,E:\Main project\Batch 15\dataset\DME NORMAL\NORMAL-6387026-18.jpeg,DME NORMAL
NORMAL-6387026-20.jpeg,E:\Main project\Batch 15\dataset\DME NORMAL\NORMAL-6387026-20.jpeg,DME NORMAL
NORMAL-6387026-7.jpeg,E:\Main project\Batch 15\dataset\DME NORMAL\NORMAL-6387026-7.jpeg,DME NORMAL
NORMAL-6389751-5.jpeg,E:\Main project\Batch 15\dataset\DME NORMAL\NORMAL-6389751-5.jpeg,DME NORMAL
NORMAL-6390275-33.jpeg,E:\Main project\Batch 15\dataset\DME NORMAL\NORMAL-6390275-33.jpeg,DME NORMAL
NORMAL-6392442-3.jpeg,E:\Main project\Batch 15\dataset\DME NORMAL\NORMAL-6392442-3.jpeg,DME NORMAL
NORMAL-6409089-27.jpeg,E:\Main project\Batch 15\dataset\DME NORMAL\NORMAL-6409089-27.jpeg,DME NORMAL
NORMAL-6418744-32.jpeg,E:\Main project\Batch 15\dataset\DME NORMAL\NORMAL-6418744-32.jpeg,DME NORMAL
NORMAL-6426359-3.jpeg,E:\Main project\Batch 15\dataset\DME NORMAL\NORMAL-6426359-3.jpeg,DME NORMAL
NORMAL-6428782-2.jpeg,E:\Main project\Batch 15\dataset\DME NORMAL\NORMAL-6428782-2.jpeg,DME NORMAL
NORMAL-6471279-12.jpeg,E:\Main project\Batch 15\dataset\DME NORMAL\NORMAL-6471279-12.jpeg,DME NORMAL
NORMAL-6472202-2.jpeg,E:\Main project\Batch 15\dataset\DME NORMAL\NORMAL-6472202-2.jpeg,DME NORMAL
NORMAL-6475221-6.jpeg,E:\Main project\Batch 15\dataset\DME NORMAL\NORMAL-6475221-6.jpeg,DME NORMAL
NORMAL-6479503-26.jpeg,E:\Main project\Batch 15\dataset\DME NORMAL\NORMAL-6479503-26.jpeg,DME NORMAL
NORMAL-6479503-33.jpeg,E:\Main project\Batch 15\dataset\DME NORMAL\NORMAL-6479503-33.jpeg,DME NORMAL
NORMAL-6486782-11.jpeg,E:\Main project\Batch 15\dataset\DME NORMAL\NORMAL-6486782-11.jpeg,DME NORMAL
NORMAL-6486782-8.jpeg,E:\Main project\Batch 15\dataset\DME NORMAL\NORMAL-6486782-8.jpeg,DME NORMAL
NORMAL-6503402-10.jpeg,E:\Main project\Batch 15\dataset\DME NORMAL\NORMAL-6503402-10.jpeg,DME NORMAL
NORMAL-6503441-12.jpeg,E:\Main project\Batch 15\dataset\DME NORMAL\NORMAL-6503441-12.jpeg,DME NORMAL
NORMAL-6503441-49.jpeg,E:\Main project\Batch 15\dataset\DME NORMAL\NORMAL-6503441-49.jpeg,DME NORMAL
NORMAL-6503441-52.jpeg,E:\Main project\Batch 15\dataset\DME NORMAL\NORMAL-6503441-52.jpeg,DME NORMAL
NORMAL-6508224-10.jpeg,E:\Main project\Batch 15\dataset\DME NORMAL\NORMAL-6508224-10.jpeg,DME NORMAL
NORMAL-6508749-12.jpeg,E:\Main project\Batch 15\dataset\DME NORMAL\NORMAL-6508749-12.jpeg,DME NORMAL
NORMAL-6544965-5.jpeg,E:\Main project\Batch 15\dataset\DME NORMAL\NORMAL-6544965-5.jpeg,DME NORMAL
NORMAL-6580495-21.jpeg,E:\Main project\Batch 15\dataset\DME NORMAL\NORMAL-6580495-21.jpeg,DME NORMAL
NORMAL-6585846-22.jpeg,E:\Main project\Batch 15\dataset\DME NORMAL\NORMAL-6585846-22.jpeg,DME NORMAL
NORMAL-6596483-7.jpeg,E:\Main project\Batch 15\dataset\DME NORMAL\NORMAL-6596483-7.jpeg,DME NORMAL
NORMAL-6607856-9.jpeg,E:\Main project\Batch 15\dataset\DME NORMAL\NORMAL-6607856-9.jpeg,DME NORMAL
NORMAL-6613186-11.jpeg,E:\Main project\Batch 15\dataset\DME NORMAL\NORMAL-6613186-11.jpeg,DME NORMAL
NORMAL-6613186-9.jpeg,E:\Main project\Batch 15\dataset\DME NORMAL\NORMAL-6613186-9.jpeg,DME NORMAL
NORMAL-6634656-5.jpeg,E:\Main project\Batch 15\dataset\DME NORMAL\NORMAL-6634656-5.jpeg,DME NORMAL
NORMAL-6663681-19.jpeg,E:\Main project\Batch 15\dataset\DME NORMAL\NORMAL-6663681-19.jpeg,DME NORMAL
NORMAL-6673988-9.jpeg,E:\Main project\Batch 15\dataset\DME NORMAL\NORMAL-6673988-9.jpeg,DME NORMAL
NORMAL-6677177-6.jpeg,E:\Main project\Batch 15\dataset\DME NORMAL\NORMAL-6677177-6.jpeg,DME NORMAL
NORMAL-6691467-1.jpeg,E:\Main project\Batch 15\dataset\DME NORMAL\NORMAL-6691467-1.jpeg,DME NORMAL
NORMAL-6697130-6.jpeg,E:\Main project\Batch 15\dataset\DME NORMAL\NORMAL-6697130-6.jpeg,DME NORMAL
NORMAL-6740767-10.jpeg,E:\Main project\Batch 15\dataset\DME NORMAL\NORMAL-6740767-10.jpeg,DME NORMAL
NORMAL-6741102-8.jpeg,E:\Main project\Batch 15\dataset\DME NORMAL\NORMAL-6741102-8.jpeg,DME NORMAL
NORMAL-6765435-18.jpeg,E:\Main project\Batch 15\dataset\DME NORMAL\NORMAL-6765435-18.jpeg,DME NORMAL
NORMAL-6765435-2.jpeg,E:\Main project\Batch 15\dataset\DME NORMAL\NORMAL-6765435-2.jpeg,DME NORMAL
NORMAL-6765435-3.jpeg,E:\Main project\Batch 15\dataset\DME NORMAL\NORMAL-6765435-3.jpeg,DME NORMAL
NORMAL-6780592-15.jpeg,E:\Main project\Batch 15\dataset\DME NORMAL\NORMAL-6780592-15.jpeg,DME NORMAL
NORMAL-6813847-1.jpeg,E:\Main project\Batch 15\dataset\DME NORMAL\NORMAL-6813847-1.jpeg,DME NORMAL
NORMAL-6830356-6.jpeg,E:\Main project\Batch 15\dataset\DME NORMAL\NORMAL-6830356-6.jpeg,DME NORMAL
NORMAL-6851127-1.jpeg,E:\Main project\Batch 15\dataset\DME NORMAL\NORMAL-6851127-1.jpeg,DME NORMAL
NORMAL-6915555-7.jpeg,E:\Main project\Batch 15\dataset\DME NORMAL\NORMAL-6915555-7.jpeg,DME NORMAL
NORMAL-6915555-9.jpeg,E:\Main project\Batch 15\dataset\DME NORMAL\NORMAL-6915555-9.jpeg,DME NORMAL
NORMAL-692554-15.jpeg,E:\Main project\Batch 15\dataset\DME NORMAL\NORMAL-692554-15.jpeg,DME NORMAL
NORMAL-6933604-6.jpeg,E:\Main project\Batch 15\dataset\DME NORMAL\NORMAL-6933604-6.jpeg,DME NORMAL
NORMAL-6962137-1.jpeg,E:\Main project\Batch 15\dataset\DME NORMAL\NORMAL-6962137-1.jpeg,DME NORMAL
NORMAL-698877-1.jpeg,E:\Main project\Batch 15\dataset\DME NORMAL\NORMAL-698877-1.jpeg,DME NORMAL
NORMAL-7006427-6.jpeg,E:\Main project\Batch 15\dataset\DME NORMAL\NORMAL-7006427-6.jpeg,DME NORMAL
NORMAL-7006805-23.jpeg,E:\Main project\Batch 15\dataset\DME NORMAL\NORMAL-7006805-23.jpeg,DME NORMAL
NORMAL-7006805-7.jpeg,E:\Main project\Batch 15\dataset\DME NORMAL\NORMAL-7006805-7.jpeg,DME NORMAL
NORMAL-7009609-7.jpeg,E:\Main project\Batch 15\dataset\DME NORMAL\NORMAL-7009609-7.jpeg,DME NORMAL
NORMAL-7016407-5.jpeg,E:\Main project\Batch 15\dataset\DME NORMAL\NORMAL-7016407-5.jpeg,DME NORMAL
NORMAL-701919-6.jpeg,E:\Main project\Batch 15\dataset\DME NORMAL\NORMAL-701919-6.jpeg,DME NORMAL
NORMAL-7021113-4.jpeg,E:\Main project\Batch 15\dataset\DME NORMAL\NORMAL-7021113-4.jpeg,DME NORMAL
NORMAL-7021113-8.jpeg,E:\Main project\Batch 15\dataset\DME NORMAL\NORMAL-7021113-8.jpeg,DME NORMAL
NORMAL-7022812-16.jpeg,E:\Main project\Batch 15\dataset\DME NORMAL\NORMAL-7022812-16.jpeg,DME NORMAL
NORMAL-7026057-10.jpeg,E:\Main project\Batch 15\dataset\DME NORMAL\NORMAL-7026057-10.jpeg,DME NORMAL
NORMAL-7027094-5.jpeg,E:\Main project\Batch 15\dataset\DME NORMAL\NORMAL-7027094-5.jpeg,DME NORMAL
NORMAL-7032460-10.jpeg,E:\Main project\Batch 15\dataset\DME NORMAL\NORMAL-7032460-10.jpeg,DME NORMAL
NORMAL-7065460-8.jpeg,E:\Main project\Batch 15\dataset\DME NORMAL\NORMAL-7065460-8.jpeg,DME NORMAL
NORMAL-7069911-4.jpeg,E:\Main project\Batch 15\dataset\DME NORMAL\NORMAL-7069911-4.jpeg,DME NORMAL
NORMAL-7073986-8.jpeg,E:\Main project\Batch 15\dataset\DME NORMAL\NORMAL-7073986-8.jpeg,DME NORMAL
NORMAL-7075459-12.jpeg,E:\Main project\Batch 15\dataset\DME NORMAL\NORMAL-7075459-12.jpeg,DME NORMAL
NORMAL-7076479-13.jpeg,E:\Main project\Batch 15\dataset\DME NORMAL\NORMAL-7076479-13.jpeg,DME NORMAL
NORMAL-7107710-1.jpeg,E:\Main project\Batch 15\dataset\DME NORMAL\NORMAL-7107710-1.jpeg,DME NORMAL
NORMAL-7116488-9.jpeg,E:\Main project\Batch 15\dataset\DME NORMAL\NORMAL-7116488-9.jpeg,DME NORMAL
NORMAL-7140666-3.jpeg,E:\Main project\Batch 15\dataset\DME NORMAL\NORMAL-7140666-3.jpeg,DME NORMAL
NORMAL-7149708-7.jpeg,E:\Main project\Batch 15\dataset\DME NORMAL\NORMAL-7149708-7.jpeg,DME NORMAL
NORMAL-7154222-13.jpeg,E:\Main project\Batch 15\dataset\DME NORMAL\NORMAL-7154222-13.jpeg,DME NORMAL
NORMAL-7159742-27.jpeg,E:\Main project\Batch 15\dataset\DME NORMAL\NORMAL-7159742-27.jpeg,DME NORMAL
NORMAL-7161736-2.jpeg,E:\Main project\Batch 15\dataset\DME NORMAL\NORMAL-7161736-2.jpeg,DME NORMAL
NORMAL-7163852-13.jpeg,E:\Main project\Batch 15\dataset\DME NORMAL\NORMAL-7163852-13.jpeg,DME NORMAL
NORMAL-7163852-32.jpeg,E:\Main project\Batch 15\dataset\DME NORMAL\NORMAL-7163852-32.jpeg,DME NORMAL
NORMAL-7166129-2.jpeg,E:\Main project\Batch 15\dataset\DME NORMAL\NORMAL-7166129-2.jpeg,DME NORMAL
NORMAL-7170951-12.jpeg,E:\Main project\Batch 15\dataset\DME NORMAL\NORMAL-7170951-12.jpeg,DME NORMAL
NORMAL-7172708-10.jpeg,E:\Main project\Batch 15\dataset\DME NORMAL\NORMAL-7172708-10.jpeg,DME NORMAL
NORMAL-7178628-6.jpeg,E:\Main project\Batch 15\dataset\DME NORMAL\NORMAL-7178628-6.jpeg,DME NORMAL
NORMAL-7194085-16.jpeg,E:\Main project\Batch 15\dataset\DME NORMAL\NORMAL-7194085-16.jpeg,DME NORMAL
NORMAL-7194085-21.jpeg,E:\Main project\Batch 15\dataset\DME NORMAL\NORMAL-7194085-21.jpeg,DME NORMAL
NORMAL-7194085-28.jpeg,E:\Main project\Batch 15\dataset\DME NORMAL\NORMAL-7194085-28.jpeg,DME NORMAL
NORMAL-7194085-8.jpeg,E:\Main project\Batch 15\dataset\DME NORMAL\NORMAL-7194085-8.jpeg,DME NORMAL
NORMAL-7228182-5.jpeg,E:\Main project\Batch 15\dataset\DME NORMAL\NORMAL-7228182-5.jpeg,DME NORMAL
NORMAL-7230730-4.jpeg,E:\Main project\Batch 15\dataset\DME NORMAL\NORMAL-7230730-4.jpeg,DME NORMAL
NORMAL-7251699-4.jpeg,E:\Main project\Batch 15\dataset\DME NORMAL\NORMAL-7251699-4.jpeg,DME NORMAL
NORMAL-7263901-1.jpeg,E:\Main project\Batch 15\dataset\DME NORMAL\NORMAL-7263901-1.jpeg,DME NORMAL
NORMAL-7297509-17.jpeg,E:\Main project\Batch 15\dataset\DME NORMAL\NORMAL-7297509-17.jpeg,DME NORMAL
NORMAL-7297509-18.jpeg,E:\Main project\Batch 15\dataset\DME NORMAL\NORMAL-7297509-18.jpeg,DME NORMAL
NORMAL-7304913-6.jpeg,E:\Main project\Batch 15\dataset\DME NORMAL\NORMAL-7304913-6.jpeg,DME NORMAL
NORMAL-7306673-15.jpeg,E:\Main project\Batch 15\dataset\DME NORMAL\NORMAL-7306673-15.jpeg,DME NORMAL
NORMAL-7314596-16.jpeg,E:\Main project\Batch 15\dataset\DME NORMAL\NORMAL-7314596-16.jpeg,DME NORMAL
NORMAL-7314596-6.jpeg,E:\Main project\Batch 15\dataset\DME NORMAL\NORMAL-7314596-6.jpeg,DME NORMAL
NORMAL-7319607-9.jpeg,E:\Main project\Batch 15\dataset\DME NORMAL\NORMAL-7319607-9.jpeg,DME NORMAL
NORMAL-7325223-20.jpeg,E:\Main project\Batch 15\dataset\DME NORMAL\NORMAL-7325223-20.jpeg,DME NORMAL
NORMAL-7328898-10.jpeg,E:\Main project\Batch 15\dataset\DME NORMAL\NORMAL-7328898-10.jpeg,DME NORMAL
NORMAL-734382-1.jpeg,E:\Main project\Batch 15\dataset\DME NORMAL\NORMAL-734382-1.jpeg,DME NORMAL
NORMAL-7386656-28.jpeg,E:\Main project\Batch 15\dataset\DME NORMAL\NORMAL-7386656-28.jpeg,DME NORMAL
NORMAL-7386656-29.jpeg,E:\Main project\Batch 15\dataset\DME NORMAL\NORMAL-7386656-29.jpeg,DME NORMAL
NORMAL-7404398-24.jpeg,E:\Main project\Batch 15\dataset\DME NORMAL\NORMAL-7404398-24.jpeg,DME NORMAL
NORMAL-7416717-5.jpeg,E:\Main project\Batch 15\dataset\DME NORMAL\NORMAL-7416717-5.jpeg,DME NORMAL
NORMAL-7422996-1.jpeg,E:\Main project\Batch 15\dataset\DME NORMAL\NORMAL-7422996-1.jpeg,DME NORMAL
NORMAL-7423922-5.jpeg,E:\Main project\Batch 15\dataset\DME NORMAL\NORMAL-7423922-5.jpeg,DME NORMAL
NORMAL-7426053-2.jpeg,E:\Main project\Batch 15\dataset\DME NORMAL\NORMAL-7426053-2.jpeg,DME NORMAL
NORMAL-7434518-5.jpeg,E:\Main project\Batch 15\dataset\DME NORMAL\NORMAL-7434518-5.jpeg,DME NORMAL
NORMAL-7435839-37.jpeg,E:\Main project\Batch 15\dataset\DME NORMAL\NORMAL-7435839-37.jpeg,DME NORMAL
NORMAL-744709-15.jpeg,E:\Main project\Batch 15\dataset\DME NORMAL\NORMAL-744709-15.jpeg,DME NORMAL
NORMAL-7454872-2.jpeg,E:\Main project\Batch 15\dataset\DME NORMAL\NORMAL-7454872-2.jpeg,DME NORMAL
NORMAL-7467815-17.jpeg,E:\Main project\Batch 15\dataset\DME NORMAL\NORMAL-7467815-17.jpeg,DME NORMAL
NORMAL-7469235-4.jpeg,E:\Main project\Batch 15\dataset\DME NORMAL\NORMAL-7469235-4.jpeg,DME NORMAL
NORMAL-7481937-29.jpeg,E:\Main project\Batch 15\dataset\DME NORMAL\NORMAL-7481937-29.jpeg,DME NORMAL
NORMAL-7494801-9.jpeg,E:\Main project\Batch 15\dataset\DME NORMAL\NORMAL-7494801-9.jpeg,DME NORMAL
NORMAL-7536081-21.jpeg,E:\Main project\Batch 15\dataset\DME NORMAL\NORMAL-7536081-21.jpeg,DME NORMAL
NORMAL-7557222-1.jpeg,E:\Main project\Batch 15\dataset\DME NORMAL\NORMAL-7557222-1.jpeg,DME NORMAL
NORMAL-7558323-23.jpeg,E:\Main project\Batch 15\dataset\DME NORMAL\NORMAL-7558323-23.jpeg,DME NORMAL
NORMAL-7558688-19.jpeg,E:\Main project\Batch 15\dataset\DME NORMAL\NORMAL-7558688-19.jpeg,DME NORMAL
NORMAL-7565307-8.jpeg,E:\Main project\Batch 15\dataset\DME NORMAL\NORMAL-7565307-8.jpeg,DME NORMAL
NORMAL-7570194-3.jpeg,E:\Main project\Batch 15\dataset\DME NORMAL\NORMAL-7570194-3.jpeg,DME NORMAL
NORMAL-7575008-5.jpeg,E:\Main project\Batch 15\dataset\DME NORMAL\NORMAL-7575008-5.jpeg,DME NORMAL
NORMAL-7581667-4.jpeg,E:\Main project\Batch 15\dataset\DME NORMAL\NORMAL-7581667-4.jpeg,DME NORMAL
NORMAL-7585414-24.jpeg,E:\Main project\Batch 15\dataset\DME NORMAL\NORMAL-7585414-24.jpeg,DME NORMAL
NORMAL-7591008-42.jpeg,E:\Main project\Batch 15\dataset\DME NORMAL\NORMAL-7591008-42.jpeg,DME NORMAL
NORMAL-7591008-9.jpeg,E:\Main project\Batch 15\dataset\DME NORMAL\NORMAL-7591008-9.jpeg,DME NORMAL
NORMAL-7604641-35.jpeg,E:\Main project\Batch 15\dataset\DME NORMAL\NORMAL-7604641-35.jpeg,DME NORMAL
NORMAL-7607790-2.jpeg,E:\Main project\Batch 15\dataset\DME NORMAL\NORMAL-7607790-2.jpeg,DME NORMAL
NORMAL-7625780-26.jpeg,E:\Main project\Batch 15\dataset\DME NORMAL\NORMAL-7625780-26.jpeg,DME NORMAL
NORMAL-7626651-9.jpeg,E:\Main project\Batch 15\dataset\DME NORMAL\NORMAL-7626651-9.jpeg,DME NORMAL
NORMAL-7631116-5.jpeg,E:\Main project\Batch 15\dataset\DME NORMAL\NORMAL-7631116-5.jpeg,DME NORMAL
NORMAL-7636208-10.jpeg,E:\Main project\Batch 15\dataset\DME NORMAL\NORMAL-7636208-10.jpeg,DME NORMAL
NORMAL-7639824-3.jpeg,E:\Main project\Batch 15\dataset\DME NORMAL\NORMAL-7639824-3.jpeg,DME NORMAL
NORMAL-7655354-10.jpeg,E:\Main project\Batch 15\dataset\DME NORMAL\NORMAL-7655354-10.jpeg,DME NORMAL
NORMAL-7664214-8.jpeg,E:\Main project\Batch 15\dataset\DME NORMAL\NORMAL-7664214-8.jpeg,DME NORMAL
NORMAL-7664234-1.jpeg,E:\Main project\Batch 15\dataset\DME NORMAL\NORMAL-7664234-1.jpeg,DME NORMAL
NORMAL-7672453-16.jpeg,E:\Main project\Batch 15\dataset\DME NORMAL\NORMAL-7672453-16.jpeg,DME NORMAL
NORMAL-7672453-38.jpeg,E:\Main project\Batch 15\dataset\DME NORMAL\NORMAL-7672453-38.jpeg,DME NORMAL
NORMAL-7679898-9.jpeg,E:\Main project\Batch 15\dataset\DME NORMAL\NORMAL-7679898-9.jpeg,DME NORMAL
NORMAL-7681735-4.jpeg,E:\Main project\Batch 15\dataset\DME NORMAL\NORMAL-7681735-4.jpeg,DME NORMAL
NORMAL-7686260-6.jpeg,E:\Main project\Batch 15\dataset\DME NORMAL\NORMAL-7686260-6.jpeg,DME NORMAL
NORMAL-7687093-11.jpeg,E:\Main project\Batch 15\dataset\DME NORMAL\NORMAL-7687093-11.jpeg,DME NORMAL
NORMAL-7696697-7.jpeg,E:\Main project\Batch 15\dataset\DME NORMAL\NORMAL-7696697-7.jpeg,DME NORMAL
NORMAL-7698367-10.jpeg,E:\Main project\Batch 15\dataset\DME NORMAL\NORMAL-7698367-10.jpeg,DME NORMAL
NORMAL-7701826-13.jpeg,E:\Main project\Batch 15\dataset\DME NORMAL\NORMAL-7701826-13.jpeg,DME NORMAL
NORMAL-7716352-10.jpeg,E:\Main project\Batch 15\dataset\DME NORMAL\NORMAL-7716352-10.jpeg,DME NORMAL
NORMAL-7728023-21.jpeg,E:\Main project\Batch 15\dataset\DME NORMAL\NORMAL-7728023-21.jpeg,DME NORMAL
NORMAL-7734632-15.jpeg,E:\Main project\Batch 15\dataset\DME NORMAL\NORMAL-7734632-15.jpeg,DME NORMAL
NORMAL-7747492-4.jpeg,E:\Main project\Batch 15\dataset\DME NORMAL\NORMAL-7747492-4.jpeg,DME NORMAL
NORMAL-7749619-4.jpeg,E:\Main project\Batch 15\dataset\DME NORMAL\NORMAL-7749619-4.jpeg,DME NORMAL
NORMAL-7763727-12.jpeg,E:\Main project\Batch 15\dataset\DME NORMAL\NORMAL-7763727-12.jpeg,DME NORMAL
NORMAL-777736-10.jpeg,E:\Main project\Batch 15\dataset\DME NORMAL\NORMAL-777736-10.jpeg,DME NORMAL
NORMAL-7777927-8.jpeg,E:\Main project\Batch 15\dataset\DME NORMAL\NORMAL-7777927-8.jpeg,DME NORMAL
NORMAL-7780589-26.jpeg,E:\Main project\Batch 15\dataset\DME NORMAL\NORMAL-7780589-26.jpeg,DME NORMAL
NORMAL-7793610-52.jpeg,E:\Main project\Batch 15\dataset\DME NORMAL\NORMAL-7793610-52.jpeg,DME NORMAL
NORMAL-7795254-4.jpeg,E:\Main project\Batch 15\dataset\DME NORMAL\NORMAL-7795254-4.jpeg,DME NORMAL
NORMAL-7824109-7.jpeg,E:\Main project\Batch 15\dataset\DME NORMAL\NORMAL-7824109-7.jpeg,DME NORMAL
NORMAL-7829919-5.jpeg,E:\Main project\Batch 15\dataset\DME NORMAL\NORMAL-7829919-5.jpeg,DME NORMAL
NORMAL-7829919-9.jpeg,E:\Main project\Batch 15\dataset\DME NORMAL\NORMAL-7829919-9.jpeg,DME NORMAL
NORMAL-7839428-22.jpeg,E:\Main project\Batch 15\dataset\DME NORMAL\NORMAL-7839428-22.jpeg,DME NORMAL
NORMAL-7843550-1.jpeg,E:\Main project\Batch 15\dataset\DME NORMAL\NORMAL-7843550-1.jpeg,DME NORMAL
NORMAL-7860515-27.jpeg,E:\Main project\Batch 15\dataset\DME NORMAL\NORMAL-7860515-27.jpeg,DME NORMAL
NORMAL-7861343-7.jpeg,E:\Main project\Batch 15\dataset\DME NORMAL\NORMAL-7861343-7.jpeg,DME NORMAL
NORMAL-7871676-16.jpeg,E:\Main project\Batch 15\dataset\DME NORMAL\NORMAL-7871676-16.jpeg,DME NORMAL
NORMAL-7905364-6.jpeg,E:\Main project\Batch 15\dataset\DME NORMAL\NORMAL-7905364-6.jpeg,DME NORMAL
NORMAL-7905364-8.jpeg,E:\Main project\Batch 15\dataset\DME NORMAL\NORMAL-7905364-8.jpeg,DME NORMAL
NORMAL-7915149-2.jpeg,E:\Main project\Batch 15\dataset\DME NORMAL\NORMAL-7915149-2.jpeg,DME NORMAL
NORMAL-7928636-12.jpeg,E:\Main project\Batch 15\dataset\DME NORMAL\NORMAL-7928636-12.jpeg,DME NORMAL
NORMAL-7929603-10.jpeg,E:\Main project\Batch 15\dataset\DME NORMAL\NORMAL-7929603-10.jpeg,DME NORMAL
NORMAL-7934335-28.jpeg,E:\Main project\Batch 15\dataset\DME NORMAL\NORMAL-7934335-28.jpeg,DME NORMAL
NORMAL-7938317-1.jpeg,E:\Main project\Batch 15\dataset\DME NORMAL\NORMAL-7938317-1.jpeg,DME NORMAL
NORMAL-7944746-13.jpeg,E:\Main project\Batch 15\dataset\DME NORMAL\NORMAL-7944746-13.jpeg,DME NORMAL
NORMAL-7949823-8.jpeg,E:\Main project\Batch 15\dataset\DME NORMAL\NORMAL-7949823-8.jpeg,DME NORMAL
NORMAL-7949823-9.jpeg,E:\Main project\Batch 15\dataset\DME NORMAL\NORMAL-7949823-9.jpeg,DME NORMAL
NORMAL-7950284-7.jpeg,E:\Main project\Batch 15\dataset\DME NORMAL\NORMAL-7950284-7.jpeg,DME NORMAL
NORMAL-7954935-5.jpeg,E:\Main project\Batch 15\dataset\DME NORMAL\NORMAL-7954935-5.jpeg,DME NORMAL
NORMAL-7973089-5.jpeg,E:\Main project\Batch 15\dataset\DME NORMAL\NORMAL-7973089-5.jpeg,DME NORMAL
NORMAL-7988812-3.jpeg,E:\Main project\Batch 15\dataset\DME NORMAL\NORMAL-7988812-3.jpeg,DME NORMAL
NORMAL-7990905-23.jpeg,E:\Main project\Batch 15\dataset\DME NORMAL\NORMAL-7990905-23.jpeg,DME NORMAL
NORMAL-8008155-40.jpeg,E:\Main project\Batch 15\dataset\DME NORMAL\NORMAL-8008155-40.jpeg,DME NORMAL
NORMAL-8008155-51.jpeg,E:\Main project\Batch 15\dataset\DME NORMAL\NORMAL-8008155-51.jpeg,DME NORMAL
NORMAL-8008155-52.jpeg,E:\Main project\Batch 15\dataset\DME NORMAL\NORMAL-8008155-52.jpeg,DME NORMAL
NORMAL-8019452-10.jpeg,E:\Main project\Batch 15\dataset\DME NORMAL\NORMAL-8019452-10.jpeg,DME NORMAL
NORMAL-8027454-26.jpeg,E:\Main project\Batch 15\dataset\DME NORMAL\NORMAL-8027454-26.jpeg,DME NORMAL
NORMAL-8028852-5.jpeg,E:\Main project\Batch 15\dataset\DME NORMAL\NORMAL-8028852-5.jpeg,DME NORMAL
NORMAL-8039155-18.jpeg,E:\Main project\Batch 15\dataset\DME NORMAL\NORMAL-8039155-18.jpeg,DME NORMAL
NORMAL-804113-9.jpeg,E:\Main project\Batch 15\dataset\DME NORMAL\NORMAL-804113-9.jpeg,DME NORMAL
NORMAL-8073694-5.jpeg,E:\Main project\Batch 15\dataset\DME NORMAL\NORMAL-8073694-5.jpeg,DME NORMAL
NORMAL-8073694-9.jpeg,E:\Main project\Batch 15\dataset\DME NORMAL\NORMAL-8073694-9.jpeg,DME NORMAL
NORMAL-8076847-22.jpeg,E:\Main project\Batch 15\dataset\DME NORMAL\NORMAL-8076847-22.jpeg,DME NORMAL
NORMAL-8077316-17.jpeg,E:\Main project\Batch 15\dataset\DME NORMAL\NORMAL-8077316-17.jpeg,DME NORMAL
NORMAL-8080003-7.jpeg,E:\Main project\Batch 15\dataset\DME NORMAL\NORMAL-8080003-7.jpeg,DME NORMAL
NORMAL-8085297-3.jpeg,E:\Main project\Batch 15\dataset\DME NORMAL\NORMAL-8085297-3.jpeg,DME NORMAL
NORMAL-8085297-5.jpeg,E:\Main project\Batch 15\dataset\DME NORMAL\NORMAL-8085297-5.jpeg,DME NORMAL
NORMAL-8099138-3.jpeg,E:\Main project\Batch 15\dataset\DME NORMAL\NORMAL-8099138-3.jpeg,DME NORMAL
NORMAL-8105228-3.jpeg,E:\Main project\Batch 15\dataset\DME NORMAL\NORMAL-8105228-3.jpeg,DME NORMAL
NORMAL-8120352-3.jpeg,E:\Main project\Batch 15\dataset\DME NORMAL\NORMAL-8120352-3.jpeg,DME NORMAL
NORMAL-8138543-11.jpeg,E:\Main project\Batch 15\dataset\DME NORMAL\NORMAL-8138543-11.jpeg,DME NORMAL
NORMAL-8139834-9.jpeg,E:\Main project\Batch 15\dataset\DME NORMAL\NORMAL-8139834-9.jpeg,DME NORMAL
NORMAL-814275-3.jpeg,E:\Main project\Batch 15\dataset\DME NORMAL\NORMAL-814275-3.jpeg,DME NORMAL
NORMAL-8151491-1.jpeg,E:\Main project\Batch 15\dataset\DME NORMAL\NORMAL-8151491-1.jpeg,DME NORMAL
NORMAL-8159582-6.jpeg,E:\Main project\Batch 15\dataset\DME NORMAL\NORMAL-8159582-6.jpeg,DME NORMAL
NORMAL-8163120-22.jpeg,E:\Main project\Batch 15\dataset\DME NORMAL\NORMAL-8163120-22.jpeg,DME NORMAL
NORMAL-8166720-7.jpeg,E:\Main project\Batch 15\dataset\DME NORMAL\NORMAL-8166720-7.jpeg,DME NORMAL
NORMAL-8182220-6.jpeg,E:\Main project\Batch 15\dataset\DME NORMAL\NORMAL-8182220-6.jpeg,DME NORMAL
NORMAL-8182220-7.jpeg,E:\Main project\Batch 15\dataset\DME NORMAL\NORMAL-8182220-7.jpeg,DME NORMAL
NORMAL-8182664-4.jpeg,E:\Main project\Batch 15\dataset\DME NORMAL\NORMAL-8182664-4.jpeg,DME NORMAL
NORMAL-8182813-1.jpeg,E:\Main project\Batch 15\dataset\DME NORMAL\NORMAL-8182813-1.jpeg,DME NORMAL
NORMAL-8184974-14.jpeg,E:\Main project\Batch 15\dataset\DME NORMAL\NORMAL-8184974-14.jpeg,DME NORMAL
NORMAL-8184974-29.jpeg,E:\Main project\Batch 15\dataset\DME NORMAL\NORMAL-8184974-29.jpeg,DME NORMAL
NORMAL-8192995-18.jpeg,E:\Main project\Batch 15\dataset\DME NORMAL\NORMAL-8192995-18.jpeg,DME NORMAL
NORMAL-8207512-4.jpeg,E:\Main project\Batch 15\dataset\DME NORMAL\NORMAL-8207512-4.jpeg,DME NORMAL
NORMAL-825774-11.jpeg,E:\Main project\Batch 15\dataset\DME NORMAL\NORMAL-825774-11.jpeg,DME NORMAL
NORMAL-825774-3.jpeg,E:\Main project\Batch 15\dataset\DME NORMAL\NORMAL-825774-3.jpeg,DME NORMAL
NORMAL-8320281-4.jpeg,E:\Main project\Batch 15\dataset\DME NORMAL\NORMAL-8320281-4.jpeg,DME NORMAL
NORMAL-8433456-12.jpeg,E:\Main project\Batch 15\dataset\DME NORMAL\NORMAL-8433456-12.jpeg,DME NORMAL
NORMAL-846427-6.jpeg,E:\Main project\Batch 15\dataset\DME NORMAL\NORMAL-846427-6.jpeg,DME NORMAL
NORMAL-8472707-22.jpeg,E:\Main project\Batch 15\dataset\DME NORMAL\NORMAL-8472707-22.jpeg,DME NORMAL
NORMAL-8474778-10.jpeg,E:\Main project\Batch 15\dataset\DME NORMAL\NORMAL-8474778-10.jpeg,DME NORMAL
NORMAL-8474778-6.jpeg,E:\Main project\Batch 15\dataset\DME NORMAL\NORMAL-8474778-6.jpeg,DME NORMAL
NORMAL-8480965-15.jpeg,E:\Main project\Batch 15\dataset\DME NORMAL\NORMAL-8480965-15.jpeg,DME NORMAL
NORMAL-849417-5.jpeg,E:\Main project\Batch 15\dataset\DME NORMAL\NORMAL-849417-5.jpeg,DME NORMAL
NORMAL-8499406-15.jpeg,E:\Main project\Batch 15\dataset\DME NORMAL\NORMAL-8499406-15.jpeg,DME NORMAL
NORMAL-8511178-1.jpeg,E:\Main project\Batch 15\dataset\DME NORMAL\NORMAL-8511178-1.jpeg,DME NORMAL
NORMAL-8511178-15.jpeg,E:\Main project\Batch 15\dataset\DME NORMAL\NORMAL-8511178-15.jpeg,DME NORMAL
NORMAL-8556306-20.jpeg,E:\Main project\Batch 15\dataset\DME NORMAL\NORMAL-8556306-20.jpeg,DME NORMAL
NORMAL-8562231-10.jpeg,E:\Main project\Batch 15\dataset\DME NORMAL\NORMAL-8562231-10.jpeg,DME NORMAL
NORMAL-8580249-8.jpeg,E:\Main project\Batch 15\dataset\DME NORMAL\NORMAL-8580249-8.jpeg,DME NORMAL
NORMAL-8588023-24.jpeg,E:\Main project\Batch 15\dataset\DME NORMAL\NORMAL-8588023-24.jpeg,DME NORMAL
NORMAL-8600957-20.jpeg,E:\Main project\Batch 15\dataset\DME NORMAL\NORMAL-8600957-20.jpeg,DME NORMAL
NORMAL-8600957-7.jpeg,E:\Main project\Batch 15\dataset\DME NORMAL\NORMAL-8600957-7.jpeg,DME NORMAL
NORMAL-8618467-15.jpeg,E:\Main project\Batch 15\dataset\DME NORMAL\NORMAL-8618467-15.jpeg,DME NORMAL
NORMAL-8618467-17.jpeg,E:\Main project\Batch 15\dataset\DME NORMAL\NORMAL-8618467-17.jpeg,DME NORMAL
NORMAL-8618467-23.jpeg,E:\Main project\Batch 15\dataset\DME NORMAL\NORMAL-8618467-23.jpeg,DME NORMAL
NORMAL-8621669-2.jpeg,E:\Main project\Batch 15\dataset\DME NORMAL\NORMAL-8621669-2.jpeg,DME NORMAL
NORMAL-86240-2.jpeg,E:\Main project\Batch 15\dataset\DME NORMAL\NORMAL-86240-2.jpeg,DME NORMAL
NORMAL-8631451-10.jpeg,E:\Main project\Batch 15\dataset\DME NORMAL\NORMAL-8631451-10.jpeg,DME NORMAL
NORMAL-8635355-11.jpeg,E:\Main project\Batch 15\dataset\DME NORMAL\NORMAL-8635355-11.jpeg,DME NORMAL
NORMAL-8685431-12.jpeg,E:\Main project\Batch 15\dataset\DME NORMAL\NORMAL-8685431-12.jpeg,DME NORMAL
NORMAL-8738660-28.jpeg,E:\Main project\Batch 15\dataset\DME NORMAL\NORMAL-8738660-28.jpeg,DME NORMAL
NORMAL-8747676-7.jpeg,E:\Main project\Batch 15\dataset\DME NORMAL\NORMAL-8747676-7.jpeg,DME NORMAL
NORMAL-8756791-38.jpeg,E:\Main project\Batch 15\dataset\DME NORMAL\NORMAL-8756791-38.jpeg,DME NORMAL
NORMAL-876285-30.jpeg,E:\Main project\Batch 15\dataset\DME NORMAL\NORMAL-876285-30.jpeg,DME NORMAL
NORMAL-8770743-2.jpeg,E:\Main project\Batch 15\dataset\DME NORMAL\NORMAL-8770743-2.jpeg,DME NORMAL
NORMAL-8838274-8.jpeg,E:\Main project\Batch 15\dataset\DME NORMAL\NORMAL-8838274-8.jpeg,DME NORMAL
NORMAL-887015-3.jpeg,E:\Main project\Batch 15\dataset\DME NORMAL\NORMAL-887015-3.jpeg,DME NORMAL
NORMAL-8871445-50.jpeg,E:\Main project\Batch 15\dataset\DME NORMAL\NORMAL-8871445-50.jpeg,DME NORMAL
NORMAL-8876424-26.jpeg,E:\Main project\Batch 15\dataset\DME NORMAL\NORMAL-8876424-26.jpeg,DME NORMAL
NORMAL-8876424-3.jpeg,E:\Main project\Batch 15\dataset\DME NORMAL\NORMAL-8876424-3.jpeg,DME NORMAL
NORMAL-8877854-25.jpeg,E:\Main project\Batch 15\dataset\DME NORMAL\NORMAL-8877854-25.jpeg,DME NORMAL
NORMAL-8888668-15.jpeg,E:\Main project\Batch 15\dataset\DME NORMAL\NORMAL-8888668-15.jpeg,DME NORMAL
NORMAL-8889771-4.jpeg,E:\Main project\Batch 15\dataset\DME NORMAL\NORMAL-8889771-4.jpeg,DME NORMAL
NORMAL-8891082-5.jpeg,E:\Main project\Batch 15\dataset\DME NORMAL\NORMAL-8891082-5.jpeg,DME NORMAL
NORMAL-8897341-23.jpeg,E:\Main project\Batch 15\dataset\DME NORMAL\NORMAL-8897341-23.jpeg,DME NORMAL
NORMAL-8940575-7.jpeg,E:\Main project\Batch 15\dataset\DME NORMAL\NORMAL-8940575-7.jpeg,DME NORMAL
NORMAL-8942724-13.jpeg,E:\Main project\Batch 15\dataset\DME NORMAL\NORMAL-8942724-13.jpeg,DME NORMAL
NORMAL-8942724-19.jpeg,E:\Main project\Batch 15\dataset\DME NORMAL\NORMAL-8942724-19.jpeg,DME NORMAL
NORMAL-8943932-10.jpeg,E:\Main project\Batch 15\dataset\DME NORMAL\NORMAL-8943932-10.jpeg,DME NORMAL
NORMAL-8944458-5.jpeg,E:\Main project\Batch 15\dataset\DME NORMAL\NORMAL-8944458-5.jpeg,DME NORMAL
NORMAL-894515-5.jpeg,E:\Main project\Batch 15\dataset\DME NORMAL\NORMAL-894515-5.jpeg,DME NORMAL
NORMAL-8949824-6.jpeg,E:\Main project\Batch 15\dataset\DME NORMAL\NORMAL-8949824-6.jpeg,DME NORMAL
NORMAL-8954210-5.jpeg,E:\Main project\Batch 15\dataset\DME NORMAL\NORMAL-8954210-5.jpeg,DME NORMAL
NORMAL-8957096-21.jpeg,E:\Main project\Batch 15\dataset\DME NORMAL\NORMAL-8957096-21.jpeg,DME NORMAL
NORMAL-8959810-8.jpeg,E:\Main project\Batch 15\dataset\DME NORMAL\NORMAL-8959810-8.jpeg,DME NORMAL
NORMAL-8970108-19.jpeg,E:\Main project\Batch 15\dataset\DME NORMAL\NORMAL-8970108-19.jpeg,DME NORMAL
NORMAL-8970108-23.jpeg,E:\Main project\Batch 15\dataset\DME NORMAL\NORMAL-8970108-23.jpeg,DME NORMAL
NORMAL-8970108-8.jpeg,E:\Main project\Batch 15\dataset\DME NORMAL\NORMAL-8970108-8.jpeg,DME NORMAL
NORMAL-8970381-18.jpeg,E:\Main project\Batch 15\dataset\DME NORMAL\NORMAL-8970381-18.jpeg,DME NORMAL
NORMAL-8970381-46.jpeg,E:\Main project\Batch 15\dataset\DME NORMAL\NORMAL-8970381-46.jpeg,DME NORMAL
NORMAL-8976331-8.jpeg,E:\Main project\Batch 15\dataset\DME NORMAL\NORMAL-8976331-8.jpeg,DME NORMAL
NORMAL-8985078-2.jpeg,E:\Main project\Batch 15\dataset\DME NORMAL\NORMAL-8985078-2.jpeg,DME NORMAL
NORMAL-8994356-23.jpeg,E:\Main project\Batch 15\dataset\DME NORMAL\NORMAL-8994356-23.jpeg,DME NORMAL
NORMAL-8999827-25.jpeg,E:\Main project\Batch 15\dataset\DME NORMAL\NORMAL-8999827-25.jpeg,DME NORMAL
NORMAL-8999827-58.jpeg,E:\Main project\Batch 15\dataset\DME NORMAL\NORMAL-8999827-58.jpeg,DME NORMAL
NORMAL-9014378-4.jpeg,E:\Main project\Batch 15\dataset\DME NORMAL\NORMAL-9014378-4.jpeg,DME NORMAL
NORMAL-9029825-6.jpeg,E:\Main project\Batch 15\dataset\DME NORMAL\NORMAL-9029825-6.jpeg,DME NORMAL
NORMAL-9045771-5.jpeg,E:\Main project\Batch 15\dataset\DME NORMAL\NORMAL-9045771-5.jpeg,DME NORMAL
NORMAL-9054040-12.jpeg,E:\Main project\Batch 15\dataset\DME NORMAL\NORMAL-9054040-12.jpeg,DME NORMAL
NORMAL-9054040-41.jpeg,E:\Main project\Batch 15\dataset\DME NORMAL\NORMAL-9054040-41.jpeg,DME NORMAL
NORMAL-9054040-8.jpeg,E:\Main project\Batch 15\dataset\DME NORMAL\NORMAL-9054040-8.jpeg,DME NORMAL
NORMAL-9064061-10.jpeg,E:\Main project\Batch 15\dataset\DME NORMAL\NORMAL-9064061-10.jpeg,DME NORMAL
NORMAL-9084414-1.jpeg,E:\Main project\Batch 15\dataset\DME NORMAL\NORMAL-9084414-1.jpeg,DME NORMAL
NORMAL-9103640-3.jpeg,E:\Main project\Batch 15\dataset\DME NORMAL\NORMAL-9103640-3.jpeg,DME NORMAL
NORMAL-9122179-10.jpeg,E:\Main project\Batch 15\dataset\DME NORMAL\NORMAL-9122179-10.jpeg,DME NORMAL
NORMAL-9122179-17.jpeg,E:\Main project\Batch 15\dataset\DME NORMAL\NORMAL-9122179-17.jpeg,DME NORMAL
NORMAL-9122396-5.jpeg,E:\Main project\Batch 15\dataset\DME NORMAL\NORMAL-9122396-5.jpeg,DME NORMAL
NORMAL-9126051-3.jpeg,E:\Main project\Batch 15\dataset\DME NORMAL\NORMAL-9126051-3.jpeg,DME NORMAL
NORMAL-9154592-9.jpeg,E:\Main project\Batch 15\dataset\DME NORMAL\NORMAL-9154592-9.jpeg,DME NORMAL
NORMAL-9158948-1.jpeg,E:\Main project\Batch 15\dataset\DME NORMAL\NORMAL-9158948-1.jpeg,DME NORMAL
NORMAL-9160999-3.jpeg,E:\Main project\Batch 15\dataset\DME NORMAL\NORMAL-9160999-3.jpeg,DME NORMAL
NORMAL-9162817-4.jpeg,E:\Main project\Batch 15\dataset\DME NORMAL\NORMAL-9162817-4.jpeg,DME NORMAL
NORMAL-9164130-1.jpeg,E:\Main project\Batch 15\dataset\DME NORMAL\NORMAL-9164130-1.jpeg,DME NORMAL
NORMAL-9176624-9.jpeg,E:\Main project\Batch 15\dataset\DME NORMAL\NORMAL-9176624-9.jpeg,DME NORMAL
NORMAL-9176932-6.jpeg,E:\Main project\Batch 15\dataset\DME NORMAL\NORMAL-9176932-6.jpeg,DME NORMAL
NORMAL-9176975-4.jpeg,E:\Main project\Batch 15\dataset\DME NORMAL\NORMAL-9176975-4.jpeg,DME NORMAL
NORMAL-9178079-3.jpeg,E:\Main project\Batch 15\dataset\DME NORMAL\NORMAL-9178079-3.jpeg,DME NORMAL
NORMAL-9181076-8.jpeg,E:\Main project\Batch 15\dataset\DME NORMAL\NORMAL-9181076-8.jpeg,DME NORMAL
NORMAL-9183302-17.jpeg,E:\Main project\Batch 15\dataset\DME NORMAL\NORMAL-9183302-17.jpeg,DME NORMAL
NORMAL-9194489-9.jpeg,E:\Main project\Batch 15\dataset\DME NORMAL\NORMAL-9194489-9.jpeg,DME NORMAL
NORMAL-9200900-9.jpeg,E:\Main project\Batch 15\dataset\DME NORMAL\NORMAL-9200900-9.jpeg,DME NORMAL
NORMAL-9202975-5.jpeg,E:\Main project\Batch 15\dataset\DME NORMAL\NORMAL-9202975-5.jpeg,DME NORMAL
NORMAL-9215613-8.jpeg,E:\Main project\Batch 15\dataset\DME NORMAL\NORMAL-9215613-8.jpeg,DME NORMAL
NORMAL-9217961-14.jpeg,E:\Main project\Batch 15\dataset\DME NORMAL\NORMAL-9217961-14.jpeg,DME NORMAL
NORMAL-9218595-6.jpeg,E:\Main project\Batch 15\dataset\DME NORMAL\NORMAL-9218595-6.jpeg,DME NORMAL
NORMAL-9219561-9.jpeg,E:\Main project\Batch 15\dataset\DME NORMAL\NORMAL-9219561-9.jpeg,DME NORMAL
NORMAL-9232014-4.jpeg,E:\Main project\Batch 15\dataset\DME NORMAL\NORMAL-9232014-4.jpeg,DME NORMAL
NORMAL-9240933-12.jpeg,E:\Main project\Batch 15\dataset\DME NORMAL\NORMAL-9240933-12.jpeg,DME NORMAL
NORMAL-9240933-13.jpeg,E:\Main project\Batch 15\dataset\DME NORMAL\NORMAL-9240933-13.jpeg,DME NORMAL
NORMAL-9285606-12.jpeg,E:\Main project\Batch 15\dataset\DME NORMAL\NORMAL-9285606-12.jpeg,DME NORMAL
NORMAL-9285606-42.jpeg,E:\Main project\Batch 15\dataset\DME NORMAL\NORMAL-9285606-42.jpeg,DME NORMAL
NORMAL-9287173-4.jpeg,E:\Main project\Batch 15\dataset\DME NORMAL\NORMAL-9287173-4.jpeg,DME NORMAL
NORMAL-9300053-18.jpeg,E:\Main project\Batch 15\dataset\DME NORMAL\NORMAL-9300053-18.jpeg,DME NORMAL
NORMAL-9319151-3.jpeg,E:\Main project\Batch 15\dataset\DME NORMAL\NORMAL-9319151-3.jpeg,DME NORMAL
NORMAL-9321707-30.jpeg,E:\Main project\Batch 15\dataset\DME NORMAL\NORMAL-9321707-30.jpeg,DME NORMAL
NORMAL-9334909-1.jpeg,E:\Main project\Batch 15\dataset\DME NORMAL\NORMAL-9334909-1.jpeg,DME NORMAL
NORMAL-9361825-10.jpeg,E:\Main project\Batch 15\dataset\DME NORMAL\NORMAL-9361825-10.jpeg,DME NORMAL
NORMAL-9366531-2.jpeg,E:\Main project\Batch 15\dataset\DME NORMAL\NORMAL-9366531-2.jpeg,DME NORMAL
NORMAL-936901-4.jpeg,E:\Main project\Batch 15\dataset\DME NORMAL\NORMAL-936901-4.jpeg,DME NORMAL
NORMAL-9383892-9.jpeg,E:\Main project\Batch 15\dataset\DME NORMAL\NORMAL-9383892-9.jpeg,DME NORMAL
NORMAL-9393174-11.jpeg,E:\Main project\Batch 15\dataset\DME NORMAL\NORMAL-9393174-11.jpeg,DME NORMAL
NORMAL-9393174-21.jpeg,E:\Main project\Batch 15\dataset\DME NORMAL\NORMAL-9393174-21.jpeg,DME NORMAL
NORMAL-9405346-4.jpeg,E:\Main project\Batch 15\dataset\DME NORMAL\NORMAL-9405346-4.jpeg,DME NORMAL
NORMAL-9405748-29.jpeg,E:\Main project\Batch 15\dataset\DME NORMAL\NORMAL-9405748-29.jpeg,DME NORMAL
NORMAL-942975-10.jpeg,E:\Main project\Batch 15\dataset\DME NORMAL\NORMAL-942975-10.jpeg,DME NORMAL
NORMAL-942975-13.jpeg,E:\Main project\Batch 15\dataset\DME NORMAL\NORMAL-942975-13.jpeg,DME NORMAL
NORMAL-9437652-16.jpeg,E:\Main project\Batch 15\dataset\DME NORMAL\NORMAL-9437652-16.jpeg,DME NORMAL
NORMAL-9442577-8.jpeg,E:\Main project\Batch 15\dataset\DME NORMAL\NORMAL-9442577-8.jpeg,DME NORMAL
NORMAL-9453329-42.jpeg,E:\Main project\Batch 15\dataset\DME NORMAL\NORMAL-9453329-42.jpeg,DME NORMAL
NORMAL-9474396-2.jpeg,E:\Main project\Batch 15\dataset\DME NORMAL\NORMAL-9474396-2.jpeg,DME NORMAL
NORMAL-9474513-13.jpeg,E:\Main project\Batch 15\dataset\DME NORMAL\NORMAL-9474513-13.jpeg,DME NORMAL
NORMAL-9479381-16.jpeg,E:\Main project\Batch 15\dataset\DME NORMAL\NORMAL-9479381-16.jpeg,DME NORMAL
NORMAL-9482216-7.jpeg,E:\Main project\Batch 15\dataset\DME NORMAL\NORMAL-9482216-7.jpeg,DME NORMAL
NORMAL-9490249-11.jpeg,E:\Main project\Batch 15\dataset\DME NORMAL\NORMAL-9490249-11.jpeg,DME NORMAL
NORMAL-9490249-25.jpeg,E:\Main project\Batch 15\dataset\DME NORMAL\NORMAL-9490249-25.jpeg,DME NORMAL
NORMAL-9490249-49.jpeg,E:\Main project\Batch 15\dataset\DME NORMAL\NORMAL-9490249-49.jpeg,DME NORMAL
NORMAL-9495273-5.jpeg,E:\Main project\Batch 15\dataset\DME NORMAL\NORMAL-9495273-5.jpeg,DME NORMAL
NORMAL-9504920-6.jpeg,E:\Main project\Batch 15\dataset\DME NORMAL\NORMAL-9504920-6.jpeg,DME NORMAL
NORMAL-9508764-2.jpeg,E:\Main project\Batch 15\dataset\DME NORMAL\NORMAL-9508764-2.jpeg,DME NORMAL
NORMAL-9546378-2.jpeg,E:\Main project\Batch 15\dataset\DME NORMAL\NORMAL-9546378-2.jpeg,DME NORMAL
NORMAL-9547158-21.jpeg,E:\Main project\Batch 15\dataset\DME NORMAL\NORMAL-9547158-21.jpeg,DME NORMAL
NORMAL-9557298-28.jpeg,E:\Main project\Batch 15\dataset\DME NORMAL\NORMAL-9557298-28.jpeg,DME NORMAL
NORMAL-9560492-8.jpeg,E:\Main project\Batch 15\dataset\DME NORMAL\NORMAL-9560492-8.jpeg,DME NORMAL
NORMAL-9563024-10.jpeg,E:\Main project\Batch 15\dataset\DME NORMAL\NORMAL-9563024-10.jpeg,DME NORMAL
NORMAL-9563024-18.jpeg,E:\Main project\Batch 15\dataset\DME NORMAL\NORMAL-9563024-18.jpeg,DME NORMAL
NORMAL-9574134-4.jpeg,E:\Main project\Batch 15\dataset\DME NORMAL\NORMAL-9574134-4.jpeg,DME NORMAL
NORMAL-9600743-5.jpeg,E:\Main project\Batch 15\dataset\DME NORMAL\NORMAL-9600743-5.jpeg,DME NORMAL
NORMAL-9624582-8.jpeg,E:\Main project\Batch 15\dataset\DME NORMAL\NORMAL-9624582-8.jpeg,DME NORMAL
NORMAL-9645632-11.jpeg,E:\Main project\Batch 15\dataset\DME NORMAL\NORMAL-9645632-11.jpeg,DME NORMAL
NORMAL-9645632-14.jpeg,E:\Main project\Batch 15\dataset\DME NORMAL\NORMAL-9645632-14.jpeg,DME NORMAL
NORMAL-9645632-15.jpeg,E:\Main project\Batch 15\dataset\DME NORMAL\NORMAL-9645632-15.jpeg,DME NORMAL
NORMAL-965494-6.jpeg,E:\Main project\Batch 15\dataset\DME NORMAL\NORMAL-965494-6.jpeg,DME NORMAL
NORMAL-9656462-23.jpeg,E:\Main project\Batch 15\dataset\DME NORMAL\NORMAL-9656462-23.jpeg,DME NORMAL
NORMAL-9660862-18.jpeg,E:\Main project\Batch 15\dataset\DME NORMAL\NORMAL-9660862-18.jpeg,DME NORMAL
NORMAL-9662583-13.jpeg,E:\Main project\Batch 15\dataset\DME NORMAL\NORMAL-9662583-13.jpeg,DME NORMAL
NORMAL-9681451-4.jpeg,E:\Main project\Batch 15\dataset\DME NORMAL\NORMAL-9681451-4.jpeg,DME NORMAL
NORMAL-9681451-9.jpeg,E:\Main project\Batch 15\dataset\DME NORMAL\NORMAL-9681451-9.jpeg,DME NORMAL
NORMAL-9724745-7.jpeg,E:\Main project\Batch 15\dataset\DME NORMAL\NORMAL-9724745-7.jpeg,DME NORMAL
NORMAL-9749710-19.jpeg,E:\Main project\Batch 15\dataset\DME NORMAL\NORMAL-9749710-19.jpeg,DME NORMAL
NORMAL-9751424-5.jpeg,E:\Main project\Batch 15\dataset\DME NORMAL\NORMAL-9751424-5.jpeg,DME NORMAL
NORMAL-9757616-8.jpeg,E:\Main project\Batch 15\dataset\DME NORMAL\NORMAL-9757616-8.jpeg,DME NORMAL
NORMAL-9774756-14.jpeg,E:\Main project\Batch 15\dataset\DME NORMAL\NORMAL-9774756-14.jpeg,DME NORMAL
NORMAL-9774756-8.jpeg,E:\Main project\Batch 15\dataset\DME NORMAL\NORMAL-9774756-8.jpeg,DME NORMAL
NORMAL-9776999-1.jpeg,E:\Main project\Batch 15\dataset\DME NORMAL\NORMAL-9776999-1.jpeg,DME NORMAL
NORMAL-9780861-1.jpeg,E:\Main project\Batch 15\dataset\DME NORMAL\NORMAL-9780861-1.jpeg,DME NORMAL
NORMAL-9782509-18.jpeg,E:\Main project\Batch 15\dataset\DME NORMAL\NORMAL-9782509-18.jpeg,DME NORMAL
NORMAL-9800208-6.jpeg,E:\Main project\Batch 15\dataset\DME NORMAL\NORMAL-9800208-6.jpeg,DME NORMAL
NORMAL-9812420-1.jpeg,E:\Main project\Batch 15\dataset\DME NORMAL\NORMAL-9812420-1.jpeg,DME NORMAL
NORMAL-9812420-27.jpeg,E:\Main project\Batch 15\dataset\DME NORMAL\NORMAL-9812420-27.jpeg,DME NORMAL
NORMAL-9838169-2.jpeg,E:\Main project\Batch 15\dataset\DME NORMAL\NORMAL-9838169-2.jpeg,DME NORMAL
NORMAL-9852643-18.jpeg,E:\Main project\Batch 15\dataset\DME NORMAL\NORMAL-9852643-18.jpeg,DME NORMAL
NORMAL-9860259-6.jpeg,E:\Main project\Batch 15\dataset\DME NORMAL\NORMAL-9860259-6.jpeg,DME NORMAL
NORMAL-9874675-5.jpeg,E:\Main project\Batch 15\dataset\DME NORMAL\NORMAL-9874675-5.jpeg,DME NORMAL
NORMAL-98841-2.jpeg,E:\Main project\Batch 15\dataset\DME NORMAL\NORMAL-98841-2.jpeg,DME NORMAL
NORMAL-9892928-12.jpeg,E:\Main project\Batch 15\dataset\DME NORMAL\NORMAL-9892928-12.jpeg,DME NORMAL
NORMAL-9905701-13.jpeg,E:\Main project\Batch 15\dataset\DME NORMAL\NORMAL-9905701-13.jpeg,DME NORMAL
NORMAL-9914652-2.jpeg,E:\Main project\Batch 15\dataset\DME NORMAL\NORMAL-9914652-2.jpeg,DME NORMAL
NORMAL-9920916-9.jpeg,E:\Main project\Batch 15\dataset\DME NORMAL\NORMAL-9920916-9.jpeg,DME NORMAL
NORMAL-9940248-6.jpeg,E:\Main project\Batch 15\dataset\DME NORMAL\NORMAL-9940248-6.jpeg,DME NORMAL
NORMAL-9949496-11.jpeg,E:\Main project\Batch 15\dataset\DME NORMAL\NORMAL-9949496-11.jpeg,DME NORMAL
NORMAL-9961073-17.jpeg,E:\Main project\Batch 15\dataset\DME NORMAL\NORMAL-9961073-17.jpeg,DME NORMAL
NORMAL-9972304-9.jpeg,E:\Main project\Batch 15\dataset\DME NORMAL\NORMAL-9972304-9.jpeg,DME NORMAL
NORMAL-9990284-21.jpeg,E:\Main project\Batch 15\dataset\DME NORMAL\NORMAL-9990284-21.jpeg,DME NORMAL
NORMAL-9992270-14.jpeg,E:\Main project\Batch 15\dataset\DME NORMAL\NORMAL-9992270-14.jpeg,DME NORMAL
NORMAL-9992694-2.jpeg,E:\Main project\Batch 15\dataset\DME NORMAL\NORMAL-9992694-2.jpeg,DME NORMAL
NORMAL-9997680-2.jpeg,E:\Main project\Batch 15\dataset\DME NORMAL\NORMAL-9997680-2.jpeg,DME NORMAL
1020_left.jpg,E:\Main project\Batch 15\dataset\glaucoma\1020_left.jpg,glaucoma
1209_left.jpg,E:\Main project\Batch 15\dataset\glaucoma\1209_left.jpg,glaucoma
1209_right.jpg,E:\Main project\Batch 15\dataset\glaucoma\1209_right.jpg,glaucoma
1210_left.jpg,E:\Main project\Batch 15\dataset\glaucoma\1210_left.jpg,glaucoma
1210_right.jpg,E:\Main project\Batch 15\dataset\glaucoma\1210_right.jpg,glaucoma
1211_right.jpg,E:\Main project\Batch 15\dataset\glaucoma\1211_right.jpg,glaucoma
1212_left.jpg,E:\Main project\Batch 15\dataset\glaucoma\1212_left.jpg,glaucoma
1212_right.jpg,E:\Main project\Batch 15\dataset\glaucoma\1212_right.jpg,glaucoma
1213_left.jpg,E:\Main project\Batch 15\dataset\glaucoma\1213_left.jpg,glaucoma
1213_right.jpg,E:\Main project\Batch 15\dataset\glaucoma\1213_right.jpg,glaucoma
1214_right.jpg,E:\Main project\Batch 15\dataset\glaucoma\1214_right.jpg,glaucoma
1215_left.jpg,E:\Main project\Batch 15\dataset\glaucoma\1215_left.jpg,glaucoma
1215_right.jpg,E:\Main project\Batch 15\dataset\glaucoma\1215_right.jpg,glaucoma
1216_left.jpg,E:\Main project\Batch 15\dataset\glaucoma\1216_left.jpg,glaucoma
1216_right.jpg,E:\Main project\Batch 15\dataset\glaucoma\1216_right.jpg,glaucoma
1217_left.jpg,E:\Main project\Batch 15\dataset\glaucoma\1217_left.jpg,glaucoma
1217_right.jpg,E:\Main project\Batch 15\dataset\glaucoma\1217_right.jpg,glaucoma
1218_left.jpg,E:\Main project\Batch 15\dataset\glaucoma\1218_left.jpg,glaucoma
1218_right.jpg,E:\Main project\Batch 15\dataset\glaucoma\1218_right.jpg,glaucoma
1220_left.jpg,E:\Main project\Batch 15\dataset\glaucoma\1220_left.jpg,glaucoma
1220_right.jpg,E:\Main project\Batch 15\dataset\glaucoma\1220_right.jpg,glaucoma
1221_left.jpg,E:\Main project\Batch 15\dataset\glaucoma\1221_left.jpg,glaucoma
1221_right.jpg,E:\Main project\Batch 15\dataset\glaucoma\1221_right.jpg,glaucoma
1222_left.jpg,E:\Main project\Batch 15\dataset\glaucoma\1222_left.jpg,glaucoma
1222_right.jpg,E:\Main project\Batch 15\dataset\glaucoma\1222_right.jpg,glaucoma
1225_left.jpg,E:\Main project\Batch 15\dataset\glaucoma\1225_left.jpg,glaucoma
1225_right.jpg,E:\Main project\Batch 15\dataset\glaucoma\1225_right.jpg,glaucoma
1226_left.jpg,E:\Main project\Batch 15\dataset\glaucoma\1226_left.jpg,glaucoma
1226_right.jpg,E:\Main project\Batch 15\dataset\glaucoma\1226_right.jpg,glaucoma
1227_left.jpg,E:\Main project\Batch 15\dataset\glaucoma\1227_left.jpg,glaucoma
1227_right.jpg,E:\Main project\Batch 15\dataset\glaucoma\1227_right.jpg,glaucoma
1228_left.jpg,E:\Main project\Batch 15\dataset\glaucoma\1228_left.jpg,glaucoma
1229_left.jpg,E:\Main project\Batch 15\dataset\glaucoma\1229_left.jpg,glaucoma
1229_right.jpg,E:\Main project\Batch 15\dataset\glaucoma\1229_right.jpg,glaucoma
1230_left.jpg,E:\Main project\Batch 15\dataset\glaucoma\1230_left.jpg,glaucoma
1230_right.jpg,E:\Main project\Batch 15\dataset\glaucoma\1230_right.jpg,glaucoma
1231_left.jpg,E:\Main project\Batch 15\dataset\glaucoma\1231_left.jpg,glaucoma
1231_right.jpg,E:\Main project\Batch 15\dataset\glaucoma\1231_right.jpg,glaucoma
1232_left.jpg,E:\Main project\Batch 15\dataset\glaucoma\1232_left.jpg,glaucoma
1232_right.jpg,E:\Main project\Batch 15\dataset\glaucoma\1232_right.jpg,glaucoma
1234_left.jpg,E:\Main project\Batch 15\dataset\glaucoma\1234_left.jpg,glaucoma
1234_right.jpg,E:\Main project\Batch 15\dataset\glaucoma\1234_right.jpg,glaucoma
1237_left.jpg,E:\Main project\Batch 15\dataset\glaucoma\1237_left.jpg,glaucoma
1237_right.jpg,E:\Main project\Batch 15\dataset\glaucoma\1237_right.jpg,glaucoma
1238_right.jpg,E:\Main project\Batch 15\dataset\glaucoma\1238_right.jpg,glaucoma
1239_left.jpg,E:\Main project\Batch 15\dataset\glaucoma\1239_left.jpg,glaucoma
1239_right.jpg,E:\Main project\Batch 15\dataset\glaucoma\1239_right.jpg,glaucoma
1241_left.jpg,E:\Main project\Batch 15\dataset\glaucoma\1241_left.jpg,glaucoma
1241_right.jpg,E:\Main project\Batch 15\dataset\glaucoma\1241_right.jpg,glaucoma
1243_right.jpg,E:\Main project\Batch 15\dataset\glaucoma\1243_right.jpg,glaucoma
1246_left.jpg,E:\Main project\Batch 15\dataset\glaucoma\1246_left.jpg,glaucoma
1246_right.jpg,E:\Main project\Batch 15\dataset\glaucoma\1246_right.jpg,glaucoma
1247_left.jpg,E:\Main project\Batch 15\dataset\glaucoma\1247_left.jpg,glaucoma
1247_right.jpg,E:\Main project\Batch 15\dataset\glaucoma\1247_right.jpg,glaucoma
1248_left.jpg,E:\Main project\Batch 15\dataset\glaucoma\1248_left.jpg,glaucoma
1248_right.jpg,E:\Main project\Batch 15\dataset\glaucoma\1248_right.jpg,glaucoma
1251_left.jpg,E:\Main project\Batch 15\dataset\glaucoma\1251_left.jpg,glaucoma
1254_right.jpg,E:\Main project\Batch 15\dataset\glaucoma\1254_right.jpg,glaucoma
1255_left.jpg,E:\Main project\Batch 15\dataset\glaucoma\1255_left.jpg,glaucoma
1255_right.jpg,E:\Main project\Batch 15\dataset\glaucoma\1255_right.jpg,glaucoma
1256_left.jpg,E:\Main project\Batch 15\dataset\glaucoma\1256_left.jpg,glaucoma
1256_right.jpg,E:\Main project\Batch 15\dataset\glaucoma\1256_right.jpg,glaucoma
1258_left.jpg,E:\Main project\Batch 15\dataset\glaucoma\1258_left.jpg,glaucoma
1258_right.jpg,E:\Main project\Batch 15\dataset\glaucoma\1258_right.jpg,glaucoma
1259_left.jpg,E:\Main project\Batch 15\dataset\glaucoma\1259_left.jpg,glaucoma
1259_right.jpg,E:\Main project\Batch 15\dataset\glaucoma\1259_right.jpg,glaucoma
1260_left.jpg,E:\Main project\Batch 15\dataset\glaucoma\1260_left.jpg,glaucoma
1260_right.jpg,E:\Main project\Batch 15\dataset\glaucoma\1260_right.jpg,glaucoma
1261_left.jpg,E:\Main project\Batch 15\dataset\glaucoma\1261_left.jpg,glaucoma
1261_right.jpg,E:\Main project\Batch 15\dataset\glaucoma\1261_right.jpg,glaucoma
1263_right.jpg,E:\Main project\Batch 15\dataset\glaucoma\1263_right.jpg,glaucoma
1265_left.jpg,E:\Main project\Batch 15\dataset\glaucoma\1265_left.jpg,glaucoma
1265_right.jpg,E:\Main project\Batch 15\dataset\glaucoma\1265_right.jpg,glaucoma
1266_left.jpg,E:\Main project\Batch 15\dataset\glaucoma\1266_left.jpg,glaucoma
1266_right.jpg,E:\Main project\Batch 15\dataset\glaucoma\1266_right.jpg,glaucoma
1267_left.jpg,E:\Main project\Batch 15\dataset\glaucoma\1267_left.jpg,glaucoma
1267_right.jpg,E:\Main project\Batch 15\dataset\glaucoma\1267_right.jpg,glaucoma
1268_left.jpg,E:\Main project\Batch 15\dataset\glaucoma\1268_left.jpg,glaucoma
1268_right.jpg,E:\Main project\Batch 15\dataset\glaucoma\1268_right.jpg,glaucoma
1269_left.jpg,E:\Main project\Batch 15\dataset\glaucoma\1269_left.jpg,glaucoma
1269_right.jpg,E:\Main project\Batch 15\dataset\glaucoma\1269_right.jpg,glaucoma
1270_left.jpg,E:\Main project\Batch 15\dataset\glaucoma\1270_left.jpg,glaucoma
1270_right.jpg,E:\Main project\Batch 15\dataset\glaucoma\1270_right.jpg,glaucoma
1271_left.jpg,E:\Main project\Batch 15\dataset\glaucoma\1271_left.jpg,glaucoma
1271_right.jpg,E:\Main project\Batch 15\dataset\glaucoma\1271_right.jpg,glaucoma
1272_left.jpg,E:\Main project\Batch 15\dataset\glaucoma\1272_left.jpg,glaucoma
1272_right.jpg,E:\Main project\Batch 15\dataset\glaucoma\1272_right.jpg,glaucoma
1273_right.jpg,E:\Main project\Batch 15\dataset\glaucoma\1273_right.jpg,glaucoma
1276_left.jpg,E:\Main project\Batch 15\dataset\glaucoma\1276_left.jpg,glaucoma
1276_right.jpg,E:\Main project\Batch 15\dataset\glaucoma\1276_right.jpg,glaucoma
1277_left.jpg,E:\Main project\Batch 15\dataset\glaucoma\1277_left.jpg,glaucoma
1277_right.jpg,E:\Main project\Batch 15\dataset\glaucoma\1277_right.jpg,glaucoma
1279_left.jpg,E:\Main project\Batch 15\dataset\glaucoma\1279_left.jpg,glaucoma
1279_right.jpg,E:\Main project\Batch 15\dataset\glaucoma\1279_right.jpg,glaucoma
1280_left.jpg,E:\Main project\Batch 15\dataset\glaucoma\1280_left.jpg,glaucoma
1281_left.jpg,E:\Main project\Batch 15\dataset\glaucoma\1281_left.jpg,glaucoma
1281_right.jpg,E:\Main project\Batch 15\dataset\glaucoma\1281_right.jpg,glaucoma
1282_left.jpg,E:\Main project\Batch 15\dataset\glaucoma\1282_left.jpg,glaucoma
1282_right.jpg,E:\Main project\Batch 15\dataset\glaucoma\1282_right.jpg,glaucoma
1284_left.jpg,E:\Main project\Batch 15\dataset\glaucoma\1284_left.jpg,glaucoma
1284_right.jpg,E:\Main project\Batch 15\dataset\glaucoma\1284_right.jpg,glaucoma
1286_left.jpg,E:\Main project\Batch 15\dataset\glaucoma\1286_left.jpg,glaucoma
1286_right.jpg,E:\Main project\Batch 15\dataset\glaucoma\1286_right.jpg,glaucoma
1287_left.jpg,E:\Main project\Batch 15\dataset\glaucoma\1287_left.jpg,glaucoma
1287_right.jpg,E:\Main project\Batch 15\dataset\glaucoma\1287_right.jpg,glaucoma
1288_left.jpg,E:\Main project\Batch 15\dataset\glaucoma\1288_left.jpg,glaucoma
1288_right.jpg,E:\Main project\Batch 15\dataset\glaucoma\1288_right.jpg,glaucoma
1289_left.jpg,E:\Main project\Batch 15\dataset\glaucoma\1289_left.jpg,glaucoma
1289_right.jpg,E:\Main project\Batch 15\dataset\glaucoma\1289_right.jpg,glaucoma
1290_left.jpg,E:\Main project\Batch 15\dataset\glaucoma\1290_left.jpg,glaucoma
1290_right.jpg,E:\Main project\Batch 15\dataset\glaucoma\1290_right.jpg,glaucoma
1291_left.jpg,E:\Main project\Batch 15\dataset\glaucoma\1291_left.jpg,glaucoma
1291_right.jpg,E:\Main project\Batch 15\dataset\glaucoma\1291_right.jpg,glaucoma
1294_left.jpg,E:\Main project\Batch 15\dataset\glaucoma\1294_left.jpg,glaucoma
1294_right.jpg,E:\Main project\Batch 15\dataset\glaucoma\1294_right.jpg,glaucoma
1297_left.jpg,E:\Main project\Batch 15\dataset\glaucoma\1297_left.jpg,glaucoma
1297_right.jpg,E:\Main project\Batch 15\dataset\glaucoma\1297_right.jpg,glaucoma
1301_left.jpg,E:\Main project\Batch 15\dataset\glaucoma\1301_left.jpg,glaucoma
1301_right.jpg,E:\Main project\Batch 15\dataset\glaucoma\1301_right.jpg,glaucoma
1302_left.jpg,E:\Main project\Batch 15\dataset\glaucoma\1302_left.jpg,glaucoma
1302_right.jpg,E:\Main project\Batch 15\dataset\glaucoma\1302_right.jpg,glaucoma
1303_left.jpg,E:\Main project\Batch 15\dataset\glaucoma\1303_left.jpg,glaucoma
1306_left.jpg,E:\Main project\Batch 15\dataset\glaucoma\1306_left.jpg,glaucoma
1306_right.jpg,E:\Main project\Batch 15\dataset\glaucoma\1306_right.jpg,glaucoma
1307_left.jpg,E:\Main project\Batch 15\dataset\glaucoma\1307_left.jpg,glaucoma
1307_right.jpg,E:\Main project\Batch 15\dataset\glaucoma\1307_right.jpg,glaucoma
1309_left.jpg,E:\Main project\Batch 15\dataset\glaucoma\1309_left.jpg,glaucoma
1309_right.jpg,E:\Main project\Batch 15\dataset\glaucoma\1309_right.jpg,glaucoma
1314_left.jpg,E:\Main project\Batch 15\dataset\glaucoma\1314_left.jpg,glaucoma
1314_right.jpg,E:\Main project\Batch 15\dataset\glaucoma\1314_right.jpg,glaucoma
1318_left.jpg,E:\Main project\Batch 15\dataset\glaucoma\1318_left.jpg,glaucoma
1318_right.jpg,E:\Main project\Batch 15\dataset\glaucoma\1318_right.jpg,glaucoma
1319_right.jpg,E:\Main project\Batch 15\dataset\glaucoma\1319_right.jpg,glaucoma
1325_left.jpg,E:\Main project\Batch 15\dataset\glaucoma\1325_left.jpg,glaucoma
1325_right.jpg,E:\Main project\Batch 15\dataset\glaucoma\1325_right.jpg,glaucoma
1327_left.jpg,E:\Main project\Batch 15\dataset\glaucoma\1327_left.jpg,glaucoma
1327_right.jpg,E:\Main project\Batch 15\dataset\glaucoma\1327_right.jpg,glaucoma
1330_left.jpg,E:\Main project\Batch 15\dataset\glaucoma\1330_left.jpg,glaucoma
1330_right.jpg,E:\Main project\Batch 15\dataset\glaucoma\1330_right.jpg,glaucoma
1334_left.jpg,E:\Main project\Batch 15\dataset\glaucoma\1334_left.jpg,glaucoma
1334_right.jpg,E:\Main project\Batch 15\dataset\glaucoma\1334_right.jpg,glaucoma
1344_left.jpg,E:\Main project\Batch 15\dataset\glaucoma\1344_left.jpg,glaucoma
1344_right.jpg,E:\Main project\Batch 15\dataset\glaucoma\1344_right.jpg,glaucoma
1345_left.jpg,E:\Main project\Batch 15\dataset\glaucoma\1345_left.jpg,glaucoma
1345_right.jpg,E:\Main project\Batch 15\dataset\glaucoma\1345_right.jpg,glaucoma
1351_left.jpg,E:\Main project\Batch 15\dataset\glaucoma\1351_left.jpg,glaucoma
1351_right.jpg,E:\Main project\Batch 15\dataset\glaucoma\1351_right.jpg,glaucoma
1352_left.jpg,E:\Main project\Batch 15\dataset\glaucoma\1352_left.jpg,glaucoma
1352_right.jpg,E:\Main project\Batch 15\dataset\glaucoma\1352_right.jpg,glaucoma
1353_left.jpg,E:\Main project\Batch 15\dataset\glaucoma\1353_left.jpg,glaucoma
1353_right.jpg,E:\Main project\Batch 15\dataset\glaucoma\1353_right.jpg,glaucoma
1362_left.jpg,E:\Main project\Batch 15\dataset\glaucoma\1362_left.jpg,glaucoma
1362_right.jpg,E:\Main project\Batch 15\dataset\glaucoma\1362_right.jpg,glaucoma
1365_left.jpg,E:\Main project\Batch 15\dataset\glaucoma\1365_left.jpg,glaucoma
1365_right.jpg,E:\Main project\Batch 15\dataset\glaucoma\1365_right.jpg,glaucoma
1369_left.jpg,E:\Main project\Batch 15\dataset\glaucoma\1369_left.jpg,glaucoma
1371_left.jpg,E:\Main project\Batch 15\dataset\glaucoma\1371_left.jpg,glaucoma
1371_right.jpg,E:\Main project\Batch 15\dataset\glaucoma\1371_right.jpg,glaucoma
1374_left.jpg,E:\Main project\Batch 15\dataset\glaucoma\1374_left.jpg,glaucoma
1374_right.jpg,E:\Main project\Batch 15\dataset\glaucoma\1374_right.jpg,glaucoma
1377_right.jpg,E:\Main project\Batch 15\dataset\glaucoma\1377_right.jpg,glaucoma
1378_right.jpg,E:\Main project\Batch 15\dataset\glaucoma\1378_right.jpg,glaucoma
1383_left.jpg,E:\Main project\Batch 15\dataset\glaucoma\1383_left.jpg,glaucoma
1386_left.jpg,E:\Main project\Batch 15\dataset\glaucoma\1386_left.jpg,glaucoma
1386_right.jpg,E:\Main project\Batch 15\dataset\glaucoma\1386_right.jpg,glaucoma
1388_right.jpg,E:\Main project\Batch 15\dataset\glaucoma\1388_right.jpg,glaucoma
1389_left.jpg,E:\Main project\Batch 15\dataset\glaucoma\1389_left.jpg,glaucoma
1389_right.jpg,E:\Main project\Batch 15\dataset\glaucoma\1389_right.jpg,glaucoma
1392_left.jpg,E:\Main project\Batch 15\dataset\glaucoma\1392_left.jpg,glaucoma
1392_right.jpg,E:\Main project\Batch 15\dataset\glaucoma\1392_right.jpg,glaucoma
1393_right.jpg,E:\Main project\Batch 15\dataset\glaucoma\1393_right.jpg,glaucoma
1396_left.jpg,E:\Main project\Batch 15\dataset\glaucoma\1396_left.jpg,glaucoma
1397_left.jpg,E:\Main project\Batch 15\dataset\glaucoma\1397_left.jpg,glaucoma
1402_left.jpg,E:\Main project\Batch 15\dataset\glaucoma\1402_left.jpg,glaucoma
1404_left.jpg,E:\Main project\Batch 15\dataset\glaucoma\1404_left.jpg,glaucoma
1405_left.jpg,E:\Main project\Batch 15\dataset\glaucoma\1405_left.jpg,glaucoma
1406_left.jpg,E:\Main project\Batch 15\dataset\glaucoma\1406_left.jpg,glaucoma
1408_right.jpg,E:\Main project\Batch 15\dataset\glaucoma\1408_right.jpg,glaucoma
1409_right.jpg,E:\Main project\Batch 15\dataset\glaucoma\1409_right.jpg,glaucoma
1410_left.jpg,E:\Main project\Batch 15\dataset\glaucoma\1410_left.jpg,glaucoma
1411_left.jpg,E:\Main project\Batch 15\dataset\glaucoma\1411_left.jpg,glaucoma
1411_right.jpg,E:\Main project\Batch 15\dataset\glaucoma\1411_right.jpg,glaucoma
1412_right.jpg,E:\Main project\Batch 15\dataset\glaucoma\1412_right.jpg,glaucoma
1413_right.jpg,E:\Main project\Batch 15\dataset\glaucoma\1413_right.jpg,glaucoma
1414_left.jpg,E:\Main project\Batch 15\dataset\glaucoma\1414_left.jpg,glaucoma
1416_right.jpg,E:\Main project\Batch 15\dataset\glaucoma\1416_right.jpg,glaucoma
1417_right.jpg,E:\Main project\Batch 15\dataset\glaucoma\1417_right.jpg,glaucoma
1418_left.jpg,E:\Main project\Batch 15\dataset\glaucoma\1418_left.jpg,glaucoma
1419_left.jpg,E:\Main project\Batch 15\dataset\glaucoma\1419_left.jpg,glaucoma
1420_right.jpg,E:\Main project\Batch 15\dataset\glaucoma\1420_right.jpg,glaucoma
1421_left.jpg,E:\Main project\Batch 15\dataset\glaucoma\1421_left.jpg,glaucoma
1423_left.jpg,E:\Main project\Batch 15\dataset\glaucoma\1423_left.jpg,glaucoma
1424_left.jpg,E:\Main project\Batch 15\dataset\glaucoma\1424_left.jpg,glaucoma
1425_right.jpg,E:\Main project\Batch 15\dataset\glaucoma\1425_right.jpg,glaucoma
1426_left.jpg,E:\Main project\Batch 15\dataset\glaucoma\1426_left.jpg,glaucoma
1427_right.jpg,E:\Main project\Batch 15\dataset\glaucoma\1427_right.jpg,glaucoma
1428_left.jpg,E:\Main project\Batch 15\dataset\glaucoma\1428_left.jpg,glaucoma
1429_left.jpg,E:\Main project\Batch 15\dataset\glaucoma\1429_left.jpg,glaucoma
1431_left.jpg,E:\Main project\Batch 15\dataset\glaucoma\1431_left.jpg,glaucoma
1431_right.jpg,E:\Main project\Batch 15\dataset\glaucoma\1431_right.jpg,glaucoma
1433_left.jpg,E:\Main project\Batch 15\dataset\glaucoma\1433_left.jpg,glaucoma
1433_right.jpg,E:\Main project\Batch 15\dataset\glaucoma\1433_right.jpg,glaucoma
1434_left.jpg,E:\Main project\Batch 15\dataset\glaucoma\1434_left.jpg,glaucoma
1434_right.jpg,E:\Main project\Batch 15\dataset\glaucoma\1434_right.jpg,glaucoma
1436_left.jpg,E:\Main project\Batch 15\dataset\glaucoma\1436_left.jpg,glaucoma
1436_right.jpg,E:\Main project\Batch 15\dataset\glaucoma\1436_right.jpg,glaucoma
1439_left.jpg,E:\Main project\Batch 15\dataset\glaucoma\1439_left.jpg,glaucoma
1440_left.jpg,E:\Main project\Batch 15\dataset\glaucoma\1440_left.jpg,glaucoma
1440_right.jpg,E:\Main project\Batch 15\dataset\glaucoma\1440_right.jpg,glaucoma
1441_left.jpg,E:\Main project\Batch 15\dataset\glaucoma\1441_left.jpg,glaucoma
1442_left.jpg,E:\Main project\Batch 15\dataset\glaucoma\1442_left.jpg,glaucoma
1443_left.jpg,E:\Main project\Batch 15\dataset\glaucoma\1443_left.jpg,glaucoma
1443_right.jpg,E:\Main project\Batch 15\dataset\glaucoma\1443_right.jpg,glaucoma
1447_left.jpg,E:\Main project\Batch 15\dataset\glaucoma\1447_left.jpg,glaucoma
1450_left.jpg,E:\Main project\Batch 15\dataset\glaucoma\1450_left.jpg,glaucoma
1453_right.jpg,E:\Main project\Batch 15\dataset\glaucoma\1453_right.jpg,glaucoma
1458_left.jpg,E:\Main project\Batch 15\dataset\glaucoma\1458_left.jpg,glaucoma
1458_right.jpg,E:\Main project\Batch 15\dataset\glaucoma\1458_right.jpg,glaucoma
1462_left.jpg,E:\Main project\Batch 15\dataset\glaucoma\1462_left.jpg,glaucoma
1465_right.jpg,E:\Main project\Batch 15\dataset\glaucoma\1465_right.jpg,glaucoma
1469_left.jpg,E:\Main project\Batch 15\dataset\glaucoma\1469_left.jpg,glaucoma
1469_right.jpg,E:\Main project\Batch 15\dataset\glaucoma\1469_right.jpg,glaucoma
1470_left.jpg,E:\Main project\Batch 15\dataset\glaucoma\1470_left.jpg,glaucoma
1470_right.jpg,E:\Main project\Batch 15\dataset\glaucoma\1470_right.jpg,glaucoma
1471_left.jpg,E:\Main project\Batch 15\dataset\glaucoma\1471_left.jpg,glaucoma
1473_left.jpg,E:\Main project\Batch 15\dataset\glaucoma\1473_left.jpg,glaucoma
1473_right.jpg,E:\Main project\Batch 15\dataset\glaucoma\1473_right.jpg,glaucoma
1474_left.jpg,E:\Main project\Batch 15\dataset\glaucoma\1474_left.jpg,glaucoma
1476_right.jpg,E:\Main project\Batch 15\dataset\glaucoma\1476_right.jpg,glaucoma
1477_left.jpg,E:\Main project\Batch 15\dataset\glaucoma\1477_left.jpg,glaucoma
1477_right.jpg,E:\Main project\Batch 15\dataset\glaucoma\1477_right.jpg,glaucoma
1478_left.jpg,E:\Main project\Batch 15\dataset\glaucoma\1478_left.jpg,glaucoma
1479_left.jpg,E:\Main project\Batch 15\dataset\glaucoma\1479_left.jpg,glaucoma
1480_right.jpg,E:\Main project\Batch 15\dataset\glaucoma\1480_right.jpg,glaucoma
1482_left.jpg,E:\Main project\Batch 15\dataset\glaucoma\1482_left.jpg,glaucoma
1485_right.jpg,E:\Main project\Batch 15\dataset\glaucoma\1485_right.jpg,glaucoma
1486_left.jpg,E:\Main project\Batch 15\dataset\glaucoma\1486_left.jpg,glaucoma
1487_left.jpg,E:\Main project\Batch 15\dataset\glaucoma\1487_left.jpg,glaucoma
1487_right.jpg,E:\Main project\Batch 15\dataset\glaucoma\1487_right.jpg,glaucoma
1488_left.jpg,E:\Main project\Batch 15\dataset\glaucoma\1488_left.jpg,glaucoma
1488_right.jpg,E:\Main project\Batch 15\dataset\glaucoma\1488_right.jpg,glaucoma
1489_left.jpg,E:\Main project\Batch 15\dataset\glaucoma\1489_left.jpg,glaucoma
1491_left.jpg,E:\Main project\Batch 15\dataset\glaucoma\1491_left.jpg,glaucoma
1492_left.jpg,E:\Main project\Batch 15\dataset\glaucoma\1492_left.jpg,glaucoma
1492_right.jpg,E:\Main project\Batch 15\dataset\glaucoma\1492_right.jpg,glaucoma
1493_left.jpg,E:\Main project\Batch 15\dataset\glaucoma\1493_left.jpg,glaucoma
1494_left.jpg,E:\Main project\Batch 15\dataset\glaucoma\1494_left.jpg,glaucoma
1495_left.jpg,E:\Main project\Batch 15\dataset\glaucoma\1495_left.jpg,glaucoma
1495_right.jpg,E:\Main project\Batch 15\dataset\glaucoma\1495_right.jpg,glaucoma
1496_right.jpg,E:\Main project\Batch 15\dataset\glaucoma\1496_right.jpg,glaucoma
1497_left.jpg,E:\Main project\Batch 15\dataset\glaucoma\1497_left.jpg,glaucoma
1497_right.jpg,E:\Main project\Batch 15\dataset\glaucoma\1497_right.jpg,glaucoma
1498_left.jpg,E:\Main project\Batch 15\dataset\glaucoma\1498_left.jpg,glaucoma
1503_right.jpg,E:\Main project\Batch 15\dataset\glaucoma\1503_right.jpg,glaucoma
1507_right.jpg,E:\Main project\Batch 15\dataset\glaucoma\1507_right.jpg,glaucoma
1510_right.jpg,E:\Main project\Batch 15\dataset\glaucoma\1510_right.jpg,glaucoma
1514_left.jpg,E:\Main project\Batch 15\dataset\glaucoma\1514_left.jpg,glaucoma
1515_left.jpg,E:\Main project\Batch 15\dataset\glaucoma\1515_left.jpg,glaucoma
153_left.jpg,E:\Main project\Batch 15\dataset\glaucoma\153_left.jpg,glaucoma
167_left.jpg,E:\Main project\Batch 15\dataset\glaucoma\167_left.jpg,glaucoma
167_right.jpg,E:\Main project\Batch 15\dataset\glaucoma\167_right.jpg,glaucoma
178_left.jpg,E:\Main project\Batch 15\dataset\glaucoma\178_left.jpg,glaucoma
1881_left.jpg,E:\Main project\Batch 15\dataset\glaucoma\1881_left.jpg,glaucoma
1881_right.jpg,E:\Main project\Batch 15\dataset\glaucoma\1881_right.jpg,glaucoma
1959_left.jpg,E:\Main project\Batch 15\dataset\glaucoma\1959_left.jpg,glaucoma
1959_right.jpg,E:\Main project\Batch 15\dataset\glaucoma\1959_right.jpg,glaucoma
1963_right.jpg,E:\Main project\Batch 15\dataset\glaucoma\1963_right.jpg,glaucoma
1964_left.jpg,E:\Main project\Batch 15\dataset\glaucoma\1964_left.jpg,glaucoma
1965_left.jpg,E:\Main project\Batch 15\dataset\glaucoma\1965_left.jpg,glaucoma
1967_left.jpg,E:\Main project\Batch 15\dataset\glaucoma\1967_left.jpg,glaucoma
1967_right.jpg,E:\Main project\Batch 15\dataset\glaucoma\1967_right.jpg,glaucoma
1970_left.jpg,E:\Main project\Batch 15\dataset\glaucoma\1970_left.jpg,glaucoma
1971_left.jpg,E:\Main project\Batch 15\dataset\glaucoma\1971_left.jpg,glaucoma
1975_left.jpg,E:\Main project\Batch 15\dataset\glaucoma\1975_left.jpg,glaucoma
1977_left.jpg,E:\Main project\Batch 15\dataset\glaucoma\1977_left.jpg,glaucoma
1977_right.jpg,E:\Main project\Batch 15\dataset\glaucoma\1977_right.jpg,glaucoma
1985_left.jpg,E:\Main project\Batch 15\dataset\glaucoma\1985_left.jpg,glaucoma
1986_left.jpg,E:\Main project\Batch 15\dataset\glaucoma\1986_left.jpg,glaucoma
1990_right.jpg,E:\Main project\Batch 15\dataset\glaucoma\1990_right.jpg,glaucoma
1999_right.jpg,E:\Main project\Batch 15\dataset\glaucoma\1999_right.jpg,glaucoma
2006_left.jpg,E:\Main project\Batch 15\dataset\glaucoma\2006_left.jpg,glaucoma
2010_left.jpg,E:\Main project\Batch 15\dataset\glaucoma\2010_left.jpg,glaucoma
2020_left.jpg,E:\Main project\Batch 15\dataset\glaucoma\2020_left.jpg,glaucoma
2030_left.jpg,E:\Main project\Batch 15\dataset\glaucoma\2030_left.jpg,glaucoma
2030_right.jpg,E:\Main project\Batch 15\dataset\glaucoma\2030_right.jpg,glaucoma
2032_right.jpg,E:\Main project\Batch 15\dataset\glaucoma\2032_right.jpg,glaucoma
2041_left.jpg,E:\Main project\Batch 15\dataset\glaucoma\2041_left.jpg,glaucoma
2048_right.jpg,E:\Main project\Batch 15\dataset\glaucoma\2048_right.jpg,glaucoma
2063_left.jpg,E:\Main project\Batch 15\dataset\glaucoma\2063_left.jpg,glaucoma
2063_right.jpg,E:\Main project\Batch 15\dataset\glaucoma\2063_right.jpg,glaucoma
2074_left.jpg,E:\Main project\Batch 15\dataset\glaucoma\2074_left.jpg,glaucoma
238_right.jpg,E:\Main project\Batch 15\dataset\glaucoma\238_right.jpg,glaucoma
247_left.jpg,E:\Main project\Batch 15\dataset\glaucoma\247_left.jpg,glaucoma
247_right.jpg,E:\Main project\Batch 15\dataset\glaucoma\247_right.jpg,glaucoma
365_left.jpg,E:\Main project\Batch 15\dataset\glaucoma\365_left.jpg,glaucoma
365_right.jpg,E:\Main project\Batch 15\dataset\glaucoma\365_right.jpg,glaucoma
43_right.jpg,E:\Main project\Batch 15\dataset\glaucoma\43_right.jpg,glaucoma
583_left.jpg,E:\Main project\Batch 15\dataset\glaucoma\583_left.jpg,glaucoma
583_right.jpg,E:\Main project\Batch 15\dataset\glaucoma\583_right.jpg,glaucoma
746_left.jpg,E:\Main project\Batch 15\dataset\glaucoma\746_left.jpg,glaucoma
746_right.jpg,E:\Main project\Batch 15\dataset\glaucoma\746_right.jpg,glaucoma
931_left.jpg,E:\Main project\Batch 15\dataset\glaucoma\931_left.jpg,glaucoma
931_right.jpg,E:\Main project\Batch 15\dataset\glaucoma\931_right.jpg,glaucoma
95_left.jpg,E:\Main project\Batch 15\dataset\glaucoma\95_left.jpg,glaucoma
Glaucoma1.jpg,E:\Main project\Batch 15\dataset\glaucoma\Glaucoma1.jpg,glaucoma
Glaucoma10.jpg,E:\Main project\Batch 15\dataset\glaucoma\Glaucoma10.jpg,glaucoma
Glaucoma100.jpg,E:\Main project\Batch 15\dataset\glaucoma\Glaucoma100.jpg,glaucoma
Glaucoma1000.jpg,E:\Main project\Batch 15\dataset\glaucoma\Glaucoma1000.jpg,glaucoma
Glaucoma1001.jpg,E:\Main project\Batch 15\dataset\glaucoma\Glaucoma1001.jpg,glaucoma
Glaucoma1002.jpg,E:\Main project\Batch 15\dataset\glaucoma\Glaucoma1002.jpg,glaucoma
Glaucoma1003.jpg,E:\Main project\Batch 15\dataset\glaucoma\Glaucoma1003.jpg,glaucoma
Glaucoma1004.jpg,E:\Main project\Batch 15\dataset\glaucoma\Glaucoma1004.jpg,glaucoma
Glaucoma1005.jpg,E:\Main project\Batch 15\dataset\glaucoma\Glaucoma1005.jpg,glaucoma
Glaucoma1006.jpg,E:\Main project\Batch 15\dataset\glaucoma\Glaucoma1006.jpg,glaucoma
Glaucoma1007.jpg,E:\Main project\Batch 15\dataset\glaucoma\Glaucoma1007.jpg,glaucoma
Glaucoma1008.jpg,E:\Main project\Batch 15\dataset\glaucoma\Glaucoma1008.jpg,glaucoma
Glaucoma1009.jpg,E:\Main project\Batch 15\dataset\glaucoma\Glaucoma1009.jpg,glaucoma
Glaucoma101.jpg,E:\Main project\Batch 15\dataset\glaucoma\Glaucoma101.jpg,glaucoma
Glaucoma1010.jpg,E:\Main project\Batch 15\dataset\glaucoma\Glaucoma1010.jpg,glaucoma
Glaucoma1011.jpg,E:\Main project\Batch 15\dataset\glaucoma\Glaucoma1011.jpg,glaucoma
Glaucoma1012.jpg,E:\Main project\Batch 15\dataset\glaucoma\Glaucoma1012.jpg,glaucoma
Glaucoma1014.jpg,E:\Main project\Batch 15\dataset\glaucoma\Glaucoma1014.jpg,glaucoma
Glaucoma1016.jpg,E:\Main project\Batch 15\dataset\glaucoma\Glaucoma1016.jpg,glaucoma
Glaucoma1017.jpg,E:\Main project\Batch 15\dataset\glaucoma\Glaucoma1017.jpg,glaucoma
Glaucoma1018.jpg,E:\Main project\Batch 15\dataset\glaucoma\Glaucoma1018.jpg,glaucoma
Glaucoma1019.jpg,E:\Main project\Batch 15\dataset\glaucoma\Glaucoma1019.jpg,glaucoma
Glaucoma1020.jpg,E:\Main project\Batch 15\dataset\glaucoma\Glaucoma1020.jpg,glaucoma
Glaucoma1021.jpg,E:\Main project\Batch 15\dataset\glaucoma\Glaucoma1021.jpg,glaucoma
Glaucoma1022.jpg,E:\Main project\Batch 15\dataset\glaucoma\Glaucoma1022.jpg,glaucoma
Glaucoma1023.jpg,E:\Main project\Batch 15\dataset\glaucoma\Glaucoma1023.jpg,glaucoma
Glaucoma1024.jpg,E:\Main project\Batch 15\dataset\glaucoma\Glaucoma1024.jpg,glaucoma
Glaucoma1025.jpg,E:\Main project\Batch 15\dataset\glaucoma\Glaucoma1025.jpg,glaucoma
Glaucoma1026.jpg,E:\Main project\Batch 15\dataset\glaucoma\Glaucoma1026.jpg,glaucoma
Glaucoma1027.jpg,E:\Main project\Batch 15\dataset\glaucoma\Glaucoma1027.jpg,glaucoma
Glaucoma1028.jpg,E:\Main project\Batch 15\dataset\glaucoma\Glaucoma1028.jpg,glaucoma
Glaucoma1029.jpg,E:\Main project\Batch 15\dataset\glaucoma\Glaucoma1029.jpg,glaucoma
Glaucoma103.jpg,E:\Main project\Batch 15\dataset\glaucoma\Glaucoma103.jpg,glaucoma
Glaucoma1030.jpg,E:\Main project\Batch 15\dataset\glaucoma\Glaucoma1030.jpg,glaucoma
Glaucoma1031.jpg,E:\Main project\Batch 15\dataset\glaucoma\Glaucoma1031.jpg,glaucoma
Glaucoma1032.jpg,E:\Main project\Batch 15\dataset\glaucoma\Glaucoma1032.jpg,glaucoma
Glaucoma1033.jpg,E:\Main project\Batch 15\dataset\glaucoma\Glaucoma1033.jpg,glaucoma
Glaucoma1035.jpg,E:\Main project\Batch 15\dataset\glaucoma\Glaucoma1035.jpg,glaucoma
Glaucoma1037.jpg,E:\Main project\Batch 15\dataset\glaucoma\Glaucoma1037.jpg,glaucoma
Glaucoma1038.jpg,E:\Main project\Batch 15\dataset\glaucoma\Glaucoma1038.jpg,glaucoma
Glaucoma1039.jpg,E:\Main project\Batch 15\dataset\glaucoma\Glaucoma1039.jpg,glaucoma
Glaucoma104.jpg,E:\Main project\Batch 15\dataset\glaucoma\Glaucoma104.jpg,glaucoma
Glaucoma1040.jpg,E:\Main project\Batch 15\dataset\glaucoma\Glaucoma1040.jpg,glaucoma
Glaucoma1041.jpg,E:\Main project\Batch 15\dataset\glaucoma\Glaucoma1041.jpg,glaucoma
Glaucoma1042.jpg,E:\Main project\Batch 15\dataset\glaucoma\Glaucoma1042.jpg,glaucoma
Glaucoma1043.jpg,E:\Main project\Batch 15\dataset\glaucoma\Glaucoma1043.jpg,glaucoma
Glaucoma1044.jpg,E:\Main project\Batch 15\dataset\glaucoma\Glaucoma1044.jpg,glaucoma
Glaucoma1045.jpg,E:\Main project\Batch 15\dataset\glaucoma\Glaucoma1045.jpg,glaucoma
Glaucoma1046.jpg,E:\Main project\Batch 15\dataset\glaucoma\Glaucoma1046.jpg,glaucoma
Glaucoma1047.jpg,E:\Main project\Batch 15\dataset\glaucoma\Glaucoma1047.jpg,glaucoma
Glaucoma1048.jpg,E:\Main project\Batch 15\dataset\glaucoma\Glaucoma1048.jpg,glaucoma
Glaucoma1049.jpg,E:\Main project\Batch 15\dataset\glaucoma\Glaucoma1049.jpg,glaucoma
Glaucoma105.jpg,E:\Main project\Batch 15\dataset\glaucoma\Glaucoma105.jpg,glaucoma
Glaucoma1050.jpg,E:\Main project\Batch 15\dataset\glaucoma\Glaucoma1050.jpg,glaucoma
Glaucoma1051.jpg,E:\Main project\Batch 15\dataset\glaucoma\Glaucoma1051.jpg,glaucoma
Glaucoma1052.jpg,E:\Main project\Batch 15\dataset\glaucoma\Glaucoma1052.jpg,glaucoma
Glaucoma1053.jpg,E:\Main project\Batch 15\dataset\glaucoma\Glaucoma1053.jpg,glaucoma
Glaucoma1054.jpg,E:\Main project\Batch 15\dataset\glaucoma\Glaucoma1054.jpg,glaucoma
Glaucoma1055.jpg,E:\Main project\Batch 15\dataset\glaucoma\Glaucoma1055.jpg,glaucoma
Glaucoma1056.jpg,E:\Main project\Batch 15\dataset\glaucoma\Glaucoma1056.jpg,glaucoma
Glaucoma1057.jpg,E:\Main project\Batch 15\dataset\glaucoma\Glaucoma1057.jpg,glaucoma
Glaucoma1058.jpg,E:\Main project\Batch 15\dataset\glaucoma\Glaucoma1058.jpg,glaucoma
Glaucoma1059.jpg,E:\Main project\Batch 15\dataset\glaucoma\Glaucoma1059.jpg,glaucoma
Glaucoma106.jpg,E:\Main project\Batch 15\dataset\glaucoma\Glaucoma106.jpg,glaucoma
Glaucoma1060.jpg,E:\Main project\Batch 15\dataset\glaucoma\Glaucoma1060.jpg,glaucoma
Glaucoma1061.jpg,E:\Main project\Batch 15\dataset\glaucoma\Glaucoma1061.jpg,glaucoma
Glaucoma1062.jpg,E:\Main project\Batch 15\dataset\glaucoma\Glaucoma1062.jpg,glaucoma
Glaucoma1063.jpg,E:\Main project\Batch 15\dataset\glaucoma\Glaucoma1063.jpg,glaucoma
Glaucoma1064.jpg,E:\Main project\Batch 15\dataset\glaucoma\Glaucoma1064.jpg,glaucoma
Glaucoma1065.jpg,E:\Main project\Batch 15\dataset\glaucoma\Glaucoma1065.jpg,glaucoma
Glaucoma1066.jpg,E:\Main project\Batch 15\dataset\glaucoma\Glaucoma1066.jpg,glaucoma
Glaucoma1067.jpg,E:\Main project\Batch 15\dataset\glaucoma\Glaucoma1067.jpg,glaucoma
Glaucoma1068.jpg,E:\Main project\Batch 15\dataset\glaucoma\Glaucoma1068.jpg,glaucoma
Glaucoma1069.jpg,E:\Main project\Batch 15\dataset\glaucoma\Glaucoma1069.jpg,glaucoma
Glaucoma1070.jpg,E:\Main project\Batch 15\dataset\glaucoma\Glaucoma1070.jpg,glaucoma
Glaucoma1071.jpg,E:\Main project\Batch 15\dataset\glaucoma\Glaucoma1071.jpg,glaucoma
Glaucoma1072.jpg,E:\Main project\Batch 15\dataset\glaucoma\Glaucoma1072.jpg,glaucoma
Glaucoma1073.jpg,E:\Main project\Batch 15\dataset\glaucoma\Glaucoma1073.jpg,glaucoma
Glaucoma1074.jpg,E:\Main project\Batch 15\dataset\glaucoma\Glaucoma1074.jpg,glaucoma
Glaucoma1075.jpg,E:\Main project\Batch 15\dataset\glaucoma\Glaucoma1075.jpg,glaucoma
Glaucoma1076.jpg,E:\Main project\Batch 15\dataset\glaucoma\Glaucoma1076.jpg,glaucoma
Glaucoma1077.jpg,E:\Main project\Batch 15\dataset\glaucoma\Glaucoma1077.jpg,glaucoma
Glaucoma1078.jpg,E:\Main project\Batch 15\dataset\glaucoma\Glaucoma1078.jpg,glaucoma
Glaucoma108.jpg,E:\Main project\Batch 15\dataset\glaucoma\Glaucoma108.jpg,glaucoma
Glaucoma1080.jpg,E:\Main project\Batch 15\dataset\glaucoma\Glaucoma1080.jpg,glaucoma
Glaucoma1081.jpg,E:\Main project\Batch 15\dataset\glaucoma\Glaucoma1081.jpg,glaucoma
Glaucoma1082.jpg,E:\Main project\Batch 15\dataset\glaucoma\Glaucoma1082.jpg,glaucoma
Glaucoma1083.jpg,E:\Main project\Batch 15\dataset\glaucoma\Glaucoma1083.jpg,glaucoma
Glaucoma1084.jpg,E:\Main project\Batch 15\dataset\glaucoma\Glaucoma1084.jpg,glaucoma
Glaucoma1085.jpg,E:\Main project\Batch 15\dataset\glaucoma\Glaucoma1085.jpg,glaucoma
Glaucoma1086.jpg,E:\Main project\Batch 15\dataset\glaucoma\Glaucoma1086.jpg,glaucoma
Glaucoma1087.jpg,E:\Main project\Batch 15\dataset\glaucoma\Glaucoma1087.jpg,glaucoma
Glaucoma1089.jpg,E:\Main project\Batch 15\dataset\glaucoma\Glaucoma1089.jpg,glaucoma
Glaucoma109.jpg,E:\Main project\Batch 15\dataset\glaucoma\Glaucoma109.jpg,glaucoma
Glaucoma1090.jpg,E:\Main project\Batch 15\dataset\glaucoma\Glaucoma1090.jpg,glaucoma
Glaucoma1091.jpg,E:\Main project\Batch 15\dataset\glaucoma\Glaucoma1091.jpg,glaucoma
Glaucoma1092.jpg,E:\Main project\Batch 15\dataset\glaucoma\Glaucoma1092.jpg,glaucoma
Glaucoma1093.jpg,E:\Main project\Batch 15\dataset\glaucoma\Glaucoma1093.jpg,glaucoma
Glaucoma1094.jpg,E:\Main project\Batch 15\dataset\glaucoma\Glaucoma1094.jpg,glaucoma
Glaucoma1095.jpg,E:\Main project\Batch 15\dataset\glaucoma\Glaucoma1095.jpg,glaucoma
Glaucoma1096.jpg,E:\Main project\Batch 15\dataset\glaucoma\Glaucoma1096.jpg,glaucoma
Glaucoma1097.jpg,E:\Main project\Batch 15\dataset\glaucoma\Glaucoma1097.jpg,glaucoma
Glaucoma1098.jpg,E:\Main project\Batch 15\dataset\glaucoma\Glaucoma1098.jpg,glaucoma
Glaucoma1099.jpg,E:\Main project\Batch 15\dataset\glaucoma\Glaucoma1099.jpg,glaucoma
Glaucoma11.jpg,E:\Main project\Batch 15\dataset\glaucoma\Glaucoma11.jpg,glaucoma
Glaucoma110.jpg,E:\Main project\Batch 15\dataset\glaucoma\Glaucoma110.jpg,glaucoma
Glaucoma1100.jpg,E:\Main project\Batch 15\dataset\glaucoma\Glaucoma1100.jpg,glaucoma
Glaucoma1101.jpg,E:\Main project\Batch 15\dataset\glaucoma\Glaucoma1101.jpg,glaucoma
Glaucoma1102.jpg,E:\Main project\Batch 15\dataset\glaucoma\Glaucoma1102.jpg,glaucoma
Glaucoma1103.jpg,E:\Main project\Batch 15\dataset\glaucoma\Glaucoma1103.jpg,glaucoma
Glaucoma1104.jpg,E:\Main project\Batch 15\dataset\glaucoma\Glaucoma1104.jpg,glaucoma
Glaucoma1105.jpg,E:\Main project\Batch 15\dataset\glaucoma\Glaucoma1105.jpg,glaucoma
Glaucoma1106.jpg,E:\Main project\Batch 15\dataset\glaucoma\Glaucoma1106.jpg,glaucoma
Glaucoma1107.jpg,E:\Main project\Batch 15\dataset\glaucoma\Glaucoma1107.jpg,glaucoma
Glaucoma1108.jpg,E:\Main project\Batch 15\dataset\glaucoma\Glaucoma1108.jpg,glaucoma
Glaucoma1109.jpg,E:\Main project\Batch 15\dataset\glaucoma\Glaucoma1109.jpg,glaucoma
Glaucoma111.jpg,E:\Main project\Batch 15\dataset\glaucoma\Glaucoma111.jpg,glaucoma
Glaucoma1110.jpg,E:\Main project\Batch 15\dataset\glaucoma\Glaucoma1110.jpg,glaucoma
Glaucoma1111.jpg,E:\Main project\Batch 15\dataset\glaucoma\Glaucoma1111.jpg,glaucoma
Glaucoma1112.jpg,E:\Main project\Batch 15\dataset\glaucoma\Glaucoma1112.jpg,glaucoma
Glaucoma1114.jpg,E:\Main project\Batch 15\dataset\glaucoma\Glaucoma1114.jpg,glaucoma
Glaucoma1115.jpg,E:\Main project\Batch 15\dataset\glaucoma\Glaucoma1115.jpg,glaucoma
Glaucoma1117.jpg,E:\Main project\Batch 15\dataset\glaucoma\Glaucoma1117.jpg,glaucoma
Glaucoma1119.jpg,E:\Main project\Batch 15\dataset\glaucoma\Glaucoma1119.jpg,glaucoma
Glaucoma112.jpg,E:\Main project\Batch 15\dataset\glaucoma\Glaucoma112.jpg,glaucoma
Glaucoma1120.jpg,E:\Main project\Batch 15\dataset\glaucoma\Glaucoma1120.jpg,glaucoma
Glaucoma1121.jpg,E:\Main project\Batch 15\dataset\glaucoma\Glaucoma1121.jpg,glaucoma
Glaucoma1122.jpg,E:\Main project\Batch 15\dataset\glaucoma\Glaucoma1122.jpg,glaucoma
Glaucoma1123.jpg,E:\Main project\Batch 15\dataset\glaucoma\Glaucoma1123.jpg,glaucoma
Glaucoma1124.jpg,E:\Main project\Batch 15\dataset\glaucoma\Glaucoma1124.jpg,glaucoma
Glaucoma1125.jpg,E:\Main project\Batch 15\dataset\glaucoma\Glaucoma1125.jpg,glaucoma
Glaucoma1126.jpg,E:\Main project\Batch 15\dataset\glaucoma\Glaucoma1126.jpg,glaucoma
Glaucoma1127.jpg,E:\Main project\Batch 15\dataset\glaucoma\Glaucoma1127.jpg,glaucoma
Glaucoma1128.jpg,E:\Main project\Batch 15\dataset\glaucoma\Glaucoma1128.jpg,glaucoma
Glaucoma1129.jpg,E:\Main project\Batch 15\dataset\glaucoma\Glaucoma1129.jpg,glaucoma
Glaucoma113.jpg,E:\Main project\Batch 15\dataset\glaucoma\Glaucoma113.jpg,glaucoma
Glaucoma1130.jpg,E:\Main project\Batch 15\dataset\glaucoma\Glaucoma1130.jpg,glaucoma
Glaucoma1131.jpg,E:\Main project\Batch 15\dataset\glaucoma\Glaucoma1131.jpg,glaucoma
Glaucoma1132.jpg,E:\Main project\Batch 15\dataset\glaucoma\Glaucoma1132.jpg,glaucoma
Glaucoma1133.jpg,E:\Main project\Batch 15\dataset\glaucoma\Glaucoma1133.jpg,glaucoma
Glaucoma1134.jpg,E:\Main project\Batch 15\dataset\glaucoma\Glaucoma1134.jpg,glaucoma
Glaucoma1135.jpg,E:\Main project\Batch 15\dataset\glaucoma\Glaucoma1135.jpg,glaucoma
Glaucoma1136.jpg,E:\Main project\Batch 15\dataset\glaucoma\Glaucoma1136.jpg,glaucoma
Glaucoma1137.jpg,E:\Main project\Batch 15\dataset\glaucoma\Glaucoma1137.jpg,glaucoma
Glaucoma1138.jpg,E:\Main project\Batch 15\dataset\glaucoma\Glaucoma1138.jpg,glaucoma
Glaucoma1139.jpg,E:\Main project\Batch 15\dataset\glaucoma\Glaucoma1139.jpg,glaucoma
Glaucoma114.jpg,E:\Main project\Batch 15\dataset\glaucoma\Glaucoma114.jpg,glaucoma
Glaucoma1140.jpg,E:\Main project\Batch 15\dataset\glaucoma\Glaucoma1140.jpg,glaucoma
Glaucoma1141.jpg,E:\Main project\Batch 15\dataset\glaucoma\Glaucoma1141.jpg,glaucoma
Glaucoma1142.jpg,E:\Main project\Batch 15\dataset\glaucoma\Glaucoma1142.jpg,glaucoma
Glaucoma1143.jpg,E:\Main project\Batch 15\dataset\glaucoma\Glaucoma1143.jpg,glaucoma
Glaucoma1144.jpg,E:\Main project\Batch 15\dataset\glaucoma\Glaucoma1144.jpg,glaucoma
Glaucoma1145.jpg,E:\Main project\Batch 15\dataset\glaucoma\Glaucoma1145.jpg,glaucoma
Glaucoma1146.jpg,E:\Main project\Batch 15\dataset\glaucoma\Glaucoma1146.jpg,glaucoma
Glaucoma1147.jpg,E:\Main project\Batch 15\dataset\glaucoma\Glaucoma1147.jpg,glaucoma
Glaucoma1148.jpg,E:\Main project\Batch 15\dataset\glaucoma\Glaucoma1148.jpg,glaucoma
Glaucoma1149.jpg,E:\Main project\Batch 15\dataset\glaucoma\Glaucoma1149.jpg,glaucoma
Glaucoma115.jpg,E:\Main project\Batch 15\dataset\glaucoma\Glaucoma115.jpg,glaucoma
Glaucoma1150.jpg,E:\Main project\Batch 15\dataset\glaucoma\Glaucoma1150.jpg,glaucoma
Glaucoma1151.jpg,E:\Main project\Batch 15\dataset\glaucoma\Glaucoma1151.jpg,glaucoma
Glaucoma1152.jpg,E:\Main project\Batch 15\dataset\glaucoma\Glaucoma1152.jpg,glaucoma
Glaucoma1153.jpg,E:\Main project\Batch 15\dataset\glaucoma\Glaucoma1153.jpg,glaucoma
Glaucoma1154.jpg,E:\Main project\Batch 15\dataset\glaucoma\Glaucoma1154.jpg,glaucoma
Glaucoma1155.jpg,E:\Main project\Batch 15\dataset\glaucoma\Glaucoma1155.jpg,glaucoma
Glaucoma1156.jpg,E:\Main project\Batch 15\dataset\glaucoma\Glaucoma1156.jpg,glaucoma
Glaucoma1157.jpg,E:\Main project\Batch 15\dataset\glaucoma\Glaucoma1157.jpg,glaucoma
Glaucoma1158.jpg,E:\Main project\Batch 15\dataset\glaucoma\Glaucoma1158.jpg,glaucoma
Glaucoma1159.jpg,E:\Main project\Batch 15\dataset\glaucoma\Glaucoma1159.jpg,glaucoma
Glaucoma116.jpg,E:\Main project\Batch 15\dataset\glaucoma\Glaucoma116.jpg,glaucoma
Glaucoma1160.jpg,E:\Main project\Batch 15\dataset\glaucoma\Glaucoma1160.jpg,glaucoma
Glaucoma1161.jpg,E:\Main project\Batch 15\dataset\glaucoma\Glaucoma1161.jpg,glaucoma
Glaucoma1162.jpg,E:\Main project\Batch 15\dataset\glaucoma\Glaucoma1162.jpg,glaucoma
Glaucoma1163.jpg,E:\Main project\Batch 15\dataset\glaucoma\Glaucoma1163.jpg,glaucoma
Glaucoma1164.jpg,E:\Main project\Batch 15\dataset\glaucoma\Glaucoma1164.jpg,glaucoma
Glaucoma1165.jpg,E:\Main project\Batch 15\dataset\glaucoma\Glaucoma1165.jpg,glaucoma
Glaucoma1166.jpg,E:\Main project\Batch 15\dataset\glaucoma\Glaucoma1166.jpg,glaucoma
Glaucoma1167.jpg,E:\Main project\Batch 15\dataset\glaucoma\Glaucoma1167.jpg,glaucoma
Glaucoma1168.jpg,E:\Main project\Batch 15\dataset\glaucoma\Glaucoma1168.jpg,glaucoma
Glaucoma1169.jpg,E:\Main project\Batch 15\dataset\glaucoma\Glaucoma1169.jpg,glaucoma
Glaucoma117.jpg,E:\Main project\Batch 15\dataset\glaucoma\Glaucoma117.jpg,glaucoma
Glaucoma1170.jpg,E:\Main project\Batch 15\dataset\glaucoma\Glaucoma1170.jpg,glaucoma
Glaucoma1171.jpg,E:\Main project\Batch 15\dataset\glaucoma\Glaucoma1171.jpg,glaucoma
Glaucoma1172.jpg,E:\Main project\Batch 15\dataset\glaucoma\Glaucoma1172.jpg,glaucoma
Glaucoma1173.jpg,E:\Main project\Batch 15\dataset\glaucoma\Glaucoma1173.jpg,glaucoma
Glaucoma1174.jpg,E:\Main project\Batch 15\dataset\glaucoma\Glaucoma1174.jpg,glaucoma
Glaucoma1175.jpg,E:\Main project\Batch 15\dataset\glaucoma\Glaucoma1175.jpg,glaucoma
Glaucoma1176.jpg,E:\Main project\Batch 15\dataset\glaucoma\Glaucoma1176.jpg,glaucoma
Glaucoma1177.jpg,E:\Main project\Batch 15\dataset\glaucoma\Glaucoma1177.jpg,glaucoma
Glaucoma1178.jpg,E:\Main project\Batch 15\dataset\glaucoma\Glaucoma1178.jpg,glaucoma
Glaucoma1179.jpg,E:\Main project\Batch 15\dataset\glaucoma\Glaucoma1179.jpg,glaucoma
Glaucoma118.jpg,E:\Main project\Batch 15\dataset\glaucoma\Glaucoma118.jpg,glaucoma
Glaucoma1180.jpg,E:\Main project\Batch 15\dataset\glaucoma\Glaucoma1180.jpg,glaucoma
Glaucoma1181.jpg,E:\Main project\Batch 15\dataset\glaucoma\Glaucoma1181.jpg,glaucoma
Glaucoma1182.jpg,E:\Main project\Batch 15\dataset\glaucoma\Glaucoma1182.jpg,glaucoma
Glaucoma1183.jpg,E:\Main project\Batch 15\dataset\glaucoma\Glaucoma1183.jpg,glaucoma
Glaucoma1184.jpg,E:\Main project\Batch 15\dataset\glaucoma\Glaucoma1184.jpg,glaucoma
Glaucoma1185.jpg,E:\Main project\Batch 15\dataset\glaucoma\Glaucoma1185.jpg,glaucoma
Glaucoma1186.jpg,E:\Main project\Batch 15\dataset\glaucoma\Glaucoma1186.jpg,glaucoma
Glaucoma1187.jpg,E:\Main project\Batch 15\dataset\glaucoma\Glaucoma1187.jpg,glaucoma
Glaucoma1188.jpg,E:\Main project\Batch 15\dataset\glaucoma\Glaucoma1188.jpg,glaucoma
Glaucoma1189.jpg,E:\Main project\Batch 15\dataset\glaucoma\Glaucoma1189.jpg,glaucoma
Glaucoma119.jpg,E:\Main project\Batch 15\dataset\glaucoma\Glaucoma119.jpg,glaucoma
Glaucoma1190.jpg,E:\Main project\Batch 15\dataset\glaucoma\Glaucoma1190.jpg,glaucoma
Glaucoma1191.jpg,E:\Main project\Batch 15\dataset\glaucoma\Glaucoma1191.jpg,glaucoma
Glaucoma1192.jpg,E:\Main project\Batch 15\dataset\glaucoma\Glaucoma1192.jpg,glaucoma
Glaucoma1193.jpg,E:\Main project\Batch 15\dataset\glaucoma\Glaucoma1193.jpg,glaucoma
Glaucoma1194.jpg,E:\Main project\Batch 15\dataset\glaucoma\Glaucoma1194.jpg,glaucoma
Glaucoma1195.jpg,E:\Main project\Batch 15\dataset\glaucoma\Glaucoma1195.jpg,glaucoma
Glaucoma1196.jpg,E:\Main project\Batch 15\dataset\glaucoma\Glaucoma1196.jpg,glaucoma
Glaucoma1197.jpg,E:\Main project\Batch 15\dataset\glaucoma\Glaucoma1197.jpg,glaucoma
Glaucoma1198.jpg,E:\Main project\Batch 15\dataset\glaucoma\Glaucoma1198.jpg,glaucoma
Glaucoma1199.jpg,E:\Main project\Batch 15\dataset\glaucoma\Glaucoma1199.jpg,glaucoma
Glaucoma12.jpg,E:\Main project\Batch 15\dataset\glaucoma\Glaucoma12.jpg,glaucoma
Glaucoma120.jpg,E:\Main project\Batch 15\dataset\glaucoma\Glaucoma120.jpg,glaucoma
Glaucoma1200.jpg,E:\Main project\Batch 15\dataset\glaucoma\Glaucoma1200.jpg,glaucoma
Glaucoma1201.jpg,E:\Main project\Batch 15\dataset\glaucoma\Glaucoma1201.jpg,glaucoma
Glaucoma1202.jpg,E:\Main project\Batch 15\dataset\glaucoma\Glaucoma1202.jpg,glaucoma
Glaucoma1203.jpg,E:\Main project\Batch 15\dataset\glaucoma\Glaucoma1203.jpg,glaucoma
Glaucoma1204.jpg,E:\Main project\Batch 15\dataset\glaucoma\Glaucoma1204.jpg,glaucoma
Glaucoma1205.jpg,E:\Main project\Batch 15\dataset\glaucoma\Glaucoma1205.jpg,glaucoma
Glaucoma1206.jpg,E:\Main project\Batch 15\dataset\glaucoma\Glaucoma1206.jpg,glaucoma
Glaucoma1207.jpg,E:\Main project\Batch 15\dataset\glaucoma\Glaucoma1207.jpg,glaucoma
Glaucoma1208.jpg,E:\Main project\Batch 15\dataset\glaucoma\Glaucoma1208.jpg,glaucoma
Glaucoma1209.jpg,E:\Main project\Batch 15\dataset\glaucoma\Glaucoma1209.jpg,glaucoma
Glaucoma121.jpg,E:\Main project\Batch 15\dataset\glaucoma\Glaucoma121.jpg,glaucoma
Glaucoma1210.jpg,E:\Main project\Batch 15\dataset\glaucoma\Glaucoma1210.jpg,glaucoma
Glaucoma1211.jpg,E:\Main project\Batch 15\dataset\glaucoma\Glaucoma1211.jpg,glaucoma
Glaucoma1212.jpg,E:\Main project\Batch 15\dataset\glaucoma\Glaucoma1212.jpg,glaucoma
Glaucoma1213.jpg,E:\Main project\Batch 15\dataset\glaucoma\Glaucoma1213.jpg,glaucoma
Glaucoma1214.jpg,E:\Main project\Batch 15\dataset\glaucoma\Glaucoma1214.jpg,glaucoma
Glaucoma1215.jpg,E:\Main project\Batch 15\dataset\glaucoma\Glaucoma1215.jpg,glaucoma
Glaucoma1216.jpg,E:\Main project\Batch 15\dataset\glaucoma\Glaucoma1216.jpg,glaucoma
Glaucoma1217.jpg,E:\Main project\Batch 15\dataset\glaucoma\Glaucoma1217.jpg,glaucoma
Glaucoma1218.jpg,E:\Main project\Batch 15\dataset\glaucoma\Glaucoma1218.jpg,glaucoma
Glaucoma1219.jpg,E:\Main project\Batch 15\dataset\glaucoma\Glaucoma1219.jpg,glaucoma
Glaucoma122.jpg,E:\Main project\Batch 15\dataset\glaucoma\Glaucoma122.jpg,glaucoma
Glaucoma1220.jpg,E:\Main project\Batch 15\dataset\glaucoma\Glaucoma1220.jpg,glaucoma
Glaucoma1221.jpg,E:\Main project\Batch 15\dataset\glaucoma\Glaucoma1221.jpg,glaucoma
Glaucoma1222.jpg,E:\Main project\Batch 15\dataset\glaucoma\Glaucoma1222.jpg,glaucoma
Glaucoma1223.jpg,E:\Main project\Batch 15\dataset\glaucoma\Glaucoma1223.jpg,glaucoma
Glaucoma1224.jpg,E:\Main project\Batch 15\dataset\glaucoma\Glaucoma1224.jpg,glaucoma
Glaucoma1225.jpg,E:\Main project\Batch 15\dataset\glaucoma\Glaucoma1225.jpg,glaucoma
Glaucoma1226.jpg,E:\Main project\Batch 15\dataset\glaucoma\Glaucoma1226.jpg,glaucoma
Glaucoma1227.jpg,E:\Main project\Batch 15\dataset\glaucoma\Glaucoma1227.jpg,glaucoma
Glaucoma1228.jpg,E:\Main project\Batch 15\dataset\glaucoma\Glaucoma1228.jpg,glaucoma
Glaucoma1229.jpg,E:\Main project\Batch 15\dataset\glaucoma\Glaucoma1229.jpg,glaucoma
Glaucoma123.jpg,E:\Main project\Batch 15\dataset\glaucoma\Glaucoma123.jpg,glaucoma
Glaucoma1230.jpg,E:\Main project\Batch 15\dataset\glaucoma\Glaucoma1230.jpg,glaucoma
Glaucoma1231.jpg,E:\Main project\Batch 15\dataset\glaucoma\Glaucoma1231.jpg,glaucoma
Glaucoma1232.jpg,E:\Main project\Batch 15\dataset\glaucoma\Glaucoma1232.jpg,glaucoma
Glaucoma1233.jpg,E:\Main project\Batch 15\dataset\glaucoma\Glaucoma1233.jpg,glaucoma
Glaucoma1234.jpg,E:\Main project\Batch 15\dataset\glaucoma\Glaucoma1234.jpg,glaucoma
Glaucoma1235.jpg,E:\Main project\Batch 15\dataset\glaucoma\Glaucoma1235.jpg,glaucoma
Glaucoma1236.jpg,E:\Main project\Batch 15\dataset\glaucoma\Glaucoma1236.jpg,glaucoma
Glaucoma1237.jpg,E:\Main project\Batch 15\dataset\glaucoma\Glaucoma1237.jpg,glaucoma
Glaucoma1238.jpg,E:\Main project\Batch 15\dataset\glaucoma\Glaucoma1238.jpg,glaucoma
Glaucoma1239.jpg,E:\Main project\Batch 15\dataset\glaucoma\Glaucoma1239.jpg,glaucoma
Glaucoma124.jpg,E:\Main project\Batch 15\dataset\glaucoma\Glaucoma124.jpg,glaucoma
Glaucoma1240.jpg,E:\Main project\Batch 15\dataset\glaucoma\Glaucoma1240.jpg,glaucoma
Glaucoma1241.jpg,E:\Main project\Batch 15\dataset\glaucoma\Glaucoma1241.jpg,glaucoma
Glaucoma1242.jpg,E:\Main project\Batch 15\dataset\glaucoma\Glaucoma1242.jpg,glaucoma
Glaucoma1243.jpg,E:\Main project\Batch 15\dataset\glaucoma\Glaucoma1243.jpg,glaucoma
Glaucoma1244.jpg,E:\Main project\Batch 15\dataset\glaucoma\Glaucoma1244.jpg,glaucoma
Glaucoma1245.jpg,E:\Main project\Batch 15\dataset\glaucoma\Glaucoma1245.jpg,glaucoma
Glaucoma1246.jpg,E:\Main project\Batch 15\dataset\glaucoma\Glaucoma1246.jpg,glaucoma
Glaucoma1247.jpg,E:\Main project\Batch 15\dataset\glaucoma\Glaucoma1247.jpg,glaucoma
Glaucoma1248.jpg,E:\Main project\Batch 15\dataset\glaucoma\Glaucoma1248.jpg,glaucoma
Glaucoma1249.jpg,E:\Main project\Batch 15\dataset\glaucoma\Glaucoma1249.jpg,glaucoma
Glaucoma125.jpg,E:\Main project\Batch 15\dataset\glaucoma\Glaucoma125.jpg,glaucoma
Glaucoma1250.jpg,E:\Main project\Batch 15\dataset\glaucoma\Glaucoma1250.jpg,glaucoma
Glaucoma1251.jpg,E:\Main project\Batch 15\dataset\glaucoma\Glaucoma1251.jpg,glaucoma
Glaucoma1252.jpg,E:\Main project\Batch 15\dataset\glaucoma\Glaucoma1252.jpg,glaucoma
Glaucoma1253.jpg,E:\Main project\Batch 15\dataset\glaucoma\Glaucoma1253.jpg,glaucoma
Glaucoma1254.jpg,E:\Main project\Batch 15\dataset\glaucoma\Glaucoma1254.jpg,glaucoma
Glaucoma1255.jpg,E:\Main project\Batch 15\dataset\glaucoma\Glaucoma1255.jpg,glaucoma
Glaucoma1256.jpg,E:\Main project\Batch 15\dataset\glaucoma\Glaucoma1256.jpg,glaucoma
Glaucoma1257.jpg,E:\Main project\Batch 15\dataset\glaucoma\Glaucoma1257.jpg,glaucoma
Glaucoma1258.jpg,E:\Main project\Batch 15\dataset\glaucoma\Glaucoma1258.jpg,glaucoma
Glaucoma1259.jpg,E:\Main project\Batch 15\dataset\glaucoma\Glaucoma1259.jpg,glaucoma
Glaucoma126.jpg,E:\Main project\Batch 15\dataset\glaucoma\Glaucoma126.jpg,glaucoma
Glaucoma1260.jpg,E:\Main project\Batch 15\dataset\glaucoma\Glaucoma1260.jpg,glaucoma
Glaucoma1261.jpg,E:\Main project\Batch 15\dataset\glaucoma\Glaucoma1261.jpg,glaucoma
Glaucoma1262.jpg,E:\Main project\Batch 15\dataset\glaucoma\Glaucoma1262.jpg,glaucoma
Glaucoma1264.jpg,E:\Main project\Batch 15\dataset\glaucoma\Glaucoma1264.jpg,glaucoma
Glaucoma1265.jpg,E:\Main project\Batch 15\dataset\glaucoma\Glaucoma1265.jpg,glaucoma
Glaucoma1266.jpg,E:\Main project\Batch 15\dataset\glaucoma\Glaucoma1266.jpg,glaucoma
Glaucoma1267.jpg,E:\Main project\Batch 15\dataset\glaucoma\Glaucoma1267.jpg,glaucoma
Glaucoma1268.jpg,E:\Main project\Batch 15\dataset\glaucoma\Glaucoma1268.jpg,glaucoma
Glaucoma1269.jpg,E:\Main project\Batch 15\dataset\glaucoma\Glaucoma1269.jpg,glaucoma
Glaucoma127.jpg,E:\Main project\Batch 15\dataset\glaucoma\Glaucoma127.jpg,glaucoma
Glaucoma1270.jpg,E:\Main project\Batch 15\dataset\glaucoma\Glaucoma1270.jpg,glaucoma
Glaucoma1271.jpg,E:\Main project\Batch 15\dataset\glaucoma\Glaucoma1271.jpg,glaucoma
Glaucoma1272.jpg,E:\Main project\Batch 15\dataset\glaucoma\Glaucoma1272.jpg,glaucoma
Glaucoma1273.jpg,E:\Main project\Batch 15\dataset\glaucoma\Glaucoma1273.jpg,glaucoma
Glaucoma1274.jpg,E:\Main project\Batch 15\dataset\glaucoma\Glaucoma1274.jpg,glaucoma
Glaucoma1275.jpg,E:\Main project\Batch 15\dataset\glaucoma\Glaucoma1275.jpg,glaucoma
Glaucoma1276.jpg,E:\Main project\Batch 15\dataset\glaucoma\Glaucoma1276.jpg,glaucoma
Glaucoma1277.jpg,E:\Main project\Batch 15\dataset\glaucoma\Glaucoma1277.jpg,glaucoma
Glaucoma1278.jpg,E:\Main project\Batch 15\dataset\glaucoma\Glaucoma1278.jpg,glaucoma
Glaucoma1279.jpg,E:\Main project\Batch 15\dataset\glaucoma\Glaucoma1279.jpg,glaucoma
Glaucoma128.jpg,E:\Main project\Batch 15\dataset\glaucoma\Glaucoma128.jpg,glaucoma
Glaucoma1280.jpg,E:\Main project\Batch 15\dataset\glaucoma\Glaucoma1280.jpg,glaucoma
Glaucoma1281.jpg,E:\Main project\Batch 15\dataset\glaucoma\Glaucoma1281.jpg,glaucoma
Glaucoma1282.jpg,E:\Main project\Batch 15\dataset\glaucoma\Glaucoma1282.jpg,glaucoma
Glaucoma1283.jpg,E:\Main project\Batch 15\dataset\glaucoma\Glaucoma1283.jpg,glaucoma
Glaucoma1284.jpg,E:\Main project\Batch 15\dataset\glaucoma\Glaucoma1284.jpg,glaucoma
Glaucoma1285.jpg,E:\Main project\Batch 15\dataset\glaucoma\Glaucoma1285.jpg,glaucoma
Glaucoma1286.jpg,E:\Main project\Batch 15\dataset\glaucoma\Glaucoma1286.jpg,glaucoma
Glaucoma1287.jpg,E:\Main project\Batch 15\dataset\glaucoma\Glaucoma1287.jpg,glaucoma
Glaucoma1288.jpg,E:\Main project\Batch 15\dataset\glaucoma\Glaucoma1288.jpg,glaucoma
Glaucoma1289.jpg,E:\Main project\Batch 15\dataset\glaucoma\Glaucoma1289.jpg,glaucoma
Glaucoma129.jpg,E:\Main project\Batch 15\dataset\glaucoma\Glaucoma129.jpg,glaucoma
Glaucoma1290.jpg,E:\Main project\Batch 15\dataset\glaucoma\Glaucoma1290.jpg,glaucoma
Glaucoma1291.jpg,E:\Main project\Batch 15\dataset\glaucoma\Glaucoma1291.jpg,glaucoma
Glaucoma1292.jpg,E:\Main project\Batch 15\dataset\glaucoma\Glaucoma1292.jpg,glaucoma
Glaucoma1293.jpg,E:\Main project\Batch 15\dataset\glaucoma\Glaucoma1293.jpg,glaucoma
Glaucoma1294.jpg,E:\Main project\Batch 15\dataset\glaucoma\Glaucoma1294.jpg,glaucoma
Glaucoma1295.jpg,E:\Main project\Batch 15\dataset\glaucoma\Glaucoma1295.jpg,glaucoma
Glaucoma1296.jpg,E:\Main project\Batch 15\dataset\glaucoma\Glaucoma1296.jpg,glaucoma
Glaucoma1297.jpg,E:\Main project\Batch 15\dataset\glaucoma\Glaucoma1297.jpg,glaucoma
Glaucoma1298.jpg,E:\Main project\Batch 15\dataset\glaucoma\Glaucoma1298.jpg,glaucoma
Glaucoma1299.jpg,E:\Main project\Batch 15\dataset\glaucoma\Glaucoma1299.jpg,glaucoma
Glaucoma13.jpg,E:\Main project\Batch 15\dataset\glaucoma\Glaucoma13.jpg,glaucoma
Glaucoma130.jpg,E:\Main project\Batch 15\dataset\glaucoma\Glaucoma130.jpg,glaucoma
Glaucoma1300.jpg,E:\Main project\Batch 15\dataset\glaucoma\Glaucoma1300.jpg,glaucoma
Glaucoma1301.jpg,E:\Main project\Batch 15\dataset\glaucoma\Glaucoma1301.jpg,glaucoma
Glaucoma1302.jpg,E:\Main project\Batch 15\dataset\glaucoma\Glaucoma1302.jpg,glaucoma
Glaucoma1303.jpg,E:\Main project\Batch 15\dataset\glaucoma\Glaucoma1303.jpg,glaucoma
Glaucoma1304.jpg,E:\Main project\Batch 15\dataset\glaucoma\Glaucoma1304.jpg,glaucoma
Glaucoma1305.jpg,E:\Main project\Batch 15\dataset\glaucoma\Glaucoma1305.jpg,glaucoma
Glaucoma1306.jpg,E:\Main project\Batch 15\dataset\glaucoma\Glaucoma1306.jpg,glaucoma
Glaucoma1308.jpg,E:\Main project\Batch 15\dataset\glaucoma\Glaucoma1308.jpg,glaucoma
Glaucoma1309.jpg,E:\Main project\Batch 15\dataset\glaucoma\Glaucoma1309.jpg,glaucoma
Glaucoma131.jpg,E:\Main project\Batch 15\dataset\glaucoma\Glaucoma131.jpg,glaucoma
Glaucoma1310.jpg,E:\Main project\Batch 15\dataset\glaucoma\Glaucoma1310.jpg,glaucoma
Glaucoma1311.jpg,E:\Main project\Batch 15\dataset\glaucoma\Glaucoma1311.jpg,glaucoma
Glaucoma1312.jpg,E:\Main project\Batch 15\dataset\glaucoma\Glaucoma1312.jpg,glaucoma
Glaucoma1313.jpg,E:\Main project\Batch 15\dataset\glaucoma\Glaucoma1313.jpg,glaucoma
Glaucoma1314.jpg,E:\Main project\Batch 15\dataset\glaucoma\Glaucoma1314.jpg,glaucoma
Glaucoma1315.jpg,E:\Main project\Batch 15\dataset\glaucoma\Glaucoma1315.jpg,glaucoma
Glaucoma1316.jpg,E:\Main project\Batch 15\dataset\glaucoma\Glaucoma1316.jpg,glaucoma
Glaucoma1317.jpg,E:\Main project\Batch 15\dataset\glaucoma\Glaucoma1317.jpg,glaucoma
Glaucoma1318.jpg,E:\Main project\Batch 15\dataset\glaucoma\Glaucoma1318.jpg,glaucoma
Glaucoma1319.jpg,E:\Main project\Batch 15\dataset\glaucoma\Glaucoma1319.jpg,glaucoma
Glaucoma132.jpg,E:\Main project\Batch 15\dataset\glaucoma\Glaucoma132.jpg,glaucoma
Glaucoma1320.jpg,E:\Main project\Batch 15\dataset\glaucoma\Glaucoma1320.jpg,glaucoma
Glaucoma1321.jpg,E:\Main project\Batch 15\dataset\glaucoma\Glaucoma1321.jpg,glaucoma
Glaucoma1322.jpg,E:\Main project\Batch 15\dataset\glaucoma\Glaucoma1322.jpg,glaucoma
Glaucoma1323.jpg,E:\Main project\Batch 15\dataset\glaucoma\Glaucoma1323.jpg,glaucoma
Glaucoma1324.jpg,E:\Main project\Batch 15\dataset\glaucoma\Glaucoma1324.jpg,glaucoma
Glaucoma1325.jpg,E:\Main project\Batch 15\dataset\glaucoma\Glaucoma1325.jpg,glaucoma
Glaucoma1326.jpg,E:\Main project\Batch 15\dataset\glaucoma\Glaucoma1326.jpg,glaucoma
Glaucoma1327.jpg,E:\Main project\Batch 15\dataset\glaucoma\Glaucoma1327.jpg,glaucoma
Glaucoma1328.jpg,E:\Main project\Batch 15\dataset\glaucoma\Glaucoma1328.jpg,glaucoma
Glaucoma1329.jpg,E:\Main project\Batch 15\dataset\glaucoma\Glaucoma1329.jpg,glaucoma
Glaucoma133.jpg,E:\Main project\Batch 15\dataset\glaucoma\Glaucoma133.jpg,glaucoma
Glaucoma1330.jpg,E:\Main project\Batch 15\dataset\glaucoma\Glaucoma1330.jpg,glaucoma
Glaucoma1331.jpg,E:\Main project\Batch 15\dataset\glaucoma\Glaucoma1331.jpg,glaucoma
Glaucoma1332.jpg,E:\Main project\Batch 15\dataset\glaucoma\Glaucoma1332.jpg,glaucoma
Glaucoma1333.jpg,E:\Main project\Batch 15\dataset\glaucoma\Glaucoma1333.jpg,glaucoma
Glaucoma1334.jpg,E:\Main project\Batch 15\dataset\glaucoma\Glaucoma1334.jpg,glaucoma
Glaucoma1335.jpg,E:\Main project\Batch 15\dataset\glaucoma\Glaucoma1335.jpg,glaucoma
Glaucoma1336.jpg,E:\Main project\Batch 15\dataset\glaucoma\Glaucoma1336.jpg,glaucoma
Glaucoma1337.jpg,E:\Main project\Batch 15\dataset\glaucoma\Glaucoma1337.jpg,glaucoma
Glaucoma1338.jpg,E:\Main project\Batch 15\dataset\glaucoma\Glaucoma1338.jpg,glaucoma
Glaucoma1339.jpg,E:\Main project\Batch 15\dataset\glaucoma\Glaucoma1339.jpg,glaucoma
Glaucoma134.jpg,E:\Main project\Batch 15\dataset\glaucoma\Glaucoma134.jpg,glaucoma
Glaucoma1340.jpg,E:\Main project\Batch 15\dataset\glaucoma\Glaucoma1340.jpg,glaucoma
Glaucoma1341.jpg,E:\Main project\Batch 15\dataset\glaucoma\Glaucoma1341.jpg,glaucoma
Glaucoma1342.jpg,E:\Main project\Batch 15\dataset\glaucoma\Glaucoma1342.jpg,glaucoma
Glaucoma1343.jpg,E:\Main project\Batch 15\dataset\glaucoma\Glaucoma1343.jpg,glaucoma
Glaucoma1344.jpg,E:\Main project\Batch 15\dataset\glaucoma\Glaucoma1344.jpg,glaucoma
Glaucoma1345.jpg,E:\Main project\Batch 15\dataset\glaucoma\Glaucoma1345.jpg,glaucoma
Glaucoma1346.jpg,E:\Main project\Batch 15\dataset\glaucoma\Glaucoma1346.jpg,glaucoma
Glaucoma1347.jpg,E:\Main project\Batch 15\dataset\glaucoma\Glaucoma1347.jpg,glaucoma
Glaucoma1348.jpg,E:\Main project\Batch 15\dataset\glaucoma\Glaucoma1348.jpg,glaucoma
Glaucoma1349.jpg,E:\Main project\Batch 15\dataset\glaucoma\Glaucoma1349.jpg,glaucoma
Glaucoma135.jpg,E:\Main project\Batch 15\dataset\glaucoma\Glaucoma135.jpg,glaucoma
Glaucoma136.jpg,E:\Main project\Batch 15\dataset\glaucoma\Glaucoma136.jpg,glaucoma
Glaucoma137.jpg,E:\Main project\Batch 15\dataset\glaucoma\Glaucoma137.jpg,glaucoma
Glaucoma138.jpg,E:\Main project\Batch 15\dataset\glaucoma\Glaucoma138.jpg,glaucoma
Glaucoma139.jpg,E:\Main project\Batch 15\dataset\glaucoma\Glaucoma139.jpg,glaucoma
Glaucoma14.jpg,E:\Main project\Batch 15\dataset\glaucoma\Glaucoma14.jpg,glaucoma
Glaucoma140.jpg,E:\Main project\Batch 15\dataset\glaucoma\Glaucoma140.jpg,glaucoma
Glaucoma141.jpg,E:\Main project\Batch 15\dataset\glaucoma\Glaucoma141.jpg,glaucoma
Glaucoma142.jpg,E:\Main project\Batch 15\dataset\glaucoma\Glaucoma142.jpg,glaucoma
Glaucoma143.jpg,E:\Main project\Batch 15\dataset\glaucoma\Glaucoma143.jpg,glaucoma
Glaucoma144.jpg,E:\Main project\Batch 15\dataset\glaucoma\Glaucoma144.jpg,glaucoma
Glaucoma145.jpg,E:\Main project\Batch 15\dataset\glaucoma\Glaucoma145.jpg,glaucoma
Glaucoma146.jpg,E:\Main project\Batch 15\dataset\glaucoma\Glaucoma146.jpg,glaucoma
Glaucoma147.jpg,E:\Main project\Batch 15\dataset\glaucoma\Glaucoma147.jpg,glaucoma
Glaucoma148.jpg,E:\Main project\Batch 15\dataset\glaucoma\Glaucoma148.jpg,glaucoma
Glaucoma149.jpg,E:\Main project\Batch 15\dataset\glaucoma\Glaucoma149.jpg,glaucoma
Glaucoma15.jpg,E:\Main project\Batch 15\dataset\glaucoma\Glaucoma15.jpg,glaucoma
Glaucoma150.jpg,E:\Main project\Batch 15\dataset\glaucoma\Glaucoma150.jpg,glaucoma
Glaucoma151.jpg,E:\Main project\Batch 15\dataset\glaucoma\Glaucoma151.jpg,glaucoma
Glaucoma152.jpg,E:\Main project\Batch 15\dataset\glaucoma\Glaucoma152.jpg,glaucoma
Glaucoma155.jpg,E:\Main project\Batch 15\dataset\glaucoma\Glaucoma155.jpg,glaucoma
Glaucoma156.jpg,E:\Main project\Batch 15\dataset\glaucoma\Glaucoma156.jpg,glaucoma
Glaucoma157.jpg,E:\Main project\Batch 15\dataset\glaucoma\Glaucoma157.jpg,glaucoma
Glaucoma158.jpg,E:\Main project\Batch 15\dataset\glaucoma\Glaucoma158.jpg,glaucoma
Glaucoma159.jpg,E:\Main project\Batch 15\dataset\glaucoma\Glaucoma159.jpg,glaucoma
Glaucoma16.jpg,E:\Main project\Batch 15\dataset\glaucoma\Glaucoma16.jpg,glaucoma
Glaucoma160.jpg,E:\Main project\Batch 15\dataset\glaucoma\Glaucoma160.jpg,glaucoma
Glaucoma161.jpg,E:\Main project\Batch 15\dataset\glaucoma\Glaucoma161.jpg,glaucoma
Glaucoma162.jpg,E:\Main project\Batch 15\dataset\glaucoma\Glaucoma162.jpg,glaucoma
Glaucoma163.jpg,E:\Main project\Batch 15\dataset\glaucoma\Glaucoma163.jpg,glaucoma
Glaucoma164.jpg,E:\Main project\Batch 15\dataset\glaucoma\Glaucoma164.jpg,glaucoma
Glaucoma165.jpg,E:\Main project\Batch 15\dataset\glaucoma\Glaucoma165.jpg,glaucoma
Glaucoma166.jpg,E:\Main project\Batch 15\dataset\glaucoma\Glaucoma166.jpg,glaucoma
Glaucoma167.jpg,E:\Main project\Batch 15\dataset\glaucoma\Glaucoma167.jpg,glaucoma
Glaucoma168.jpg,E:\Main project\Batch 15\dataset\glaucoma\Glaucoma168.jpg,glaucoma
Glaucoma169.jpg,E:\Main project\Batch 15\dataset\glaucoma\Glaucoma169.jpg,glaucoma
Glaucoma17.jpg,E:\Main project\Batch 15\dataset\glaucoma\Glaucoma17.jpg,glaucoma
Glaucoma170.jpg,E:\Main project\Batch 15\dataset\glaucoma\Glaucoma170.jpg,glaucoma
Glaucoma171.jpg,E:\Main project\Batch 15\dataset\glaucoma\Glaucoma171.jpg,glaucoma
Glaucoma172.jpg,E:\Main project\Batch 15\dataset\glaucoma\Glaucoma172.jpg,glaucoma
Glaucoma173.jpg,E:\Main project\Batch 15\dataset\glaucoma\Glaucoma173.jpg,glaucoma
Glaucoma174.jpg,E:\Main project\Batch 15\dataset\glaucoma\Glaucoma174.jpg,glaucoma
Glaucoma175.jpg,E:\Main project\Batch 15\dataset\glaucoma\Glaucoma175.jpg,glaucoma
Glaucoma176.jpg,E:\Main project\Batch 15\dataset\glaucoma\Glaucoma176.jpg,glaucoma
Glaucoma177.jpg,E:\Main project\Batch 15\dataset\glaucoma\Glaucoma177.jpg,glaucoma
Glaucoma178.jpg,E:\Main project\Batch 15\dataset\glaucoma\Glaucoma178.jpg,glaucoma
Glaucoma179.jpg,E:\Main project\Batch 15\dataset\glaucoma\Glaucoma179.jpg,glaucoma
Glaucoma18.jpg,E:\Main project\Batch 15\dataset\glaucoma\Glaucoma18.jpg,glaucoma
Glaucoma180.jpg,E:\Main project\Batch 15\dataset\glaucoma\Glaucoma180.jpg,glaucoma
Glaucoma181.jpg,E:\Main project\Batch 15\dataset\glaucoma\Glaucoma181.jpg,glaucoma
Glaucoma182.jpg,E:\Main project\Batch 15\dataset\glaucoma\Glaucoma182.jpg,glaucoma
Glaucoma183.jpg,E:\Main project\Batch 15\dataset\glaucoma\Glaucoma183.jpg,glaucoma
Glaucoma184.jpg,E:\Main project\Batch 15\dataset\glaucoma\Glaucoma184.jpg,glaucoma
Glaucoma185.jpg,E:\Main project\Batch 15\dataset\glaucoma\Glaucoma185.jpg,glaucoma
Glaucoma186.jpg,E:\Main project\Batch 15\dataset\glaucoma\Glaucoma186.jpg,glaucoma
Glaucoma187.jpg,E:\Main project\Batch 15\dataset\glaucoma\Glaucoma187.jpg,glaucoma
Glaucoma188.jpg,E:\Main project\Batch 15\dataset\glaucoma\Glaucoma188.jpg,glaucoma
Glaucoma189.jpg,E:\Main project\Batch 15\dataset\glaucoma\Glaucoma189.jpg,glaucoma
Glaucoma19.jpg,E:\Main project\Batch 15\dataset\glaucoma\Glaucoma19.jpg,glaucoma
Glaucoma190.jpg,E:\Main project\Batch 15\dataset\glaucoma\Glaucoma190.jpg,glaucoma
Glaucoma191.jpg,E:\Main project\Batch 15\dataset\glaucoma\Glaucoma191.jpg,glaucoma
Glaucoma192.jpg,E:\Main project\Batch 15\dataset\glaucoma\Glaucoma192.jpg,glaucoma
Glaucoma193.jpg,E:\Main project\Batch 15\dataset\glaucoma\Glaucoma193.jpg,glaucoma
Glaucoma194.jpg,E:\Main project\Batch 15\dataset\glaucoma\Glaucoma194.jpg,glaucoma
Glaucoma195.jpg,E:\Main project\Batch 15\dataset\glaucoma\Glaucoma195.jpg,glaucoma
Glaucoma196.jpg,E:\Main project\Batch 15\dataset\glaucoma\Glaucoma196.jpg,glaucoma
Glaucoma197.jpg,E:\Main project\Batch 15\dataset\glaucoma\Glaucoma197.jpg,glaucoma
Glaucoma198.jpg,E:\Main project\Batch 15\dataset\glaucoma\Glaucoma198.jpg,glaucoma
Glaucoma199.jpg,E:\Main project\Batch 15\dataset\glaucoma\Glaucoma199.jpg,glaucoma
Glaucoma2.jpg,E:\Main project\Batch 15\dataset\glaucoma\Glaucoma2.jpg,glaucoma
Glaucoma20.jpg,E:\Main project\Batch 15\dataset\glaucoma\Glaucoma20.jpg,glaucoma
Glaucoma200.jpg,E:\Main project\Batch 15\dataset\glaucoma\Glaucoma200.jpg,glaucoma
Glaucoma201.jpg,E:\Main project\Batch 15\dataset\glaucoma\Glaucoma201.jpg,glaucoma
Glaucoma202.jpg,E:\Main project\Batch 15\dataset\glaucoma\Glaucoma202.jpg,glaucoma
Glaucoma203.jpg,E:\Main project\Batch 15\dataset\glaucoma\Glaucoma203.jpg,glaucoma
Glaucoma204.jpg,E:\Main project\Batch 15\dataset\glaucoma\Glaucoma204.jpg,glaucoma
Glaucoma205.jpg,E:\Main project\Batch 15\dataset\glaucoma\Glaucoma205.jpg,glaucoma
Glaucoma206.jpg,E:\Main project\Batch 15\dataset\glaucoma\Glaucoma206.jpg,glaucoma
Glaucoma207.jpg,E:\Main project\Batch 15\dataset\glaucoma\Glaucoma207.jpg,glaucoma
Glaucoma208.jpg,E:\Main project\Batch 15\dataset\glaucoma\Glaucoma208.jpg,glaucoma
Glaucoma209.jpg,E:\Main project\Batch 15\dataset\glaucoma\Glaucoma209.jpg,glaucoma
Glaucoma21.jpg,E:\Main project\Batch 15\dataset\glaucoma\Glaucoma21.jpg,glaucoma
Glaucoma210.jpg,E:\Main project\Batch 15\dataset\glaucoma\Glaucoma210.jpg,glaucoma
Glaucoma211.jpg,E:\Main project\Batch 15\dataset\glaucoma\Glaucoma211.jpg,glaucoma
Glaucoma212.jpg,E:\Main project\Batch 15\dataset\glaucoma\Glaucoma212.jpg,glaucoma
Glaucoma214.jpg,E:\Main project\Batch 15\dataset\glaucoma\Glaucoma214.jpg,glaucoma
Glaucoma215.jpg,E:\Main project\Batch 15\dataset\glaucoma\Glaucoma215.jpg,glaucoma
Glaucoma216.jpg,E:\Main project\Batch 15\dataset\glaucoma\Glaucoma216.jpg,glaucoma
Glaucoma217.jpg,E:\Main project\Batch 15\dataset\glaucoma\Glaucoma217.jpg,glaucoma
Glaucoma218.jpg,E:\Main project\Batch 15\dataset\glaucoma\Glaucoma218.jpg,glaucoma
Glaucoma219.jpg,E:\Main project\Batch 15\dataset\glaucoma\Glaucoma219.jpg,glaucoma
Glaucoma22.jpg,E:\Main project\Batch 15\dataset\glaucoma\Glaucoma22.jpg,glaucoma
Glaucoma220.jpg,E:\Main project\Batch 15\dataset\glaucoma\Glaucoma220.jpg,glaucoma
Glaucoma221.jpg,E:\Main project\Batch 15\dataset\glaucoma\Glaucoma221.jpg,glaucoma
Glaucoma222.jpg,E:\Main project\Batch 15\dataset\glaucoma\Glaucoma222.jpg,glaucoma
Glaucoma223.jpg,E:\Main project\Batch 15\dataset\glaucoma\Glaucoma223.jpg,glaucoma
Glaucoma224.jpg,E:\Main project\Batch 15\dataset\glaucoma\Glaucoma224.jpg,glaucoma
Glaucoma225.jpg,E:\Main project\Batch 15\dataset\glaucoma\Glaucoma225.jpg,glaucoma
Glaucoma226.jpg,E:\Main project\Batch 15\dataset\glaucoma\Glaucoma226.jpg,glaucoma
Glaucoma227.jpg,E:\Main project\Batch 15\dataset\glaucoma\Glaucoma227.jpg,glaucoma
Glaucoma228.jpg,E:\Main project\Batch 15\dataset\glaucoma\Glaucoma228.jpg,glaucoma
Glaucoma229.jpg,E:\Main project\Batch 15\dataset\glaucoma\Glaucoma229.jpg,glaucoma
Glaucoma23.jpg,E:\Main project\Batch 15\dataset\glaucoma\Glaucoma23.jpg,glaucoma
Glaucoma230.jpg,E:\Main project\Batch 15\dataset\glaucoma\Glaucoma230.jpg,glaucoma
Glaucoma231.jpg,E:\Main project\Batch 15\dataset\glaucoma\Glaucoma231.jpg,glaucoma
Glaucoma232.jpg,E:\Main project\Batch 15\dataset\glaucoma\Glaucoma232.jpg,glaucoma
Glaucoma233.jpg,E:\Main project\Batch 15\dataset\glaucoma\Glaucoma233.jpg,glaucoma
Glaucoma234.jpg,E:\Main project\Batch 15\dataset\glaucoma\Glaucoma234.jpg,glaucoma
Glaucoma235.jpg,E:\Main project\Batch 15\dataset\glaucoma\Glaucoma235.jpg,glaucoma
Glaucoma236.jpg,E:\Main project\Batch 15\dataset\glaucoma\Glaucoma236.jpg,glaucoma
Glaucoma237.jpg,E:\Main project\Batch 15\dataset\glaucoma\Glaucoma237.jpg,glaucoma
Glaucoma238.jpg,E:\Main project\Batch 15\dataset\glaucoma\Glaucoma238.jpg,glaucoma
Glaucoma239.jpg,E:\Main project\Batch 15\dataset\glaucoma\Glaucoma239.jpg,glaucoma
Glaucoma24.jpg,E:\Main project\Batch 15\dataset\glaucoma\Glaucoma24.jpg,glaucoma
Glaucoma240.jpg,E:\Main project\Batch 15\dataset\glaucoma\Glaucoma240.jpg,glaucoma
Glaucoma241.jpg,E:\Main project\Batch 15\dataset\glaucoma\Glaucoma241.jpg,glaucoma
Glaucoma242.jpg,E:\Main project\Batch 15\dataset\glaucoma\Glaucoma242.jpg,glaucoma
Glaucoma243.jpg,E:\Main project\Batch 15\dataset\glaucoma\Glaucoma243.jpg,glaucoma
Glaucoma244.jpg,E:\Main project\Batch 15\dataset\glaucoma\Glaucoma244.jpg,glaucoma
Glaucoma246.jpg,E:\Main project\Batch 15\dataset\glaucoma\Glaucoma246.jpg,glaucoma
Glaucoma247.jpg,E:\Main project\Batch 15\dataset\glaucoma\Glaucoma247.jpg,glaucoma
Glaucoma248.jpg,E:\Main project\Batch 15\dataset\glaucoma\Glaucoma248.jpg,glaucoma
Glaucoma249.jpg,E:\Main project\Batch 15\dataset\glaucoma\Glaucoma249.jpg,glaucoma
Glaucoma25.jpg,E:\Main project\Batch 15\dataset\glaucoma\Glaucoma25.jpg,glaucoma
Glaucoma250.jpg,E:\Main project\Batch 15\dataset\glaucoma\Glaucoma250.jpg,glaucoma
Glaucoma251.jpg,E:\Main project\Batch 15\dataset\glaucoma\Glaucoma251.jpg,glaucoma
Glaucoma252.jpg,E:\Main project\Batch 15\dataset\glaucoma\Glaucoma252.jpg,glaucoma
Glaucoma253.jpg,E:\Main project\Batch 15\dataset\glaucoma\Glaucoma253.jpg,glaucoma
Glaucoma254.jpg,E:\Main project\Batch 15\dataset\glaucoma\Glaucoma254.jpg,glaucoma
Glaucoma255.jpg,E:\Main project\Batch 15\dataset\glaucoma\Glaucoma255.jpg,glaucoma
Glaucoma256.jpg,E:\Main project\Batch 15\dataset\glaucoma\Glaucoma256.jpg,glaucoma
Glaucoma257.jpg,E:\Main project\Batch 15\dataset\glaucoma\Glaucoma257.jpg,glaucoma
Glaucoma258.jpg,E:\Main project\Batch 15\dataset\glaucoma\Glaucoma258.jpg,glaucoma
Glaucoma259.jpg,E:\Main project\Batch 15\dataset\glaucoma\Glaucoma259.jpg,glaucoma
Glaucoma26.jpg,E:\Main project\Batch 15\dataset\glaucoma\Glaucoma26.jpg,glaucoma
Glaucoma260.jpg,E:\Main project\Batch 15\dataset\glaucoma\Glaucoma260.jpg,glaucoma
Glaucoma261.jpg,E:\Main project\Batch 15\dataset\glaucoma\Glaucoma261.jpg,glaucoma
Glaucoma262.jpg,E:\Main project\Batch 15\dataset\glaucoma\Glaucoma262.jpg,glaucoma
Glaucoma263.jpg,E:\Main project\Batch 15\dataset\glaucoma\Glaucoma263.jpg,glaucoma
Glaucoma264.jpg,E:\Main project\Batch 15\dataset\glaucoma\Glaucoma264.jpg,glaucoma
Glaucoma265.jpg,E:\Main project\Batch 15\dataset\glaucoma\Glaucoma265.jpg,glaucoma
Glaucoma266.jpg,E:\Main project\Batch 15\dataset\glaucoma\Glaucoma266.jpg,glaucoma
Glaucoma267.jpg,E:\Main project\Batch 15\dataset\glaucoma\Glaucoma267.jpg,glaucoma
Glaucoma268.jpg,E:\Main project\Batch 15\dataset\glaucoma\Glaucoma268.jpg,glaucoma
Glaucoma269.jpg,E:\Main project\Batch 15\dataset\glaucoma\Glaucoma269.jpg,glaucoma
Glaucoma27.jpg,E:\Main project\Batch 15\dataset\glaucoma\Glaucoma27.jpg,glaucoma
Glaucoma270.jpg,E:\Main project\Batch 15\dataset\glaucoma\Glaucoma270.jpg,glaucoma
Glaucoma271.jpg,E:\Main project\Batch 15\dataset\glaucoma\Glaucoma271.jpg,glaucoma
Glaucoma272.jpg,E:\Main project\Batch 15\dataset\glaucoma\Glaucoma272.jpg,glaucoma
Glaucoma273.jpg,E:\Main project\Batch 15\dataset\glaucoma\Glaucoma273.jpg,glaucoma
Glaucoma274.jpg,E:\Main project\Batch 15\dataset\glaucoma\Glaucoma274.jpg,glaucoma
Glaucoma275.jpg,E:\Main project\Batch 15\dataset\glaucoma\Glaucoma275.jpg,glaucoma
Glaucoma276.jpg,E:\Main project\Batch 15\dataset\glaucoma\Glaucoma276.jpg,glaucoma
Glaucoma277.jpg,E:\Main project\Batch 15\dataset\glaucoma\Glaucoma277.jpg,glaucoma
Glaucoma278.jpg,E:\Main project\Batch 15\dataset\glaucoma\Glaucoma278.jpg,glaucoma
Glaucoma279.jpg,E:\Main project\Batch 15\dataset\glaucoma\Glaucoma279.jpg,glaucoma
Glaucoma28.jpg,E:\Main project\Batch 15\dataset\glaucoma\Glaucoma28.jpg,glaucoma
Glaucoma280.jpg,E:\Main project\Batch 15\dataset\glaucoma\Glaucoma280.jpg,glaucoma
Glaucoma281.jpg,E:\Main project\Batch 15\dataset\glaucoma\Glaucoma281.jpg,glaucoma
Glaucoma282.jpg,E:\Main project\Batch 15\dataset\glaucoma\Glaucoma282.jpg,glaucoma
Glaucoma283.jpg,E:\Main project\Batch 15\dataset\glaucoma\Glaucoma283.jpg,glaucoma
Glaucoma284.jpg,E:\Main project\Batch 15\dataset\glaucoma\Glaucoma284.jpg,glaucoma
Glaucoma285.jpg,E:\Main project\Batch 15\dataset\glaucoma\Glaucoma285.jpg,glaucoma
Glaucoma286.jpg,E:\Main project\Batch 15\dataset\glaucoma\Glaucoma286.jpg,glaucoma
Glaucoma287.jpg,E:\Main project\Batch 15\dataset\glaucoma\Glaucoma287.jpg,glaucoma
Glaucoma288.jpg,E:\Main project\Batch 15\dataset\glaucoma\Glaucoma288.jpg,glaucoma
Glaucoma289.jpg,E:\Main project\Batch 15\dataset\glaucoma\Glaucoma289.jpg,glaucoma
Glaucoma29.jpg,E:\Main project\Batch 15\dataset\glaucoma\Glaucoma29.jpg,glaucoma
Glaucoma290.jpg,E:\Main project\Batch 15\dataset\glaucoma\Glaucoma290.jpg,glaucoma
Glaucoma291.jpg,E:\Main project\Batch 15\dataset\glaucoma\Glaucoma291.jpg,glaucoma
Glaucoma292.jpg,E:\Main project\Batch 15\dataset\glaucoma\Glaucoma292.jpg,glaucoma
Glaucoma293.jpg,E:\Main project\Batch 15\dataset\glaucoma\Glaucoma293.jpg,glaucoma
Glaucoma294.jpg,E:\Main project\Batch 15\dataset\glaucoma\Glaucoma294.jpg,glaucoma
Glaucoma295.jpg,E:\Main project\Batch 15\dataset\glaucoma\Glaucoma295.jpg,glaucoma
Glaucoma296.jpg,E:\Main project\Batch 15\dataset\glaucoma\Glaucoma296.jpg,glaucoma
Glaucoma297.jpg,E:\Main project\Batch 15\dataset\glaucoma\Glaucoma297.jpg,glaucoma
Glaucoma298.jpg,E:\Main project\Batch 15\dataset\glaucoma\Glaucoma298.jpg,glaucoma
Glaucoma299.jpg,E:\Main project\Batch 15\dataset\glaucoma\Glaucoma299.jpg,glaucoma
Glaucoma3.jpg,E:\Main project\Batch 15\dataset\glaucoma\Glaucoma3.jpg,glaucoma
Glaucoma30.jpg,E:\Main project\Batch 15\dataset\glaucoma\Glaucoma30.jpg,glaucoma
Glaucoma300.jpg,E:\Main project\Batch 15\dataset\glaucoma\Glaucoma300.jpg,glaucoma
Glaucoma301.jpg,E:\Main project\Batch 15\dataset\glaucoma\Glaucoma301.jpg,glaucoma
Glaucoma302.jpg,E:\Main project\Batch 15\dataset\glaucoma\Glaucoma302.jpg,glaucoma
Glaucoma303.jpg,E:\Main project\Batch 15\dataset\glaucoma\Glaucoma303.jpg,glaucoma
Glaucoma304.jpg,E:\Main project\Batch 15\dataset\glaucoma\Glaucoma304.jpg,glaucoma
Glaucoma305.jpg,E:\Main project\Batch 15\dataset\glaucoma\Glaucoma305.jpg,glaucoma
Glaucoma306.jpg,E:\Main project\Batch 15\dataset\glaucoma\Glaucoma306.jpg,glaucoma
Glaucoma307.jpg,E:\Main project\Batch 15\dataset\glaucoma\Glaucoma307.jpg,glaucoma
Glaucoma308.jpg,E:\Main project\Batch 15\dataset\glaucoma\Glaucoma308.jpg,glaucoma
Glaucoma309.jpg,E:\Main project\Batch 15\dataset\glaucoma\Glaucoma309.jpg,glaucoma
Glaucoma31.jpg,E:\Main project\Batch 15\dataset\glaucoma\Glaucoma31.jpg,glaucoma
Glaucoma310.jpg,E:\Main project\Batch 15\dataset\glaucoma\Glaucoma310.jpg,glaucoma
Glaucoma311.jpg,E:\Main project\Batch 15\dataset\glaucoma\Glaucoma311.jpg,glaucoma
Glaucoma312.jpg,E:\Main project\Batch 15\dataset\glaucoma\Glaucoma312.jpg,glaucoma
Glaucoma313.jpg,E:\Main project\Batch 15\dataset\glaucoma\Glaucoma313.jpg,glaucoma
Glaucoma314.jpg,E:\Main project\Batch 15\dataset\glaucoma\Glaucoma314.jpg,glaucoma
Glaucoma316.jpg,E:\Main project\Batch 15\dataset\glaucoma\Glaucoma316.jpg,glaucoma
Glaucoma317.jpg,E:\Main project\Batch 15\dataset\glaucoma\Glaucoma317.jpg,glaucoma
Glaucoma318.jpg,E:\Main project\Batch 15\dataset\glaucoma\Glaucoma318.jpg,glaucoma
Glaucoma319.jpg,E:\Main project\Batch 15\dataset\glaucoma\Glaucoma319.jpg,glaucoma
Glaucoma32.jpg,E:\Main project\Batch 15\dataset\glaucoma\Glaucoma32.jpg,glaucoma
Glaucoma320.jpg,E:\Main project\Batch 15\dataset\glaucoma\Glaucoma320.jpg,glaucoma
Glaucoma321.jpg,E:\Main project\Batch 15\dataset\glaucoma\Glaucoma321.jpg,glaucoma
Glaucoma322.jpg,E:\Main project\Batch 15\dataset\glaucoma\Glaucoma322.jpg,glaucoma
Glaucoma323.jpg,E:\Main project\Batch 15\dataset\glaucoma\Glaucoma323.jpg,glaucoma
Glaucoma324.jpg,E:\Main project\Batch 15\dataset\glaucoma\Glaucoma324.jpg,glaucoma
Glaucoma325.jpg,E:\Main project\Batch 15\dataset\glaucoma\Glaucoma325.jpg,glaucoma
Glaucoma326.jpg,E:\Main project\Batch 15\dataset\glaucoma\Glaucoma326.jpg,glaucoma
Glaucoma327.jpg,E:\Main project\Batch 15\dataset\glaucoma\Glaucoma327.jpg,glaucoma
Glaucoma329.jpg,E:\Main project\Batch 15\dataset\glaucoma\Glaucoma329.jpg,glaucoma
Glaucoma33.jpg,E:\Main project\Batch 15\dataset\glaucoma\Glaucoma33.jpg,glaucoma
Glaucoma330.jpg,E:\Main project\Batch 15\dataset\glaucoma\Glaucoma330.jpg,glaucoma
Glaucoma331.jpg,E:\Main project\Batch 15\dataset\glaucoma\Glaucoma331.jpg,glaucoma
Glaucoma332.jpg,E:\Main project\Batch 15\dataset\glaucoma\Glaucoma332.jpg,glaucoma
Glaucoma333.jpg,E:\Main project\Batch 15\dataset\glaucoma\Glaucoma333.jpg,glaucoma
Glaucoma334.jpg,E:\Main project\Batch 15\dataset\glaucoma\Glaucoma334.jpg,glaucoma
Glaucoma335.jpg,E:\Main project\Batch 15\dataset\glaucoma\Glaucoma335.jpg,glaucoma
Glaucoma336.jpg,E:\Main project\Batch 15\dataset\glaucoma\Glaucoma336.jpg,glaucoma
Glaucoma337.jpg,E:\Main project\Batch 15\dataset\glaucoma\Glaucoma337.jpg,glaucoma
Glaucoma338.jpg,E:\Main project\Batch 15\dataset\glaucoma\Glaucoma338.jpg,glaucoma
Glaucoma339.jpg,E:\Main project\Batch 15\dataset\glaucoma\Glaucoma339.jpg,glaucoma
Glaucoma34.jpg,E:\Main project\Batch 15\dataset\glaucoma\Glaucoma34.jpg,glaucoma
Glaucoma340.jpg,E:\Main project\Batch 15\dataset\glaucoma\Glaucoma340.jpg,glaucoma
Glaucoma341.jpg,E:\Main project\Batch 15\dataset\glaucoma\Glaucoma341.jpg,glaucoma
Glaucoma342.jpg,E:\Main project\Batch 15\dataset\glaucoma\Glaucoma342.jpg,glaucoma
Glaucoma343.jpg,E:\Main project\Batch 15\dataset\glaucoma\Glaucoma343.jpg,glaucoma
Glaucoma344.jpg,E:\Main project\Batch 15\dataset\glaucoma\Glaucoma344.jpg,glaucoma
Glaucoma345.jpg,E:\Main project\Batch 15\dataset\glaucoma\Glaucoma345.jpg,glaucoma
Glaucoma346.jpg,E:\Main project\Batch 15\dataset\glaucoma\Glaucoma346.jpg,glaucoma
Glaucoma347.jpg,E:\Main project\Batch 15\dataset\glaucoma\Glaucoma347.jpg,glaucoma
Glaucoma348.jpg,E:\Main project\Batch 15\dataset\glaucoma\Glaucoma348.jpg,glaucoma
Glaucoma349.jpg,E:\Main project\Batch 15\dataset\glaucoma\Glaucoma349.jpg,glaucoma
Glaucoma35.jpg,E:\Main project\Batch 15\dataset\glaucoma\Glaucoma35.jpg,glaucoma
Glaucoma350.jpg,E:\Main project\Batch 15\dataset\glaucoma\Glaucoma350.jpg,glaucoma
Glaucoma351.jpg,E:\Main project\Batch 15\dataset\glaucoma\Glaucoma351.jpg,glaucoma
Glaucoma352.jpg,E:\Main project\Batch 15\dataset\glaucoma\Glaucoma352.jpg,glaucoma
Glaucoma353.jpg,E:\Main project\Batch 15\dataset\glaucoma\Glaucoma353.jpg,glaucoma
Glaucoma354.jpg,E:\Main project\Batch 15\dataset\glaucoma\Glaucoma354.jpg,glaucoma
Glaucoma355.jpg,E:\Main project\Batch 15\dataset\glaucoma\Glaucoma355.jpg,glaucoma
Glaucoma356.jpg,E:\Main project\Batch 15\dataset\glaucoma\Glaucoma356.jpg,glaucoma
Glaucoma357.jpg,E:\Main project\Batch 15\dataset\glaucoma\Glaucoma357.jpg,glaucoma
Glaucoma358.jpg,E:\Main project\Batch 15\dataset\glaucoma\Glaucoma358.jpg,glaucoma
Glaucoma359.jpg,E:\Main project\Batch 15\dataset\glaucoma\Glaucoma359.jpg,glaucoma
Glaucoma36.jpg,E:\Main project\Batch 15\dataset\glaucoma\Glaucoma36.jpg,glaucoma
Glaucoma360.jpg,E:\Main project\Batch 15\dataset\glaucoma\Glaucoma360.jpg,glaucoma
Glaucoma361.jpg,E:\Main project\Batch 15\dataset\glaucoma\Glaucoma361.jpg,glaucoma
Glaucoma362.jpg,E:\Main project\Batch 15\dataset\glaucoma\Glaucoma362.jpg,glaucoma
Glaucoma363.jpg,E:\Main project\Batch 15\dataset\glaucoma\Glaucoma363.jpg,glaucoma
Glaucoma364.jpg,E:\Main project\Batch 15\dataset\glaucoma\Glaucoma364.jpg,glaucoma
Glaucoma365.jpg,E:\Main project\Batch 15\dataset\glaucoma\Glaucoma365.jpg,glaucoma
Glaucoma366.jpg,E:\Main project\Batch 15\dataset\glaucoma\Glaucoma366.jpg,glaucoma
Glaucoma367.jpg,E:\Main project\Batch 15\dataset\glaucoma\Glaucoma367.jpg,glaucoma
Glaucoma368.jpg,E:\Main project\Batch 15\dataset\glaucoma\Glaucoma368.jpg,glaucoma
Glaucoma369.jpg,E:\Main project\Batch 15\dataset\glaucoma\Glaucoma369.jpg,glaucoma
Glaucoma37.jpg,E:\Main project\Batch 15\dataset\glaucoma\Glaucoma37.jpg,glaucoma
Glaucoma370.jpg,E:\Main project\Batch 15\dataset\glaucoma\Glaucoma370.jpg,glaucoma
Glaucoma371.jpg,E:\Main project\Batch 15\dataset\glaucoma\Glaucoma371.jpg,glaucoma
Glaucoma372.jpg,E:\Main project\Batch 15\dataset\glaucoma\Glaucoma372.jpg,glaucoma
Glaucoma373.jpg,E:\Main project\Batch 15\dataset\glaucoma\Glaucoma373.jpg,glaucoma
Glaucoma374.jpg,E:\Main project\Batch 15\dataset\glaucoma\Glaucoma374.jpg,glaucoma
Glaucoma375.jpg,E:\Main project\Batch 15\dataset\glaucoma\Glaucoma375.jpg,glaucoma
Glaucoma376.jpg,E:\Main project\Batch 15\dataset\glaucoma\Glaucoma376.jpg,glaucoma
Glaucoma377.jpg,E:\Main project\Batch 15\dataset\glaucoma\Glaucoma377.jpg,glaucoma
Glaucoma378.jpg,E:\Main project\Batch 15\dataset\glaucoma\Glaucoma378.jpg,glaucoma
Glaucoma379.jpg,E:\Main project\Batch 15\dataset\glaucoma\Glaucoma379.jpg,glaucoma
Glaucoma38.jpg,E:\Main project\Batch 15\dataset\glaucoma\Glaucoma38.jpg,glaucoma
Glaucoma380.jpg,E:\Main project\Batch 15\dataset\glaucoma\Glaucoma380.jpg,glaucoma
Glaucoma381.jpg,E:\Main project\Batch 15\dataset\glaucoma\Glaucoma381.jpg,glaucoma
Glaucoma382.jpg,E:\Main project\Batch 15\dataset\glaucoma\Glaucoma382.jpg,glaucoma
Glaucoma383.jpg,E:\Main project\Batch 15\dataset\glaucoma\Glaucoma383.jpg,glaucoma
Glaucoma384.jpg,E:\Main project\Batch 15\dataset\glaucoma\Glaucoma384.jpg,glaucoma
Glaucoma385.jpg,E:\Main project\Batch 15\dataset\glaucoma\Glaucoma385.jpg,glaucoma
Glaucoma386.jpg,E:\Main project\Batch 15\dataset\glaucoma\Glaucoma386.jpg,glaucoma
Glaucoma387.jpg,E:\Main project\Batch 15\dataset\glaucoma\Glaucoma387.jpg,glaucoma
Glaucoma388.jpg,E:\Main project\Batch 15\dataset\glaucoma\Glaucoma388.jpg,glaucoma
Glaucoma389.jpg,E:\Main project\Batch 15\dataset\glaucoma\Glaucoma389.jpg,glaucoma
Glaucoma39.jpg,E:\Main project\Batch 15\dataset\glaucoma\Glaucoma39.jpg,glaucoma
Glaucoma390.jpg,E:\Main project\Batch 15\dataset\glaucoma\Glaucoma390.jpg,glaucoma
Glaucoma391.jpg,E:\Main project\Batch 15\dataset\glaucoma\Glaucoma391.jpg,glaucoma
Glaucoma392.jpg,E:\Main project\Batch 15\dataset\glaucoma\Glaucoma392.jpg,glaucoma
Glaucoma393.jpg,E:\Main project\Batch 15\dataset\glaucoma\Glaucoma393.jpg,glaucoma
Glaucoma394.jpg,E:\Main project\Batch 15\dataset\glaucoma\Glaucoma394.jpg,glaucoma
Glaucoma395.jpg,E:\Main project\Batch 15\dataset\glaucoma\Glaucoma395.jpg,glaucoma
Glaucoma396.jpg,E:\Main project\Batch 15\dataset\glaucoma\Glaucoma396.jpg,glaucoma
Glaucoma397.jpg,E:\Main project\Batch 15\dataset\glaucoma\Glaucoma397.jpg,glaucoma
Glaucoma398.jpg,E:\Main project\Batch 15\dataset\glaucoma\Glaucoma398.jpg,glaucoma
Glaucoma399.jpg,E:\Main project\Batch 15\dataset\glaucoma\Glaucoma399.jpg,glaucoma
Glaucoma4.jpg,E:\Main project\Batch 15\dataset\glaucoma\Glaucoma4.jpg,glaucoma
Glaucoma40.jpg,E:\Main project\Batch 15\dataset\glaucoma\Glaucoma40.jpg,glaucoma
Glaucoma400.jpg,E:\Main project\Batch 15\dataset\glaucoma\Glaucoma400.jpg,glaucoma
Glaucoma401.jpg,E:\Main project\Batch 15\dataset\glaucoma\Glaucoma401.jpg,glaucoma
Glaucoma402.jpg,E:\Main project\Batch 15\dataset\glaucoma\Glaucoma402.jpg,glaucoma
Glaucoma403.jpg,E:\Main project\Batch 15\dataset\glaucoma\Glaucoma403.jpg,glaucoma
Glaucoma404.jpg,E:\Main project\Batch 15\dataset\glaucoma\Glaucoma404.jpg,glaucoma
Glaucoma405.jpg,E:\Main project\Batch 15\dataset\glaucoma\Glaucoma405.jpg,glaucoma
Glaucoma406.jpg,E:\Main project\Batch 15\dataset\glaucoma\Glaucoma406.jpg,glaucoma
Glaucoma407.jpg,E:\Main project\Batch 15\dataset\glaucoma\Glaucoma407.jpg,glaucoma
Glaucoma408.jpg,E:\Main project\Batch 15\dataset\glaucoma\Glaucoma408.jpg,glaucoma
Glaucoma409.jpg,E:\Main project\Batch 15\dataset\glaucoma\Glaucoma409.jpg,glaucoma
Glaucoma41.jpg,E:\Main project\Batch 15\dataset\glaucoma\Glaucoma41.jpg,glaucoma
Glaucoma410.jpg,E:\Main project\Batch 15\dataset\glaucoma\Glaucoma410.jpg,glaucoma
Glaucoma411.jpg,E:\Main project\Batch 15\dataset\glaucoma\Glaucoma411.jpg,glaucoma
Glaucoma412.jpg,E:\Main project\Batch 15\dataset\glaucoma\Glaucoma412.jpg,glaucoma
Glaucoma413.jpg,E:\Main project\Batch 15\dataset\glaucoma\Glaucoma413.jpg,glaucoma
Glaucoma414.jpg,E:\Main project\Batch 15\dataset\glaucoma\Glaucoma414.jpg,glaucoma
Glaucoma415.jpg,E:\Main project\Batch 15\dataset\glaucoma\Glaucoma415.jpg,glaucoma
Glaucoma416.jpg,E:\Main project\Batch 15\dataset\glaucoma\Glaucoma416.jpg,glaucoma
Glaucoma417.jpg,E:\Main project\Batch 15\dataset\glaucoma\Glaucoma417.jpg,glaucoma
Glaucoma418.jpg,E:\Main project\Batch 15\dataset\glaucoma\Glaucoma418.jpg,glaucoma
Glaucoma419.jpg,E:\Main project\Batch 15\dataset\glaucoma\Glaucoma419.jpg,glaucoma
Glaucoma42.jpg,E:\Main project\Batch 15\dataset\glaucoma\Glaucoma42.jpg,glaucoma
Glaucoma420.jpg,E:\Main project\Batch 15\dataset\glaucoma\Glaucoma420.jpg,glaucoma
Glaucoma421.jpg,E:\Main project\Batch 15\dataset\glaucoma\Glaucoma421.jpg,glaucoma
Glaucoma422.jpg,E:\Main project\Batch 15\dataset\glaucoma\Glaucoma422.jpg,glaucoma
Glaucoma423.jpg,E:\Main project\Batch 15\dataset\glaucoma\Glaucoma423.jpg,glaucoma
Glaucoma424.jpg,E:\Main project\Batch 15\dataset\glaucoma\Glaucoma424.jpg,glaucoma
Glaucoma425.jpg,E:\Main project\Batch 15\dataset\glaucoma\Glaucoma425.jpg,glaucoma
Glaucoma426.jpg,E:\Main project\Batch 15\dataset\glaucoma\Glaucoma426.jpg,glaucoma
Glaucoma427.jpg,E:\Main project\Batch 15\dataset\glaucoma\Glaucoma427.jpg,glaucoma
Glaucoma428.jpg,E:\Main project\Batch 15\dataset\glaucoma\Glaucoma428.jpg,glaucoma
Glaucoma429.jpg,E:\Main project\Batch 15\dataset\glaucoma\Glaucoma429.jpg,glaucoma
Glaucoma43.jpg,E:\Main project\Batch 15\dataset\glaucoma\Glaucoma43.jpg,glaucoma
Glaucoma430.jpg,E:\Main project\Batch 15\dataset\glaucoma\Glaucoma430.jpg,glaucoma
Glaucoma431.jpg,E:\Main project\Batch 15\dataset\glaucoma\Glaucoma431.jpg,glaucoma
Glaucoma432.jpg,E:\Main project\Batch 15\dataset\glaucoma\Glaucoma432.jpg,glaucoma
Glaucoma433.jpg,E:\Main project\Batch 15\dataset\glaucoma\Glaucoma433.jpg,glaucoma
Glaucoma434.jpg,E:\Main project\Batch 15\dataset\glaucoma\Glaucoma434.jpg,glaucoma
Glaucoma435.jpg,E:\Main project\Batch 15\dataset\glaucoma\Glaucoma435.jpg,glaucoma
Glaucoma436.jpg,E:\Main project\Batch 15\dataset\glaucoma\Glaucoma436.jpg,glaucoma
Glaucoma437.jpg,E:\Main project\Batch 15\dataset\glaucoma\Glaucoma437.jpg,glaucoma
Glaucoma438.jpg,E:\Main project\Batch 15\dataset\glaucoma\Glaucoma438.jpg,glaucoma
Glaucoma439.jpg,E:\Main project\Batch 15\dataset\glaucoma\Glaucoma439.jpg,glaucoma
Glaucoma44.jpg,E:\Main project\Batch 15\dataset\glaucoma\Glaucoma44.jpg,glaucoma
Glaucoma440.jpg,E:\Main project\Batch 15\dataset\glaucoma\Glaucoma440.jpg,glaucoma
Glaucoma441.jpg,E:\Main project\Batch 15\dataset\glaucoma\Glaucoma441.jpg,glaucoma
Glaucoma442.jpg,E:\Main project\Batch 15\dataset\glaucoma\Glaucoma442.jpg,glaucoma
Glaucoma444.jpg,E:\Main project\Batch 15\dataset\glaucoma\Glaucoma444.jpg,glaucoma
Glaucoma445.jpg,E:\Main project\Batch 15\dataset\glaucoma\Glaucoma445.jpg,glaucoma
Glaucoma446.jpg,E:\Main project\Batch 15\dataset\glaucoma\Glaucoma446.jpg,glaucoma
Glaucoma447.jpg,E:\Main project\Batch 15\dataset\glaucoma\Glaucoma447.jpg,glaucoma
Glaucoma448.jpg,E:\Main project\Batch 15\dataset\glaucoma\Glaucoma448.jpg,glaucoma
Glaucoma449.jpg,E:\Main project\Batch 15\dataset\glaucoma\Glaucoma449.jpg,glaucoma
Glaucoma45.jpg,E:\Main project\Batch 15\dataset\glaucoma\Glaucoma45.jpg,glaucoma
Glaucoma450.jpg,E:\Main project\Batch 15\dataset\glaucoma\Glaucoma450.jpg,glaucoma
Glaucoma451.jpg,E:\Main project\Batch 15\dataset\glaucoma\Glaucoma451.jpg,glaucoma
Glaucoma452.jpg,E:\Main project\Batch 15\dataset\glaucoma\Glaucoma452.jpg,glaucoma
Glaucoma453.jpg,E:\Main project\Batch 15\dataset\glaucoma\Glaucoma453.jpg,glaucoma
Glaucoma454.jpg,E:\Main project\Batch 15\dataset\glaucoma\Glaucoma454.jpg,glaucoma
Glaucoma455.jpg,E:\Main project\Batch 15\dataset\glaucoma\Glaucoma455.jpg,glaucoma
Glaucoma456.jpg,E:\Main project\Batch 15\dataset\glaucoma\Glaucoma456.jpg,glaucoma
Glaucoma457.jpg,E:\Main project\Batch 15\dataset\glaucoma\Glaucoma457.jpg,glaucoma
Glaucoma458.jpg,E:\Main project\Batch 15\dataset\glaucoma\Glaucoma458.jpg,glaucoma
Glaucoma459.jpg,E:\Main project\Batch 15\dataset\glaucoma\Glaucoma459.jpg,glaucoma
Glaucoma46.jpg,E:\Main project\Batch 15\dataset\glaucoma\Glaucoma46.jpg,glaucoma
Glaucoma460.jpg,E:\Main project\Batch 15\dataset\glaucoma\Glaucoma460.jpg,glaucoma
Glaucoma461.jpg,E:\Main project\Batch 15\dataset\glaucoma\Glaucoma461.jpg,glaucoma
Glaucoma462.jpg,E:\Main project\Batch 15\dataset\glaucoma\Glaucoma462.jpg,glaucoma
Glaucoma463.jpg,E:\Main project\Batch 15\dataset\glaucoma\Glaucoma463.jpg,glaucoma
Glaucoma464.jpg,E:\Main project\Batch 15\dataset\glaucoma\Glaucoma464.jpg,glaucoma
Glaucoma465.jpg,E:\Main project\Batch 15\dataset\glaucoma\Glaucoma465.jpg,glaucoma
Glaucoma466.jpg,E:\Main project\Batch 15\dataset\glaucoma\Glaucoma466.jpg,glaucoma
Glaucoma467.jpg,E:\Main project\Batch 15\dataset\glaucoma\Glaucoma467.jpg,glaucoma
Glaucoma468.jpg,E:\Main project\Batch 15\dataset\glaucoma\Glaucoma468.jpg,glaucoma
Glaucoma469.jpg,E:\Main project\Batch 15\dataset\glaucoma\Glaucoma469.jpg,glaucoma
Glaucoma47.jpg,E:\Main project\Batch 15\dataset\glaucoma\Glaucoma47.jpg,glaucoma
Glaucoma470.jpg,E:\Main project\Batch 15\dataset\glaucoma\Glaucoma470.jpg,glaucoma
Glaucoma471.jpg,E:\Main project\Batch 15\dataset\glaucoma\Glaucoma471.jpg,glaucoma
Glaucoma472.jpg,E:\Main project\Batch 15\dataset\glaucoma\Glaucoma472.jpg,glaucoma
Glaucoma473.jpg,E:\Main project\Batch 15\dataset\glaucoma\Glaucoma473.jpg,glaucoma
Glaucoma474.jpg,E:\Main project\Batch 15\dataset\glaucoma\Glaucoma474.jpg,glaucoma
Glaucoma475.jpg,E:\Main project\Batch 15\dataset\glaucoma\Glaucoma475.jpg,glaucoma
Glaucoma476.jpg,E:\Main project\Batch 15\dataset\glaucoma\Glaucoma476.jpg,glaucoma
Glaucoma477.jpg,E:\Main project\Batch 15\dataset\glaucoma\Glaucoma477.jpg,glaucoma
Glaucoma478.jpg,E:\Main project\Batch 15\dataset\glaucoma\Glaucoma478.jpg,glaucoma
Glaucoma479.jpg,E:\Main project\Batch 15\dataset\glaucoma\Glaucoma479.jpg,glaucoma
Glaucoma48.jpg,E:\Main project\Batch 15\dataset\glaucoma\Glaucoma48.jpg,glaucoma
Glaucoma480.jpg,E:\Main project\Batch 15\dataset\glaucoma\Glaucoma480.jpg,glaucoma
Glaucoma481.jpg,E:\Main project\Batch 15\dataset\glaucoma\Glaucoma481.jpg,glaucoma
Glaucoma482.jpg,E:\Main project\Batch 15\dataset\glaucoma\Glaucoma482.jpg,glaucoma
Glaucoma483.jpg,E:\Main project\Batch 15\dataset\glaucoma\Glaucoma483.jpg,glaucoma
Glaucoma484.jpg,E:\Main project\Batch 15\dataset\glaucoma\Glaucoma484.jpg,glaucoma
Glaucoma485.jpg,E:\Main project\Batch 15\dataset\glaucoma\Glaucoma485.jpg,glaucoma
Glaucoma486.jpg,E:\Main project\Batch 15\dataset\glaucoma\Glaucoma486.jpg,glaucoma
Glaucoma487.jpg,E:\Main project\Batch 15\dataset\glaucoma\Glaucoma487.jpg,glaucoma
Glaucoma488.jpg,E:\Main project\Batch 15\dataset\glaucoma\Glaucoma488.jpg,glaucoma
Glaucoma489.jpg,E:\Main project\Batch 15\dataset\glaucoma\Glaucoma489.jpg,glaucoma
Glaucoma49.jpg,E:\Main project\Batch 15\dataset\glaucoma\Glaucoma49.jpg,glaucoma
Glaucoma490.jpg,E:\Main project\Batch 15\dataset\glaucoma\Glaucoma490.jpg,glaucoma
Glaucoma491.jpg,E:\Main project\Batch 15\dataset\glaucoma\Glaucoma491.jpg,glaucoma
Glaucoma492.jpg,E:\Main project\Batch 15\dataset\glaucoma\Glaucoma492.jpg,glaucoma
Glaucoma493.jpg,E:\Main project\Batch 15\dataset\glaucoma\Glaucoma493.jpg,glaucoma
Glaucoma494.jpg,E:\Main project\Batch 15\dataset\glaucoma\Glaucoma494.jpg,glaucoma
Glaucoma495.jpg,E:\Main project\Batch 15\dataset\glaucoma\Glaucoma495.jpg,glaucoma
Glaucoma497.jpg,E:\Main project\Batch 15\dataset\glaucoma\Glaucoma497.jpg,glaucoma
Glaucoma498.jpg,E:\Main project\Batch 15\dataset\glaucoma\Glaucoma498.jpg,glaucoma
Glaucoma499.jpg,E:\Main project\Batch 15\dataset\glaucoma\Glaucoma499.jpg,glaucoma
Glaucoma5.jpg,E:\Main project\Batch 15\dataset\glaucoma\Glaucoma5.jpg,glaucoma
Glaucoma50.jpg,E:\Main project\Batch 15\dataset\glaucoma\Glaucoma50.jpg,glaucoma
Glaucoma500.jpg,E:\Main project\Batch 15\dataset\glaucoma\Glaucoma500.jpg,glaucoma
Glaucoma501.jpg,E:\Main project\Batch 15\dataset\glaucoma\Glaucoma501.jpg,glaucoma
Glaucoma502.jpg,E:\Main project\Batch 15\dataset\glaucoma\Glaucoma502.jpg,glaucoma
Glaucoma503.jpg,E:\Main project\Batch 15\dataset\glaucoma\Glaucoma503.jpg,glaucoma
Glaucoma504.jpg,E:\Main project\Batch 15\dataset\glaucoma\Glaucoma504.jpg,glaucoma
Glaucoma505.jpg,E:\Main project\Batch 15\dataset\glaucoma\Glaucoma505.jpg,glaucoma
Glaucoma506.jpg,E:\Main project\Batch 15\dataset\glaucoma\Glaucoma506.jpg,glaucoma
Glaucoma507.jpg,E:\Main project\Batch 15\dataset\glaucoma\Glaucoma507.jpg,glaucoma
Glaucoma508.jpg,E:\Main project\Batch 15\dataset\glaucoma\Glaucoma508.jpg,glaucoma
Glaucoma509.jpg,E:\Main project\Batch 15\dataset\glaucoma\Glaucoma509.jpg,glaucoma
Glaucoma51.jpg,E:\Main project\Batch 15\dataset\glaucoma\Glaucoma51.jpg,glaucoma
Glaucoma510.jpg,E:\Main project\Batch 15\dataset\glaucoma\Glaucoma510.jpg,glaucoma
Glaucoma511.jpg,E:\Main project\Batch 15\dataset\glaucoma\Glaucoma511.jpg,glaucoma
Glaucoma512.jpg,E:\Main project\Batch 15\dataset\glaucoma\Glaucoma512.jpg,glaucoma
Glaucoma513.jpg,E:\Main project\Batch 15\dataset\glaucoma\Glaucoma513.jpg,glaucoma
Glaucoma514.jpg,E:\Main project\Batch 15\dataset\glaucoma\Glaucoma514.jpg,glaucoma
Glaucoma515.jpg,E:\Main project\Batch 15\dataset\glaucoma\Glaucoma515.jpg,glaucoma
Glaucoma516.jpg,E:\Main project\Batch 15\dataset\glaucoma\Glaucoma516.jpg,glaucoma
Glaucoma517.jpg,E:\Main project\Batch 15\dataset\glaucoma\Glaucoma517.jpg,glaucoma
Glaucoma518.jpg,E:\Main project\Batch 15\dataset\glaucoma\Glaucoma518.jpg,glaucoma
Glaucoma519.jpg,E:\Main project\Batch 15\dataset\glaucoma\Glaucoma519.jpg,glaucoma
Glaucoma52.jpg,E:\Main project\Batch 15\dataset\glaucoma\Glaucoma52.jpg,glaucoma
Glaucoma520.jpg,E:\Main project\Batch 15\dataset\glaucoma\Glaucoma520.jpg,glaucoma
Glaucoma522.jpg,E:\Main project\Batch 15\dataset\glaucoma\Glaucoma522.jpg,glaucoma
Glaucoma523.jpg,E:\Main project\Batch 15\dataset\glaucoma\Glaucoma523.jpg,glaucoma
Glaucoma524.jpg,E:\Main project\Batch 15\dataset\glaucoma\Glaucoma524.jpg,glaucoma
Glaucoma526.jpg,E:\Main project\Batch 15\dataset\glaucoma\Glaucoma526.jpg,glaucoma
Glaucoma527.jpg,E:\Main project\Batch 15\dataset\glaucoma\Glaucoma527.jpg,glaucoma
Glaucoma528.jpg,E:\Main project\Batch 15\dataset\glaucoma\Glaucoma528.jpg,glaucoma
Glaucoma529.jpg,E:\Main project\Batch 15\dataset\glaucoma\Glaucoma529.jpg,glaucoma
Glaucoma53.jpg,E:\Main project\Batch 15\dataset\glaucoma\Glaucoma53.jpg,glaucoma
Glaucoma530.jpg,E:\Main project\Batch 15\dataset\glaucoma\Glaucoma530.jpg,glaucoma
Glaucoma531.jpg,E:\Main project\Batch 15\dataset\glaucoma\Glaucoma531.jpg,glaucoma
Glaucoma532.jpg,E:\Main project\Batch 15\dataset\glaucoma\Glaucoma532.jpg,glaucoma
Glaucoma533.jpg,E:\Main project\Batch 15\dataset\glaucoma\Glaucoma533.jpg,glaucoma
Glaucoma535.jpg,E:\Main project\Batch 15\dataset\glaucoma\Glaucoma535.jpg,glaucoma
Glaucoma536.jpg,E:\Main project\Batch 15\dataset\glaucoma\Glaucoma536.jpg,glaucoma
Glaucoma537.jpg,E:\Main project\Batch 15\dataset\glaucoma\Glaucoma537.jpg,glaucoma
Glaucoma538.jpg,E:\Main project\Batch 15\dataset\glaucoma\Glaucoma538.jpg,glaucoma
Glaucoma539.jpg,E:\Main project\Batch 15\dataset\glaucoma\Glaucoma539.jpg,glaucoma
Glaucoma54.jpg,E:\Main project\Batch 15\dataset\glaucoma\Glaucoma54.jpg,glaucoma
Glaucoma540.jpg,E:\Main project\Batch 15\dataset\glaucoma\Glaucoma540.jpg,glaucoma
Glaucoma541.jpg,E:\Main project\Batch 15\dataset\glaucoma\Glaucoma541.jpg,glaucoma
Glaucoma542.jpg,E:\Main project\Batch 15\dataset\glaucoma\Glaucoma542.jpg,glaucoma
Glaucoma543.jpg,E:\Main project\Batch 15\dataset\glaucoma\Glaucoma543.jpg,glaucoma
Glaucoma544.jpg,E:\Main project\Batch 15\dataset\glaucoma\Glaucoma544.jpg,glaucoma
Glaucoma545.jpg,E:\Main project\Batch 15\dataset\glaucoma\Glaucoma545.jpg,glaucoma
Glaucoma546.jpg,E:\Main project\Batch 15\dataset\glaucoma\Glaucoma546.jpg,glaucoma
Glaucoma547.jpg,E:\Main project\Batch 15\dataset\glaucoma\Glaucoma547.jpg,glaucoma
Glaucoma548.jpg,E:\Main project\Batch 15\dataset\glaucoma\Glaucoma548.jpg,glaucoma
Glaucoma549.jpg,E:\Main project\Batch 15\dataset\glaucoma\Glaucoma549.jpg,glaucoma
Glaucoma550.jpg,E:\Main project\Batch 15\dataset\glaucoma\Glaucoma550.jpg,glaucoma
Glaucoma551.jpg,E:\Main project\Batch 15\dataset\glaucoma\Glaucoma551.jpg,glaucoma
Glaucoma552.jpg,E:\Main project\Batch 15\dataset\glaucoma\Glaucoma552.jpg,glaucoma
Glaucoma553.jpg,E:\Main project\Batch 15\dataset\glaucoma\Glaucoma553.jpg,glaucoma
Glaucoma554.jpg,E:\Main project\Batch 15\dataset\glaucoma\Glaucoma554.jpg,glaucoma
Glaucoma555.jpg,E:\Main project\Batch 15\dataset\glaucoma\Glaucoma555.jpg,glaucoma
Glaucoma556.jpg,E:\Main project\Batch 15\dataset\glaucoma\Glaucoma556.jpg,glaucoma
Glaucoma557.jpg,E:\Main project\Batch 15\dataset\glaucoma\Glaucoma557.jpg,glaucoma
Glaucoma558.jpg,E:\Main project\Batch 15\dataset\glaucoma\Glaucoma558.jpg,glaucoma
Glaucoma559.jpg,E:\Main project\Batch 15\dataset\glaucoma\Glaucoma559.jpg,glaucoma
Glaucoma56.jpg,E:\Main project\Batch 15\dataset\glaucoma\Glaucoma56.jpg,glaucoma
Glaucoma560.jpg,E:\Main project\Batch 15\dataset\glaucoma\Glaucoma560.jpg,glaucoma
Glaucoma561.jpg,E:\Main project\Batch 15\dataset\glaucoma\Glaucoma561.jpg,glaucoma
Glaucoma562.jpg,E:\Main project\Batch 15\dataset\glaucoma\Glaucoma562.jpg,glaucoma
Glaucoma563.jpg,E:\Main project\Batch 15\dataset\glaucoma\Glaucoma563.jpg,glaucoma
Glaucoma564.jpg,E:\Main project\Batch 15\dataset\glaucoma\Glaucoma564.jpg,glaucoma
Glaucoma565.jpg,E:\Main project\Batch 15\dataset\glaucoma\Glaucoma565.jpg,glaucoma
Glaucoma566.jpg,E:\Main project\Batch 15\dataset\glaucoma\Glaucoma566.jpg,glaucoma
Glaucoma567.jpg,E:\Main project\Batch 15\dataset\glaucoma\Glaucoma567.jpg,glaucoma
Glaucoma568.jpg,E:\Main project\Batch 15\dataset\glaucoma\Glaucoma568.jpg,glaucoma
Glaucoma569.jpg,E:\Main project\Batch 15\dataset\glaucoma\Glaucoma569.jpg,glaucoma
Glaucoma57.jpg,E:\Main project\Batch 15\dataset\glaucoma\Glaucoma57.jpg,glaucoma
Glaucoma570.jpg,E:\Main project\Batch 15\dataset\glaucoma\Glaucoma570.jpg,glaucoma
Glaucoma572.jpg,E:\Main project\Batch 15\dataset\glaucoma\Glaucoma572.jpg,glaucoma
Glaucoma573.jpg,E:\Main project\Batch 15\dataset\glaucoma\Glaucoma573.jpg,glaucoma
Glaucoma574.jpg,E:\Main project\Batch 15\dataset\glaucoma\Glaucoma574.jpg,glaucoma
Glaucoma575.jpg,E:\Main project\Batch 15\dataset\glaucoma\Glaucoma575.jpg,glaucoma
Glaucoma576.jpg,E:\Main project\Batch 15\dataset\glaucoma\Glaucoma576.jpg,glaucoma
Glaucoma577.jpg,E:\Main project\Batch 15\dataset\glaucoma\Glaucoma577.jpg,glaucoma
Glaucoma578.jpg,E:\Main project\Batch 15\dataset\glaucoma\Glaucoma578.jpg,glaucoma
Glaucoma579.jpg,E:\Main project\Batch 15\dataset\glaucoma\Glaucoma579.jpg,glaucoma
Glaucoma58.jpg,E:\Main project\Batch 15\dataset\glaucoma\Glaucoma58.jpg,glaucoma
Glaucoma580.jpg,E:\Main project\Batch 15\dataset\glaucoma\Glaucoma580.jpg,glaucoma
Glaucoma581.jpg,E:\Main project\Batch 15\dataset\glaucoma\Glaucoma581.jpg,glaucoma
Glaucoma582.jpg,E:\Main project\Batch 15\dataset\glaucoma\Glaucoma582.jpg,glaucoma
Glaucoma583.jpg,E:\Main project\Batch 15\dataset\glaucoma\Glaucoma583.jpg,glaucoma
Glaucoma584.jpg,E:\Main project\Batch 15\dataset\glaucoma\Glaucoma584.jpg,glaucoma
Glaucoma585.jpg,E:\Main project\Batch 15\dataset\glaucoma\Glaucoma585.jpg,glaucoma
Glaucoma586.jpg,E:\Main project\Batch 15\dataset\glaucoma\Glaucoma586.jpg,glaucoma
Glaucoma587.jpg,E:\Main project\Batch 15\dataset\glaucoma\Glaucoma587.jpg,glaucoma
Glaucoma588.jpg,E:\Main project\Batch 15\dataset\glaucoma\Glaucoma588.jpg,glaucoma
Glaucoma589.jpg,E:\Main project\Batch 15\dataset\glaucoma\Glaucoma589.jpg,glaucoma
Glaucoma59.jpg,E:\Main project\Batch 15\dataset\glaucoma\Glaucoma59.jpg,glaucoma
Glaucoma590.jpg,E:\Main project\Batch 15\dataset\glaucoma\Glaucoma590.jpg,glaucoma
Glaucoma591.jpg,E:\Main project\Batch 15\dataset\glaucoma\Glaucoma591.jpg,glaucoma
Glaucoma592.jpg,E:\Main project\Batch 15\dataset\glaucoma\Glaucoma592.jpg,glaucoma
Glaucoma593.jpg,E:\Main project\Batch 15\dataset\glaucoma\Glaucoma593.jpg,glaucoma
Glaucoma594.jpg,E:\Main project\Batch 15\dataset\glaucoma\Glaucoma594.jpg,glaucoma
Glaucoma595.jpg,E:\Main project\Batch 15\dataset\glaucoma\Glaucoma595.jpg,glaucoma
Glaucoma596.jpg,E:\Main project\Batch 15\dataset\glaucoma\Glaucoma596.jpg,glaucoma
Glaucoma598.jpg,E:\Main project\Batch 15\dataset\glaucoma\Glaucoma598.jpg,glaucoma
Glaucoma599.jpg,E:\Main project\Batch 15\dataset\glaucoma\Glaucoma599.jpg,glaucoma
Glaucoma6.jpg,E:\Main project\Batch 15\dataset\glaucoma\Glaucoma6.jpg,glaucoma
Glaucoma60.jpg,E:\Main project\Batch 15\dataset\glaucoma\Glaucoma60.jpg,glaucoma
Glaucoma600.jpg,E:\Main project\Batch 15\dataset\glaucoma\Glaucoma600.jpg,glaucoma
Glaucoma601.jpg,E:\Main project\Batch 15\dataset\glaucoma\Glaucoma601.jpg,glaucoma
Glaucoma602.jpg,E:\Main project\Batch 15\dataset\glaucoma\Glaucoma602.jpg,glaucoma
Glaucoma603.jpg,E:\Main project\Batch 15\dataset\glaucoma\Glaucoma603.jpg,glaucoma
Glaucoma604.jpg,E:\Main project\Batch 15\dataset\glaucoma\Glaucoma604.jpg,glaucoma
Glaucoma605.jpg,E:\Main project\Batch 15\dataset\glaucoma\Glaucoma605.jpg,glaucoma
Glaucoma606.jpg,E:\Main project\Batch 15\dataset\glaucoma\Glaucoma606.jpg,glaucoma
Glaucoma607.jpg,E:\Main project\Batch 15\dataset\glaucoma\Glaucoma607.jpg,glaucoma
Glaucoma608.jpg,E:\Main project\Batch 15\dataset\glaucoma\Glaucoma608.jpg,glaucoma
Glaucoma609.jpg,E:\Main project\Batch 15\dataset\glaucoma\Glaucoma609.jpg,glaucoma
Glaucoma61.jpg,E:\Main project\Batch 15\dataset\glaucoma\Glaucoma61.jpg,glaucoma
Glaucoma610.jpg,E:\Main project\Batch 15\dataset\glaucoma\Glaucoma610.jpg,glaucoma
Glaucoma611.jpg,E:\Main project\Batch 15\dataset\glaucoma\Glaucoma611.jpg,glaucoma
Glaucoma612.jpg,E:\Main project\Batch 15\dataset\glaucoma\Glaucoma612.jpg,glaucoma
Glaucoma613.jpg,E:\Main project\Batch 15\dataset\glaucoma\Glaucoma613.jpg,glaucoma
Glaucoma615.jpg,E:\Main project\Batch 15\dataset\glaucoma\Glaucoma615.jpg,glaucoma
Glaucoma616.jpg,E:\Main project\Batch 15\dataset\glaucoma\Glaucoma616.jpg,glaucoma
Glaucoma617.jpg,E:\Main project\Batch 15\dataset\glaucoma\Glaucoma617.jpg,glaucoma
Glaucoma619.jpg,E:\Main project\Batch 15\dataset\glaucoma\Glaucoma619.jpg,glaucoma
Glaucoma62.jpg,E:\Main project\Batch 15\dataset\glaucoma\Glaucoma62.jpg,glaucoma
Glaucoma620.jpg,E:\Main project\Batch 15\dataset\glaucoma\Glaucoma620.jpg,glaucoma
Glaucoma621.jpg,E:\Main project\Batch 15\dataset\glaucoma\Glaucoma621.jpg,glaucoma
Glaucoma622.jpg,E:\Main project\Batch 15\dataset\glaucoma\Glaucoma622.jpg,glaucoma
Glaucoma623.jpg,E:\Main project\Batch 15\dataset\glaucoma\Glaucoma623.jpg,glaucoma
Glaucoma624.jpg,E:\Main project\Batch 15\dataset\glaucoma\Glaucoma624.jpg,glaucoma
Glaucoma625.jpg,E:\Main project\Batch 15\dataset\glaucoma\Glaucoma625.jpg,glaucoma
Glaucoma626.jpg,E:\Main project\Batch 15\dataset\glaucoma\Glaucoma626.jpg,glaucoma
Glaucoma627.jpg,E:\Main project\Batch 15\dataset\glaucoma\Glaucoma627.jpg,glaucoma
Glaucoma629.jpg,E:\Main project\Batch 15\dataset\glaucoma\Glaucoma629.jpg,glaucoma
Glaucoma63.jpg,E:\Main project\Batch 15\dataset\glaucoma\Glaucoma63.jpg,glaucoma
Glaucoma630.jpg,E:\Main project\Batch 15\dataset\glaucoma\Glaucoma630.jpg,glaucoma
Glaucoma631.jpg,E:\Main project\Batch 15\dataset\glaucoma\Glaucoma631.jpg,glaucoma
Glaucoma632.jpg,E:\Main project\Batch 15\dataset\glaucoma\Glaucoma632.jpg,glaucoma
Glaucoma633.jpg,E:\Main project\Batch 15\dataset\glaucoma\Glaucoma633.jpg,glaucoma
Glaucoma634.jpg,E:\Main project\Batch 15\dataset\glaucoma\Glaucoma634.jpg,glaucoma
Glaucoma635.jpg,E:\Main project\Batch 15\dataset\glaucoma\Glaucoma635.jpg,glaucoma
Glaucoma636.jpg,E:\Main project\Batch 15\dataset\glaucoma\Glaucoma636.jpg,glaucoma
Glaucoma637.jpg,E:\Main project\Batch 15\dataset\glaucoma\Glaucoma637.jpg,glaucoma
Glaucoma639.jpg,E:\Main project\Batch 15\dataset\glaucoma\Glaucoma639.jpg,glaucoma
Glaucoma64.jpg,E:\Main project\Batch 15\dataset\glaucoma\Glaucoma64.jpg,glaucoma
Glaucoma640.jpg,E:\Main project\Batch 15\dataset\glaucoma\Glaucoma640.jpg,glaucoma
Glaucoma641.jpg,E:\Main project\Batch 15\dataset\glaucoma\Glaucoma641.jpg,glaucoma
Glaucoma642.jpg,E:\Main project\Batch 15\dataset\glaucoma\Glaucoma642.jpg,glaucoma
Glaucoma643.jpg,E:\Main project\Batch 15\dataset\glaucoma\Glaucoma643.jpg,glaucoma
Glaucoma644.jpg,E:\Main project\Batch 15\dataset\glaucoma\Glaucoma644.jpg,glaucoma
Glaucoma645.jpg,E:\Main project\Batch 15\dataset\glaucoma\Glaucoma645.jpg,glaucoma
Glaucoma646.jpg,E:\Main project\Batch 15\dataset\glaucoma\Glaucoma646.jpg,glaucoma
Glaucoma647.jpg,E:\Main project\Batch 15\dataset\glaucoma\Glaucoma647.jpg,glaucoma
Glaucoma648.jpg,E:\Main project\Batch 15\dataset\glaucoma\Glaucoma648.jpg,glaucoma
Glaucoma649.jpg,E:\Main project\Batch 15\dataset\glaucoma\Glaucoma649.jpg,glaucoma
Glaucoma65.jpg,E:\Main project\Batch 15\dataset\glaucoma\Glaucoma65.jpg,glaucoma
Glaucoma650.jpg,E:\Main project\Batch 15\dataset\glaucoma\Glaucoma650.jpg,glaucoma
Glaucoma651.jpg,E:\Main project\Batch 15\dataset\glaucoma\Glaucoma651.jpg,glaucoma
Glaucoma652.jpg,E:\Main project\Batch 15\dataset\glaucoma\Glaucoma652.jpg,glaucoma
Glaucoma653.jpg,E:\Main project\Batch 15\dataset\glaucoma\Glaucoma653.jpg,glaucoma
Glaucoma654.jpg,E:\Main project\Batch 15\dataset\glaucoma\Glaucoma654.jpg,glaucoma
Glaucoma655.jpg,E:\Main project\Batch 15\dataset\glaucoma\Glaucoma655.jpg,glaucoma
Glaucoma656.jpg,E:\Main project\Batch 15\dataset\glaucoma\Glaucoma656.jpg,glaucoma
Glaucoma657.jpg,E:\Main project\Batch 15\dataset\glaucoma\Glaucoma657.jpg,glaucoma
Glaucoma658.jpg,E:\Main project\Batch 15\dataset\glaucoma\Glaucoma658.jpg,glaucoma
Glaucoma659.jpg,E:\Main project\Batch 15\dataset\glaucoma\Glaucoma659.jpg,glaucoma
Glaucoma66.jpg,E:\Main project\Batch 15\dataset\glaucoma\Glaucoma66.jpg,glaucoma
Glaucoma660.jpg,E:\Main project\Batch 15\dataset\glaucoma\Glaucoma660.jpg,glaucoma
Glaucoma661.jpg,E:\Main project\Batch 15\dataset\glaucoma\Glaucoma661.jpg,glaucoma
Glaucoma662.jpg,E:\Main project\Batch 15\dataset\glaucoma\Glaucoma662.jpg,glaucoma
Glaucoma663.jpg,E:\Main project\Batch 15\dataset\glaucoma\Glaucoma663.jpg,glaucoma
Glaucoma664.jpg,E:\Main project\Batch 15\dataset\glaucoma\Glaucoma664.jpg,glaucoma
Glaucoma665.jpg,E:\Main project\Batch 15\dataset\glaucoma\Glaucoma665.jpg,glaucoma
Glaucoma666.jpg,E:\Main project\Batch 15\dataset\glaucoma\Glaucoma666.jpg,glaucoma
Glaucoma667.jpg,E:\Main project\Batch 15\dataset\glaucoma\Glaucoma667.jpg,glaucoma
Glaucoma668.jpg,E:\Main project\Batch 15\dataset\glaucoma\Glaucoma668.jpg,glaucoma
Glaucoma669.jpg,E:\Main project\Batch 15\dataset\glaucoma\Glaucoma669.jpg,glaucoma
Glaucoma67.jpg,E:\Main project\Batch 15\dataset\glaucoma\Glaucoma67.jpg,glaucoma
Glaucoma670.jpg,E:\Main project\Batch 15\dataset\glaucoma\Glaucoma670.jpg,glaucoma
Glaucoma671.jpg,E:\Main project\Batch 15\dataset\glaucoma\Glaucoma671.jpg,glaucoma
Glaucoma674.jpg,E:\Main project\Batch 15\dataset\glaucoma\Glaucoma674.jpg,glaucoma
Glaucoma675.jpg,E:\Main project\Batch 15\dataset\glaucoma\Glaucoma675.jpg,glaucoma
Glaucoma676.jpg,E:\Main project\Batch 15\dataset\glaucoma\Glaucoma676.jpg,glaucoma
Glaucoma677.jpg,E:\Main project\Batch 15\dataset\glaucoma\Glaucoma677.jpg,glaucoma
Glaucoma678.jpg,E:\Main project\Batch 15\dataset\glaucoma\Glaucoma678.jpg,glaucoma
Glaucoma679.jpg,E:\Main project\Batch 15\dataset\glaucoma\Glaucoma679.jpg,glaucoma
Glaucoma68.jpg,E:\Main project\Batch 15\dataset\glaucoma\Glaucoma68.jpg,glaucoma
Glaucoma680.jpg,E:\Main project\Batch 15\dataset\glaucoma\Glaucoma680.jpg,glaucoma
Glaucoma681.jpg,E:\Main project\Batch 15\dataset\glaucoma\Glaucoma681.jpg,glaucoma
Glaucoma682.jpg,E:\Main project\Batch 15\dataset\glaucoma\Glaucoma682.jpg,glaucoma
Glaucoma683.jpg,E:\Main project\Batch 15\dataset\glaucoma\Glaucoma683.jpg,glaucoma
Glaucoma685.jpg,E:\Main project\Batch 15\dataset\glaucoma\Glaucoma685.jpg,glaucoma
Glaucoma686.jpg,E:\Main project\Batch 15\dataset\glaucoma\Glaucoma686.jpg,glaucoma
Glaucoma687.jpg,E:\Main project\Batch 15\dataset\glaucoma\Glaucoma687.jpg,glaucoma
Glaucoma688.jpg,E:\Main project\Batch 15\dataset\glaucoma\Glaucoma688.jpg,glaucoma
Glaucoma689.jpg,E:\Main project\Batch 15\dataset\glaucoma\Glaucoma689.jpg,glaucoma
Glaucoma69.jpg,E:\Main project\Batch 15\dataset\glaucoma\Glaucoma69.jpg,glaucoma
Glaucoma690.jpg,E:\Main project\Batch 15\dataset\glaucoma\Glaucoma690.jpg,glaucoma
Glaucoma691.jpg,E:\Main project\Batch 15\dataset\glaucoma\Glaucoma691.jpg,glaucoma
Glaucoma692.jpg,E:\Main project\Batch 15\dataset\glaucoma\Glaucoma692.jpg,glaucoma
Glaucoma693.jpg,E:\Main project\Batch 15\dataset\glaucoma\Glaucoma693.jpg,glaucoma
Glaucoma694.jpg,E:\Main project\Batch 15\dataset\glaucoma\Glaucoma694.jpg,glaucoma
Glaucoma695.jpg,E:\Main project\Batch 15\dataset\glaucoma\Glaucoma695.jpg,glaucoma
Glaucoma696.jpg,E:\Main project\Batch 15\dataset\glaucoma\Glaucoma696.jpg,glaucoma
Glaucoma697.jpg,E:\Main project\Batch 15\dataset\glaucoma\Glaucoma697.jpg,glaucoma
Glaucoma698.jpg,E:\Main project\Batch 15\dataset\glaucoma\Glaucoma698.jpg,glaucoma
Glaucoma699.jpg,E:\Main project\Batch 15\dataset\glaucoma\Glaucoma699.jpg,glaucoma
Glaucoma7.jpg,E:\Main project\Batch 15\dataset\glaucoma\Glaucoma7.jpg,glaucoma
Glaucoma70.jpg,E:\Main project\Batch 15\dataset\glaucoma\Glaucoma70.jpg,glaucoma
Glaucoma700.jpg,E:\Main project\Batch 15\dataset\glaucoma\Glaucoma700.jpg,glaucoma
Glaucoma701.jpg,E:\Main project\Batch 15\dataset\glaucoma\Glaucoma701.jpg,glaucoma
Glaucoma702.jpg,E:\Main project\Batch 15\dataset\glaucoma\Glaucoma702.jpg,glaucoma
Glaucoma703.jpg,E:\Main project\Batch 15\dataset\glaucoma\Glaucoma703.jpg,glaucoma
Glaucoma704.jpg,E:\Main project\Batch 15\dataset\glaucoma\Glaucoma704.jpg,glaucoma
Glaucoma705.jpg,E:\Main project\Batch 15\dataset\glaucoma\Glaucoma705.jpg,glaucoma
Glaucoma708.jpg,E:\Main project\Batch 15\dataset\glaucoma\Glaucoma708.jpg,glaucoma
Glaucoma709.jpg,E:\Main project\Batch 15\dataset\glaucoma\Glaucoma709.jpg,glaucoma
Glaucoma71.jpg,E:\Main project\Batch 15\dataset\glaucoma\Glaucoma71.jpg,glaucoma
Glaucoma710.jpg,E:\Main project\Batch 15\dataset\glaucoma\Glaucoma710.jpg,glaucoma
Glaucoma711.jpg,E:\Main project\Batch 15\dataset\glaucoma\Glaucoma711.jpg,glaucoma
Glaucoma712.jpg,E:\Main project\Batch 15\dataset\glaucoma\Glaucoma712.jpg,glaucoma
Glaucoma713.jpg,E:\Main project\Batch 15\dataset\glaucoma\Glaucoma713.jpg,glaucoma
Glaucoma714.jpg,E:\Main project\Batch 15\dataset\glaucoma\Glaucoma714.jpg,glaucoma
Glaucoma715.jpg,E:\Main project\Batch 15\dataset\glaucoma\Glaucoma715.jpg,glaucoma
Glaucoma716.jpg,E:\Main project\Batch 15\dataset\glaucoma\Glaucoma716.jpg,glaucoma
Glaucoma717.jpg,E:\Main project\Batch 15\dataset\glaucoma\Glaucoma717.jpg,glaucoma
Glaucoma718.jpg,E:\Main project\Batch 15\dataset\glaucoma\Glaucoma718.jpg,glaucoma
Glaucoma719.jpg,E:\Main project\Batch 15\dataset\glaucoma\Glaucoma719.jpg,glaucoma
Glaucoma72.jpg,E:\Main project\Batch 15\dataset\glaucoma\Glaucoma72.jpg,glaucoma
Glaucoma720.jpg,E:\Main project\Batch 15\dataset\glaucoma\Glaucoma720.jpg,glaucoma
Glaucoma721.jpg,E:\Main project\Batch 15\dataset\glaucoma\Glaucoma721.jpg,glaucoma
Glaucoma722.jpg,E:\Main project\Batch 15\dataset\glaucoma\Glaucoma722.jpg,glaucoma
Glaucoma723.jpg,E:\Main project\Batch 15\dataset\glaucoma\Glaucoma723.jpg,glaucoma
Glaucoma724.jpg,E:\Main project\Batch 15\dataset\glaucoma\Glaucoma724.jpg,glaucoma
Glaucoma725.jpg,E:\Main project\Batch 15\dataset\glaucoma\Glaucoma725.jpg,glaucoma
Glaucoma726.jpg,E:\Main project\Batch 15\dataset\glaucoma\Glaucoma726.jpg,glaucoma
Glaucoma727.jpg,E:\Main project\Batch 15\dataset\glaucoma\Glaucoma727.jpg,glaucoma
Glaucoma728.jpg,E:\Main project\Batch 15\dataset\glaucoma\Glaucoma728.jpg,glaucoma
Glaucoma729.jpg,E:\Main project\Batch 15\dataset\glaucoma\Glaucoma729.jpg,glaucoma
Glaucoma73.jpg,E:\Main project\Batch 15\dataset\glaucoma\Glaucoma73.jpg,glaucoma
Glaucoma731.jpg,E:\Main project\Batch 15\dataset\glaucoma\Glaucoma731.jpg,glaucoma
Glaucoma732.jpg,E:\Main project\Batch 15\dataset\glaucoma\Glaucoma732.jpg,glaucoma
Glaucoma733.jpg,E:\Main project\Batch 15\dataset\glaucoma\Glaucoma733.jpg,glaucoma
Glaucoma734.jpg,E:\Main project\Batch 15\dataset\glaucoma\Glaucoma734.jpg,glaucoma
Glaucoma735.jpg,E:\Main project\Batch 15\dataset\glaucoma\Glaucoma735.jpg,glaucoma
Glaucoma736.jpg,E:\Main project\Batch 15\dataset\glaucoma\Glaucoma736.jpg,glaucoma
Glaucoma737.jpg,E:\Main project\Batch 15\dataset\glaucoma\Glaucoma737.jpg,glaucoma
Glaucoma738.jpg,E:\Main project\Batch 15\dataset\glaucoma\Glaucoma738.jpg,glaucoma
Glaucoma739.jpg,E:\Main project\Batch 15\dataset\glaucoma\Glaucoma739.jpg,glaucoma
Glaucoma74.jpg,E:\Main project\Batch 15\dataset\glaucoma\Glaucoma74.jpg,glaucoma
Glaucoma740.jpg,E:\Main project\Batch 15\dataset\glaucoma\Glaucoma740.jpg,glaucoma
Glaucoma741.jpg,E:\Main project\Batch 15\dataset\glaucoma\Glaucoma741.jpg,glaucoma
Glaucoma742.jpg,E:\Main project\Batch 15\dataset\glaucoma\Glaucoma742.jpg,glaucoma
Glaucoma744.jpg,E:\Main project\Batch 15\dataset\glaucoma\Glaucoma744.jpg,glaucoma
Glaucoma745.jpg,E:\Main project\Batch 15\dataset\glaucoma\Glaucoma745.jpg,glaucoma
Glaucoma746.jpg,E:\Main project\Batch 15\dataset\glaucoma\Glaucoma746.jpg,glaucoma
Glaucoma747.jpg,E:\Main project\Batch 15\dataset\glaucoma\Glaucoma747.jpg,glaucoma
Glaucoma748.jpg,E:\Main project\Batch 15\dataset\glaucoma\Glaucoma748.jpg,glaucoma
Glaucoma749.jpg,E:\Main project\Batch 15\dataset\glaucoma\Glaucoma749.jpg,glaucoma
Glaucoma75.jpg,E:\Main project\Batch 15\dataset\glaucoma\Glaucoma75.jpg,glaucoma
Glaucoma750.jpg,E:\Main project\Batch 15\dataset\glaucoma\Glaucoma750.jpg,glaucoma
Glaucoma751.jpg,E:\Main project\Batch 15\dataset\glaucoma\Glaucoma751.jpg,glaucoma
Glaucoma752.jpg,E:\Main project\Batch 15\dataset\glaucoma\Glaucoma752.jpg,glaucoma
Glaucoma753.jpg,E:\Main project\Batch 15\dataset\glaucoma\Glaucoma753.jpg,glaucoma
Glaucoma754.jpg,E:\Main project\Batch 15\dataset\glaucoma\Glaucoma754.jpg,glaucoma
Glaucoma755.jpg,E:\Main project\Batch 15\dataset\glaucoma\Glaucoma755.jpg,glaucoma
Glaucoma756.jpg,E:\Main project\Batch 15\dataset\glaucoma\Glaucoma756.jpg,glaucoma
Glaucoma757.jpg,E:\Main project\Batch 15\dataset\glaucoma\Glaucoma757.jpg,glaucoma
Glaucoma758.jpg,E:\Main project\Batch 15\dataset\glaucoma\Glaucoma758.jpg,glaucoma
Glaucoma759.jpg,E:\Main project\Batch 15\dataset\glaucoma\Glaucoma759.jpg,glaucoma
Glaucoma76.jpg,E:\Main project\Batch 15\dataset\glaucoma\Glaucoma76.jpg,glaucoma
Glaucoma760.jpg,E:\Main project\Batch 15\dataset\glaucoma\Glaucoma760.jpg,glaucoma
Glaucoma761.jpg,E:\Main project\Batch 15\dataset\glaucoma\Glaucoma761.jpg,glaucoma
Glaucoma762.jpg,E:\Main project\Batch 15\dataset\glaucoma\Glaucoma762.jpg,glaucoma
Glaucoma763.jpg,E:\Main project\Batch 15\dataset\glaucoma\Glaucoma763.jpg,glaucoma
Glaucoma766.jpg,E:\Main project\Batch 15\dataset\glaucoma\Glaucoma766.jpg,glaucoma
Glaucoma767.jpg,E:\Main project\Batch 15\dataset\glaucoma\Glaucoma767.jpg,glaucoma
Glaucoma768.jpg,E:\Main project\Batch 15\dataset\glaucoma\Glaucoma768.jpg,glaucoma
Glaucoma769.jpg,E:\Main project\Batch 15\dataset\glaucoma\Glaucoma769.jpg,glaucoma
Glaucoma770.jpg,E:\Main project\Batch 15\dataset\glaucoma\Glaucoma770.jpg,glaucoma
Glaucoma771.jpg,E:\Main project\Batch 15\dataset\glaucoma\Glaucoma771.jpg,glaucoma
Glaucoma772.jpg,E:\Main project\Batch 15\dataset\glaucoma\Glaucoma772.jpg,glaucoma
Glaucoma773.jpg,E:\Main project\Batch 15\dataset\glaucoma\Glaucoma773.jpg,glaucoma
Glaucoma775.jpg,E:\Main project\Batch 15\dataset\glaucoma\Glaucoma775.jpg,glaucoma
Glaucoma776.jpg,E:\Main project\Batch 15\dataset\glaucoma\Glaucoma776.jpg,glaucoma
Glaucoma777.jpg,E:\Main project\Batch 15\dataset\glaucoma\Glaucoma777.jpg,glaucoma
Glaucoma778.jpg,E:\Main project\Batch 15\dataset\glaucoma\Glaucoma778.jpg,glaucoma
Glaucoma779.jpg,E:\Main project\Batch 15\dataset\glaucoma\Glaucoma779.jpg,glaucoma
Glaucoma780.jpg,E:\Main project\Batch 15\dataset\glaucoma\Glaucoma780.jpg,glaucoma
Glaucoma781.jpg,E:\Main project\Batch 15\dataset\glaucoma\Glaucoma781.jpg,glaucoma
Glaucoma782.jpg,E:\Main project\Batch 15\dataset\glaucoma\Glaucoma782.jpg,glaucoma
Glaucoma783.jpg,E:\Main project\Batch 15\dataset\glaucoma\Glaucoma783.jpg,glaucoma
Glaucoma784.jpg,E:\Main project\Batch 15\dataset\glaucoma\Glaucoma784.jpg,glaucoma
Glaucoma785.jpg,E:\Main project\Batch 15\dataset\glaucoma\Glaucoma785.jpg,glaucoma
Glaucoma786.jpg,E:\Main project\Batch 15\dataset\glaucoma\Glaucoma786.jpg,glaucoma
Glaucoma787.jpg,E:\Main project\Batch 15\dataset\glaucoma\Glaucoma787.jpg,glaucoma
Glaucoma788.jpg,E:\Main project\Batch 15\dataset\glaucoma\Glaucoma788.jpg,glaucoma
Glaucoma789.jpg,E:\Main project\Batch 15\dataset\glaucoma\Glaucoma789.jpg,glaucoma
Glaucoma79.jpg,E:\Main project\Batch 15\dataset\glaucoma\Glaucoma79.jpg,glaucoma
Glaucoma790.jpg,E:\Main project\Batch 15\dataset\glaucoma\Glaucoma790.jpg,glaucoma
Glaucoma791.jpg,E:\Main project\Batch 15\dataset\glaucoma\Glaucoma791.jpg,glaucoma
Glaucoma792.jpg,E:\Main project\Batch 15\dataset\glaucoma\Glaucoma792.jpg,glaucoma
Glaucoma794.jpg,E:\Main project\Batch 15\dataset\glaucoma\Glaucoma794.jpg,glaucoma
Glaucoma796.jpg,E:\Main project\Batch 15\dataset\glaucoma\Glaucoma796.jpg,glaucoma
Glaucoma797.jpg,E:\Main project\Batch 15\dataset\glaucoma\Glaucoma797.jpg,glaucoma
Glaucoma799.jpg,E:\Main project\Batch 15\dataset\glaucoma\Glaucoma799.jpg,glaucoma
Glaucoma8.jpg,E:\Main project\Batch 15\dataset\glaucoma\Glaucoma8.jpg,glaucoma
Glaucoma80.jpg,E:\Main project\Batch 15\dataset\glaucoma\Glaucoma80.jpg,glaucoma
Glaucoma800.jpg,E:\Main project\Batch 15\dataset\glaucoma\Glaucoma800.jpg,glaucoma
Glaucoma801.jpg,E:\Main project\Batch 15\dataset\glaucoma\Glaucoma801.jpg,glaucoma
Glaucoma803.jpg,E:\Main project\Batch 15\dataset\glaucoma\Glaucoma803.jpg,glaucoma
Glaucoma804.jpg,E:\Main project\Batch 15\dataset\glaucoma\Glaucoma804.jpg,glaucoma
Glaucoma805.jpg,E:\Main project\Batch 15\dataset\glaucoma\Glaucoma805.jpg,glaucoma
Glaucoma806.jpg,E:\Main project\Batch 15\dataset\glaucoma\Glaucoma806.jpg,glaucoma
Glaucoma808.jpg,E:\Main project\Batch 15\dataset\glaucoma\Glaucoma808.jpg,glaucoma
Glaucoma809.jpg,E:\Main project\Batch 15\dataset\glaucoma\Glaucoma809.jpg,glaucoma
Glaucoma81.jpg,E:\Main project\Batch 15\dataset\glaucoma\Glaucoma81.jpg,glaucoma
Glaucoma811.jpg,E:\Main project\Batch 15\dataset\glaucoma\Glaucoma811.jpg,glaucoma
Glaucoma812.jpg,E:\Main project\Batch 15\dataset\glaucoma\Glaucoma812.jpg,glaucoma
Glaucoma813.jpg,E:\Main project\Batch 15\dataset\glaucoma\Glaucoma813.jpg,glaucoma
Glaucoma814.jpg,E:\Main project\Batch 15\dataset\glaucoma\Glaucoma814.jpg,glaucoma
Glaucoma815.jpg,E:\Main project\Batch 15\dataset\glaucoma\Glaucoma815.jpg,glaucoma
Glaucoma816.jpg,E:\Main project\Batch 15\dataset\glaucoma\Glaucoma816.jpg,glaucoma
Glaucoma817.jpg,E:\Main project\Batch 15\dataset\glaucoma\Glaucoma817.jpg,glaucoma
Glaucoma818.jpg,E:\Main project\Batch 15\dataset\glaucoma\Glaucoma818.jpg,glaucoma
Glaucoma819.jpg,E:\Main project\Batch 15\dataset\glaucoma\Glaucoma819.jpg,glaucoma
Glaucoma82.jpg,E:\Main project\Batch 15\dataset\glaucoma\Glaucoma82.jpg,glaucoma
Glaucoma820.jpg,E:\Main project\Batch 15\dataset\glaucoma\Glaucoma820.jpg,glaucoma
Glaucoma821.jpg,E:\Main project\Batch 15\dataset\glaucoma\Glaucoma821.jpg,glaucoma
Glaucoma822.jpg,E:\Main project\Batch 15\dataset\glaucoma\Glaucoma822.jpg,glaucoma
Glaucoma823.jpg,E:\Main project\Batch 15\dataset\glaucoma\Glaucoma823.jpg,glaucoma
Glaucoma824.jpg,E:\Main project\Batch 15\dataset\glaucoma\Glaucoma824.jpg,glaucoma
Glaucoma825.jpg,E:\Main project\Batch 15\dataset\glaucoma\Glaucoma825.jpg,glaucoma
Glaucoma826.jpg,E:\Main project\Batch 15\dataset\glaucoma\Glaucoma826.jpg,glaucoma
Glaucoma828.jpg,E:\Main project\Batch 15\dataset\glaucoma\Glaucoma828.jpg,glaucoma
Glaucoma829.jpg,E:\Main project\Batch 15\dataset\glaucoma\Glaucoma829.jpg,glaucoma
Glaucoma83.jpg,E:\Main project\Batch 15\dataset\glaucoma\Glaucoma83.jpg,glaucoma
Glaucoma831.jpg,E:\Main project\Batch 15\dataset\glaucoma\Glaucoma831.jpg,glaucoma
Glaucoma832.jpg,E:\Main project\Batch 15\dataset\glaucoma\Glaucoma832.jpg,glaucoma
Glaucoma833.jpg,E:\Main project\Batch 15\dataset\glaucoma\Glaucoma833.jpg,glaucoma
Glaucoma835.jpg,E:\Main project\Batch 15\dataset\glaucoma\Glaucoma835.jpg,glaucoma
Glaucoma836.jpg,E:\Main project\Batch 15\dataset\glaucoma\Glaucoma836.jpg,glaucoma
Glaucoma837.jpg,E:\Main project\Batch 15\dataset\glaucoma\Glaucoma837.jpg,glaucoma
Glaucoma838.jpg,E:\Main project\Batch 15\dataset\glaucoma\Glaucoma838.jpg,glaucoma
Glaucoma839.jpg,E:\Main project\Batch 15\dataset\glaucoma\Glaucoma839.jpg,glaucoma
Glaucoma84.jpg,E:\Main project\Batch 15\dataset\glaucoma\Glaucoma84.jpg,glaucoma
Glaucoma840.jpg,E:\Main project\Batch 15\dataset\glaucoma\Glaucoma840.jpg,glaucoma
Glaucoma841.jpg,E:\Main project\Batch 15\dataset\glaucoma\Glaucoma841.jpg,glaucoma
Glaucoma842.jpg,E:\Main project\Batch 15\dataset\glaucoma\Glaucoma842.jpg,glaucoma
Glaucoma843.jpg,E:\Main project\Batch 15\dataset\glaucoma\Glaucoma843.jpg,glaucoma
Glaucoma844.jpg,E:\Main project\Batch 15\dataset\glaucoma\Glaucoma844.jpg,glaucoma
Glaucoma845.jpg,E:\Main project\Batch 15\dataset\glaucoma\Glaucoma845.jpg,glaucoma
Glaucoma846.jpg,E:\Main project\Batch 15\dataset\glaucoma\Glaucoma846.jpg,glaucoma
Glaucoma847.jpg,E:\Main project\Batch 15\dataset\glaucoma\Glaucoma847.jpg,glaucoma
Glaucoma848.jpg,E:\Main project\Batch 15\dataset\glaucoma\Glaucoma848.jpg,glaucoma
Glaucoma849.jpg,E:\Main project\Batch 15\dataset\glaucoma\Glaucoma849.jpg,glaucoma
Glaucoma85.jpg,E:\Main project\Batch 15\dataset\glaucoma\Glaucoma85.jpg,glaucoma
Glaucoma850.jpg,E:\Main project\Batch 15\dataset\glaucoma\Glaucoma850.jpg,glaucoma
Glaucoma851.jpg,E:\Main project\Batch 15\dataset\glaucoma\Glaucoma851.jpg,glaucoma
Glaucoma852.jpg,E:\Main project\Batch 15\dataset\glaucoma\Glaucoma852.jpg,glaucoma
Glaucoma853.jpg,E:\Main project\Batch 15\dataset\glaucoma\Glaucoma853.jpg,glaucoma
Glaucoma854.jpg,E:\Main project\Batch 15\dataset\glaucoma\Glaucoma854.jpg,glaucoma
Glaucoma855.jpg,E:\Main project\Batch 15\dataset\glaucoma\Glaucoma855.jpg,glaucoma
Glaucoma856.jpg,E:\Main project\Batch 15\dataset\glaucoma\Glaucoma856.jpg,glaucoma
Glaucoma857.jpg,E:\Main project\Batch 15\dataset\glaucoma\Glaucoma857.jpg,glaucoma
Glaucoma858.jpg,E:\Main project\Batch 15\dataset\glaucoma\Glaucoma858.jpg,glaucoma
Glaucoma859.jpg,E:\Main project\Batch 15\dataset\glaucoma\Glaucoma859.jpg,glaucoma
Glaucoma86.jpg,E:\Main project\Batch 15\dataset\glaucoma\Glaucoma86.jpg,glaucoma
Glaucoma860.jpg,E:\Main project\Batch 15\dataset\glaucoma\Glaucoma860.jpg,glaucoma
Glaucoma861.jpg,E:\Main project\Batch 15\dataset\glaucoma\Glaucoma861.jpg,glaucoma
Glaucoma862.jpg,E:\Main project\Batch 15\dataset\glaucoma\Glaucoma862.jpg,glaucoma
Glaucoma863.jpg,E:\Main project\Batch 15\dataset\glaucoma\Glaucoma863.jpg,glaucoma
Glaucoma864.jpg,E:\Main project\Batch 15\dataset\glaucoma\Glaucoma864.jpg,glaucoma
Glaucoma865.jpg,E:\Main project\Batch 15\dataset\glaucoma\Glaucoma865.jpg,glaucoma
Glaucoma866.jpg,E:\Main project\Batch 15\dataset\glaucoma\Glaucoma866.jpg,glaucoma
Glaucoma867.jpg,E:\Main project\Batch 15\dataset\glaucoma\Glaucoma867.jpg,glaucoma
Glaucoma868.jpg,E:\Main project\Batch 15\dataset\glaucoma\Glaucoma868.jpg,glaucoma
Glaucoma869.jpg,E:\Main project\Batch 15\dataset\glaucoma\Glaucoma869.jpg,glaucoma
Glaucoma87.jpg,E:\Main project\Batch 15\dataset\glaucoma\Glaucoma87.jpg,glaucoma
Glaucoma870.jpg,E:\Main project\Batch 15\dataset\glaucoma\Glaucoma870.jpg,glaucoma
Glaucoma871.jpg,E:\Main project\Batch 15\dataset\glaucoma\Glaucoma871.jpg,glaucoma
Glaucoma872.jpg,E:\Main project\Batch 15\dataset\glaucoma\Glaucoma872.jpg,glaucoma
Glaucoma873.jpg,E:\Main project\Batch 15\dataset\glaucoma\Glaucoma873.jpg,glaucoma
Glaucoma874.jpg,E:\Main project\Batch 15\dataset\glaucoma\Glaucoma874.jpg,glaucoma
Glaucoma875.jpg,E:\Main project\Batch 15\dataset\glaucoma\Glaucoma875.jpg,glaucoma
Glaucoma876.jpg,E:\Main project\Batch 15\dataset\glaucoma\Glaucoma876.jpg,glaucoma
Glaucoma877.jpg,E:\Main project\Batch 15\dataset\glaucoma\Glaucoma877.jpg,glaucoma
Glaucoma88.jpg,E:\Main project\Batch 15\dataset\glaucoma\Glaucoma88.jpg,glaucoma
Glaucoma880.jpg,E:\Main project\Batch 15\dataset\glaucoma\Glaucoma880.jpg,glaucoma
Glaucoma881.jpg,E:\Main project\Batch 15\dataset\glaucoma\Glaucoma881.jpg,glaucoma
Glaucoma882.jpg,E:\Main project\Batch 15\dataset\glaucoma\Glaucoma882.jpg,glaucoma
Glaucoma883.jpg,E:\Main project\Batch 15\dataset\glaucoma\Glaucoma883.jpg,glaucoma
Glaucoma884.jpg,E:\Main project\Batch 15\dataset\glaucoma\Glaucoma884.jpg,glaucoma
Glaucoma885.jpg,E:\Main project\Batch 15\dataset\glaucoma\Glaucoma885.jpg,glaucoma
Glaucoma886.jpg,E:\Main project\Batch 15\dataset\glaucoma\Glaucoma886.jpg,glaucoma
Glaucoma887.jpg,E:\Main project\Batch 15\dataset\glaucoma\Glaucoma887.jpg,glaucoma
Glaucoma888.jpg,E:\Main project\Batch 15\dataset\glaucoma\Glaucoma888.jpg,glaucoma
Glaucoma889.jpg,E:\Main project\Batch 15\dataset\glaucoma\Glaucoma889.jpg,glaucoma
Glaucoma890.jpg,E:\Main project\Batch 15\dataset\glaucoma\Glaucoma890.jpg,glaucoma
Glaucoma891.jpg,E:\Main project\Batch 15\dataset\glaucoma\Glaucoma891.jpg,glaucoma
Glaucoma892.jpg,E:\Main project\Batch 15\dataset\glaucoma\Glaucoma892.jpg,glaucoma
Glaucoma893.jpg,E:\Main project\Batch 15\dataset\glaucoma\Glaucoma893.jpg,glaucoma
Glaucoma894.jpg,E:\Main project\Batch 15\dataset\glaucoma\Glaucoma894.jpg,glaucoma
Glaucoma895.jpg,E:\Main project\Batch 15\dataset\glaucoma\Glaucoma895.jpg,glaucoma
Glaucoma896.jpg,E:\Main project\Batch 15\dataset\glaucoma\Glaucoma896.jpg,glaucoma
Glaucoma897.jpg,E:\Main project\Batch 15\dataset\glaucoma\Glaucoma897.jpg,glaucoma
Glaucoma898.jpg,E:\Main project\Batch 15\dataset\glaucoma\Glaucoma898.jpg,glaucoma
Glaucoma899.jpg,E:\Main project\Batch 15\dataset\glaucoma\Glaucoma899.jpg,glaucoma
Glaucoma9.jpg,E:\Main project\Batch 15\dataset\glaucoma\Glaucoma9.jpg,glaucoma
Glaucoma90.jpg,E:\Main project\Batch 15\dataset\glaucoma\Glaucoma90.jpg,glaucoma
Glaucoma900.jpg,E:\Main project\Batch 15\dataset\glaucoma\Glaucoma900.jpg,glaucoma
Glaucoma901.jpg,E:\Main project\Batch 15\dataset\glaucoma\Glaucoma901.jpg,glaucoma
Glaucoma902.jpg,E:\Main project\Batch 15\dataset\glaucoma\Glaucoma902.jpg,glaucoma
Glaucoma903.jpg,E:\Main project\Batch 15\dataset\glaucoma\Glaucoma903.jpg,glaucoma
Glaucoma904.jpg,E:\Main project\Batch 15\dataset\glaucoma\Glaucoma904.jpg,glaucoma
Glaucoma905.jpg,E:\Main project\Batch 15\dataset\glaucoma\Glaucoma905.jpg,glaucoma
Glaucoma906.jpg,E:\Main project\Batch 15\dataset\glaucoma\Glaucoma906.jpg,glaucoma
Glaucoma908.jpg,E:\Main project\Batch 15\dataset\glaucoma\Glaucoma908.jpg,glaucoma
Glaucoma909.jpg,E:\Main project\Batch 15\dataset\glaucoma\Glaucoma909.jpg,glaucoma
Glaucoma91.jpg,E:\Main project\Batch 15\dataset\glaucoma\Glaucoma91.jpg,glaucoma
Glaucoma910.jpg,E:\Main project\Batch 15\dataset\glaucoma\Glaucoma910.jpg,glaucoma
Glaucoma911.jpg,E:\Main project\Batch 15\dataset\glaucoma\Glaucoma911.jpg,glaucoma
Glaucoma912.jpg,E:\Main project\Batch 15\dataset\glaucoma\Glaucoma912.jpg,glaucoma
Glaucoma913.jpg,E:\Main project\Batch 15\dataset\glaucoma\Glaucoma913.jpg,glaucoma
Glaucoma914.jpg,E:\Main project\Batch 15\dataset\glaucoma\Glaucoma914.jpg,glaucoma
Glaucoma915.jpg,E:\Main project\Batch 15\dataset\glaucoma\Glaucoma915.jpg,glaucoma
Glaucoma916.jpg,E:\Main project\Batch 15\dataset\glaucoma\Glaucoma916.jpg,glaucoma
Glaucoma917.jpg,E:\Main project\Batch 15\dataset\glaucoma\Glaucoma917.jpg,glaucoma
Glaucoma918.jpg,E:\Main project\Batch 15\dataset\glaucoma\Glaucoma918.jpg,glaucoma
Glaucoma919.jpg,E:\Main project\Batch 15\dataset\glaucoma\Glaucoma919.jpg,glaucoma
Glaucoma92.jpg,E:\Main project\Batch 15\dataset\glaucoma\Glaucoma92.jpg,glaucoma
Glaucoma920.jpg,E:\Main project\Batch 15\dataset\glaucoma\Glaucoma920.jpg,glaucoma
Glaucoma921.jpg,E:\Main project\Batch 15\dataset\glaucoma\Glaucoma921.jpg,glaucoma
Glaucoma922.jpg,E:\Main project\Batch 15\dataset\glaucoma\Glaucoma922.jpg,glaucoma
Glaucoma923.jpg,E:\Main project\Batch 15\dataset\glaucoma\Glaucoma923.jpg,glaucoma
Glaucoma924.jpg,E:\Main project\Batch 15\dataset\glaucoma\Glaucoma924.jpg,glaucoma
Glaucoma925.jpg,E:\Main project\Batch 15\dataset\glaucoma\Glaucoma925.jpg,glaucoma
Glaucoma926.jpg,E:\Main project\Batch 15\dataset\glaucoma\Glaucoma926.jpg,glaucoma
Glaucoma927.jpg,E:\Main project\Batch 15\dataset\glaucoma\Glaucoma927.jpg,glaucoma
Glaucoma928.jpg,E:\Main project\Batch 15\dataset\glaucoma\Glaucoma928.jpg,glaucoma
Glaucoma929.jpg,E:\Main project\Batch 15\dataset\glaucoma\Glaucoma929.jpg,glaucoma
Glaucoma93.jpg,E:\Main project\Batch 15\dataset\glaucoma\Glaucoma93.jpg,glaucoma
Glaucoma930.jpg,E:\Main project\Batch 15\dataset\glaucoma\Glaucoma930.jpg,glaucoma
Glaucoma931.jpg,E:\Main project\Batch 15\dataset\glaucoma\Glaucoma931.jpg,glaucoma
Glaucoma932.jpg,E:\Main project\Batch 15\dataset\glaucoma\Glaucoma932.jpg,glaucoma
Glaucoma933.jpg,E:\Main project\Batch 15\dataset\glaucoma\Glaucoma933.jpg,glaucoma
Glaucoma934.jpg,E:\Main project\Batch 15\dataset\glaucoma\Glaucoma934.jpg,glaucoma
Glaucoma935.jpg,E:\Main project\Batch 15\dataset\glaucoma\Glaucoma935.jpg,glaucoma
Glaucoma936.jpg,E:\Main project\Batch 15\dataset\glaucoma\Glaucoma936.jpg,glaucoma
Glaucoma938.jpg,E:\Main project\Batch 15\dataset\glaucoma\Glaucoma938.jpg,glaucoma
Glaucoma939.jpg,E:\Main project\Batch 15\dataset\glaucoma\Glaucoma939.jpg,glaucoma
Glaucoma94.jpg,E:\Main project\Batch 15\dataset\glaucoma\Glaucoma94.jpg,glaucoma
Glaucoma940.jpg,E:\Main project\Batch 15\dataset\glaucoma\Glaucoma940.jpg,glaucoma
Glaucoma941.jpg,E:\Main project\Batch 15\dataset\glaucoma\Glaucoma941.jpg,glaucoma
Glaucoma942.jpg,E:\Main project\Batch 15\dataset\glaucoma\Glaucoma942.jpg,glaucoma
Glaucoma943.jpg,E:\Main project\Batch 15\dataset\glaucoma\Glaucoma943.jpg,glaucoma
Glaucoma944.jpg,E:\Main project\Batch 15\dataset\glaucoma\Glaucoma944.jpg,glaucoma
Glaucoma945.jpg,E:\Main project\Batch 15\dataset\glaucoma\Glaucoma945.jpg,glaucoma
Glaucoma946.jpg,E:\Main project\Batch 15\dataset\glaucoma\Glaucoma946.jpg,glaucoma
Glaucoma947.jpg,E:\Main project\Batch 15\dataset\glaucoma\Glaucoma947.jpg,glaucoma
Glaucoma948.jpg,E:\Main project\Batch 15\dataset\glaucoma\Glaucoma948.jpg,glaucoma
Glaucoma949.jpg,E:\Main project\Batch 15\dataset\glaucoma\Glaucoma949.jpg,glaucoma
Glaucoma95.jpg,E:\Main project\Batch 15\dataset\glaucoma\Glaucoma95.jpg,glaucoma
Glaucoma950.jpg,E:\Main project\Batch 15\dataset\glaucoma\Glaucoma950.jpg,glaucoma
Glaucoma951.jpg,E:\Main project\Batch 15\dataset\glaucoma\Glaucoma951.jpg,glaucoma
Glaucoma952.jpg,E:\Main project\Batch 15\dataset\glaucoma\Glaucoma952.jpg,glaucoma
Glaucoma953.jpg,E:\Main project\Batch 15\dataset\glaucoma\Glaucoma953.jpg,glaucoma
Glaucoma954.jpg,E:\Main project\Batch 15\dataset\glaucoma\Glaucoma954.jpg,glaucoma
Glaucoma955.jpg,E:\Main project\Batch 15\dataset\glaucoma\Glaucoma955.jpg,glaucoma
Glaucoma956.jpg,E:\Main project\Batch 15\dataset\glaucoma\Glaucoma956.jpg,glaucoma
Glaucoma957.jpg,E:\Main project\Batch 15\dataset\glaucoma\Glaucoma957.jpg,glaucoma
Glaucoma959.jpg,E:\Main project\Batch 15\dataset\glaucoma\Glaucoma959.jpg,glaucoma
Glaucoma96.jpg,E:\Main project\Batch 15\dataset\glaucoma\Glaucoma96.jpg,glaucoma
Glaucoma960.jpg,E:\Main project\Batch 15\dataset\glaucoma\Glaucoma960.jpg,glaucoma
Glaucoma961.jpg,E:\Main project\Batch 15\dataset\glaucoma\Glaucoma961.jpg,glaucoma
Glaucoma962.jpg,E:\Main project\Batch 15\dataset\glaucoma\Glaucoma962.jpg,glaucoma
Glaucoma964.jpg,E:\Main project\Batch 15\dataset\glaucoma\Glaucoma964.jpg,glaucoma
Glaucoma965.jpg,E:\Main project\Batch 15\dataset\glaucoma\Glaucoma965.jpg,glaucoma
Glaucoma966.jpg,E:\Main project\Batch 15\dataset\glaucoma\Glaucoma966.jpg,glaucoma
Glaucoma967.jpg,E:\Main project\Batch 15\dataset\glaucoma\Glaucoma967.jpg,glaucoma
Glaucoma968.jpg,E:\Main project\Batch 15\dataset\glaucoma\Glaucoma968.jpg,glaucoma
Glaucoma969.jpg,E:\Main project\Batch 15\dataset\glaucoma\Glaucoma969.jpg,glaucoma
Glaucoma971.jpg,E:\Main project\Batch 15\dataset\glaucoma\Glaucoma971.jpg,glaucoma
Glaucoma972.jpg,E:\Main project\Batch 15\dataset\glaucoma\Glaucoma972.jpg,glaucoma
Glaucoma973.jpg,E:\Main project\Batch 15\dataset\glaucoma\Glaucoma973.jpg,glaucoma
Glaucoma974.jpg,E:\Main project\Batch 15\dataset\glaucoma\Glaucoma974.jpg,glaucoma
Glaucoma975.jpg,E:\Main project\Batch 15\dataset\glaucoma\Glaucoma975.jpg,glaucoma
Glaucoma976.jpg,E:\Main project\Batch 15\dataset\glaucoma\Glaucoma976.jpg,glaucoma
Glaucoma977.jpg,E:\Main project\Batch 15\dataset\glaucoma\Glaucoma977.jpg,glaucoma
Glaucoma978.jpg,E:\Main project\Batch 15\dataset\glaucoma\Glaucoma978.jpg,glaucoma
Glaucoma979.jpg,E:\Main project\Batch 15\dataset\glaucoma\Glaucoma979.jpg,glaucoma
Glaucoma98.jpg,E:\Main project\Batch 15\dataset\glaucoma\Glaucoma98.jpg,glaucoma
Glaucoma980.jpg,E:\Main project\Batch 15\dataset\glaucoma\Glaucoma980.jpg,glaucoma
Glaucoma981.jpg,E:\Main project\Batch 15\dataset\glaucoma\Glaucoma981.jpg,glaucoma
Glaucoma983.jpg,E:\Main project\Batch 15\dataset\glaucoma\Glaucoma983.jpg,glaucoma
Glaucoma985.jpg,E:\Main project\Batch 15\dataset\glaucoma\Glaucoma985.jpg,glaucoma
Glaucoma986.jpg,E:\Main project\Batch 15\dataset\glaucoma\Glaucoma986.jpg,glaucoma
Glaucoma987.jpg,E:\Main project\Batch 15\dataset\glaucoma\Glaucoma987.jpg,glaucoma
Glaucoma988.jpg,E:\Main project\Batch 15\dataset\glaucoma\Glaucoma988.jpg,glaucoma
Glaucoma989.jpg,E:\Main project\Batch 15\dataset\glaucoma\Glaucoma989.jpg,glaucoma
Glaucoma99.jpg,E:\Main project\Batch 15\dataset\glaucoma\Glaucoma99.jpg,glaucoma
Glaucoma990.jpg,E:\Main project\Batch 15\dataset\glaucoma\Glaucoma990.jpg,glaucoma
Glaucoma991.jpg,E:\Main project\Batch 15\dataset\glaucoma\Glaucoma991.jpg,glaucoma
Glaucoma994.jpg,E:\Main project\Batch 15\dataset\glaucoma\Glaucoma994.jpg,glaucoma
Glaucoma995.jpg,E:\Main project\Batch 15\dataset\glaucoma\Glaucoma995.jpg,glaucoma
Glaucoma996.jpg,E:\Main project\Batch 15\dataset\glaucoma\Glaucoma996.jpg,glaucoma
Glaucoma997.jpg,E:\Main project\Batch 15\dataset\glaucoma\Glaucoma997.jpg,glaucoma
Glaucoma998.jpg,E:\Main project\Batch 15\dataset\glaucoma\Glaucoma998.jpg,glaucoma
Glaucoma999.jpg,E:\Main project\Batch 15\dataset\glaucoma\Glaucoma999.jpg,glaucoma
Glaucoma_001.png,E:\Main project\Batch 15\dataset\glaucoma\Glaucoma_001.png,glaucoma
Glaucoma_002.png,E:\Main project\Batch 15\dataset\glaucoma\Glaucoma_002.png,glaucoma
Glaucoma_003.png,E:\Main project\Batch 15\dataset\glaucoma\Glaucoma_003.png,glaucoma
Glaucoma_004.png,E:\Main project\Batch 15\dataset\glaucoma\Glaucoma_004.png,glaucoma
Glaucoma_005.png,E:\Main project\Batch 15\dataset\glaucoma\Glaucoma_005.png,glaucoma
Glaucoma_006.png,E:\Main project\Batch 15\dataset\glaucoma\Glaucoma_006.png,glaucoma
Glaucoma_007.png,E:\Main project\Batch 15\dataset\glaucoma\Glaucoma_007.png,glaucoma
Glaucoma_008.png,E:\Main project\Batch 15\dataset\glaucoma\Glaucoma_008.png,glaucoma
Glaucoma_009.png,E:\Main project\Batch 15\dataset\glaucoma\Glaucoma_009.png,glaucoma
Glaucoma_010.png,E:\Main project\Batch 15\dataset\glaucoma\Glaucoma_010.png,glaucoma
Glaucoma_011.png,E:\Main project\Batch 15\dataset\glaucoma\Glaucoma_011.png,glaucoma
Glaucoma_012.png,E:\Main project\Batch 15\dataset\glaucoma\Glaucoma_012.png,glaucoma
Glaucoma_013.png,E:\Main project\Batch 15\dataset\glaucoma\Glaucoma_013.png,glaucoma
Glaucoma_014.png,E:\Main project\Batch 15\dataset\glaucoma\Glaucoma_014.png,glaucoma
Glaucoma_015.png,E:\Main project\Batch 15\dataset\glaucoma\Glaucoma_015.png,glaucoma
Glaucoma_016.png,E:\Main project\Batch 15\dataset\glaucoma\Glaucoma_016.png,glaucoma
Glaucoma_017.png,E:\Main project\Batch 15\dataset\glaucoma\Glaucoma_017.png,glaucoma
Glaucoma_018.png,E:\Main project\Batch 15\dataset\glaucoma\Glaucoma_018.png,glaucoma
Glaucoma_019.png,E:\Main project\Batch 15\dataset\glaucoma\Glaucoma_019.png,glaucoma
Glaucoma_020.png,E:\Main project\Batch 15\dataset\glaucoma\Glaucoma_020.png,glaucoma
Glaucoma_021.png,E:\Main project\Batch 15\dataset\glaucoma\Glaucoma_021.png,glaucoma
Glaucoma_022.png,E:\Main project\Batch 15\dataset\glaucoma\Glaucoma_022.png,glaucoma
Glaucoma_023.png,E:\Main project\Batch 15\dataset\glaucoma\Glaucoma_023.png,glaucoma
Glaucoma_024.png,E:\Main project\Batch 15\dataset\glaucoma\Glaucoma_024.png,glaucoma
Glaucoma_025.png,E:\Main project\Batch 15\dataset\glaucoma\Glaucoma_025.png,glaucoma
Glaucoma_026.png,E:\Main project\Batch 15\dataset\glaucoma\Glaucoma_026.png,glaucoma
Glaucoma_027.png,E:\Main project\Batch 15\dataset\glaucoma\Glaucoma_027.png,glaucoma
Glaucoma_028.png,E:\Main project\Batch 15\dataset\glaucoma\Glaucoma_028.png,glaucoma
Glaucoma_029.png,E:\Main project\Batch 15\dataset\glaucoma\Glaucoma_029.png,glaucoma
Glaucoma_030.png,E:\Main project\Batch 15\dataset\glaucoma\Glaucoma_030.png,glaucoma
Glaucoma_031.png,E:\Main project\Batch 15\dataset\glaucoma\Glaucoma_031.png,glaucoma
Glaucoma_032.png,E:\Main project\Batch 15\dataset\glaucoma\Glaucoma_032.png,glaucoma
Glaucoma_033.png,E:\Main project\Batch 15\dataset\glaucoma\Glaucoma_033.png,glaucoma
Glaucoma_034.png,E:\Main project\Batch 15\dataset\glaucoma\Glaucoma_034.png,glaucoma
Glaucoma_035.png,E:\Main project\Batch 15\dataset\glaucoma\Glaucoma_035.png,glaucoma
Glaucoma_036.png,E:\Main project\Batch 15\dataset\glaucoma\Glaucoma_036.png,glaucoma
Glaucoma_037.png,E:\Main project\Batch 15\dataset\glaucoma\Glaucoma_037.png,glaucoma
Glaucoma_038.png,E:\Main project\Batch 15\dataset\glaucoma\Glaucoma_038.png,glaucoma
Glaucoma_039.png,E:\Main project\Batch 15\dataset\glaucoma\Glaucoma_039.png,glaucoma
Glaucoma_040.png,E:\Main project\Batch 15\dataset\glaucoma\Glaucoma_040.png,glaucoma
Glaucoma_041.png,E:\Main project\Batch 15\dataset\glaucoma\Glaucoma_041.png,glaucoma
Glaucoma_042.png,E:\Main project\Batch 15\dataset\glaucoma\Glaucoma_042.png,glaucoma
Glaucoma_043.png,E:\Main project\Batch 15\dataset\glaucoma\Glaucoma_043.png,glaucoma
Glaucoma_044.png,E:\Main project\Batch 15\dataset\glaucoma\Glaucoma_044.png,glaucoma
Glaucoma_045.png,E:\Main project\Batch 15\dataset\glaucoma\Glaucoma_045.png,glaucoma
Glaucoma_046.png,E:\Main project\Batch 15\dataset\glaucoma\Glaucoma_046.png,glaucoma
Glaucoma_047.png,E:\Main project\Batch 15\dataset\glaucoma\Glaucoma_047.png,glaucoma
Glaucoma_048.png,E:\Main project\Batch 15\dataset\glaucoma\Glaucoma_048.png,glaucoma
Glaucoma_049.png,E:\Main project\Batch 15\dataset\glaucoma\Glaucoma_049.png,glaucoma
Glaucoma_050.png,E:\Main project\Batch 15\dataset\glaucoma\Glaucoma_050.png,glaucoma
Glaucoma_051.png,E:\Main project\Batch 15\dataset\glaucoma\Glaucoma_051.png,glaucoma
Glaucoma_052.png,E:\Main project\Batch 15\dataset\glaucoma\Glaucoma_052.png,glaucoma
Glaucoma_053.png,E:\Main project\Batch 15\dataset\glaucoma\Glaucoma_053.png,glaucoma
Glaucoma_054.png,E:\Main project\Batch 15\dataset\glaucoma\Glaucoma_054.png,glaucoma
Glaucoma_055.png,E:\Main project\Batch 15\dataset\glaucoma\Glaucoma_055.png,glaucoma
Glaucoma_056.png,E:\Main project\Batch 15\dataset\glaucoma\Glaucoma_056.png,glaucoma
Glaucoma_057.png,E:\Main project\Batch 15\dataset\glaucoma\Glaucoma_057.png,glaucoma
Glaucoma_058.png,E:\Main project\Batch 15\dataset\glaucoma\Glaucoma_058.png,glaucoma
Glaucoma_059.png,E:\Main project\Batch 15\dataset\glaucoma\Glaucoma_059.png,glaucoma
Glaucoma_060.png,E:\Main project\Batch 15\dataset\glaucoma\Glaucoma_060.png,glaucoma
Glaucoma_061.png,E:\Main project\Batch 15\dataset\glaucoma\Glaucoma_061.png,glaucoma
Glaucoma_062.png,E:\Main project\Batch 15\dataset\glaucoma\Glaucoma_062.png,glaucoma
Glaucoma_063.png,E:\Main project\Batch 15\dataset\glaucoma\Glaucoma_063.png,glaucoma
Glaucoma_064.png,E:\Main project\Batch 15\dataset\glaucoma\Glaucoma_064.png,glaucoma
Glaucoma_065.png,E:\Main project\Batch 15\dataset\glaucoma\Glaucoma_065.png,glaucoma
Glaucoma_066.png,E:\Main project\Batch 15\dataset\glaucoma\Glaucoma_066.png,glaucoma
Glaucoma_067.png,E:\Main project\Batch 15\dataset\glaucoma\Glaucoma_067.png,glaucoma
Glaucoma_068.png,E:\Main project\Batch 15\dataset\glaucoma\Glaucoma_068.png,glaucoma
Glaucoma_069.png,E:\Main project\Batch 15\dataset\glaucoma\Glaucoma_069.png,glaucoma
Glaucoma_070.png,E:\Main project\Batch 15\dataset\glaucoma\Glaucoma_070.png,glaucoma
Glaucoma_071.png,E:\Main project\Batch 15\dataset\glaucoma\Glaucoma_071.png,glaucoma
Glaucoma_072.png,E:\Main project\Batch 15\dataset\glaucoma\Glaucoma_072.png,glaucoma
Glaucoma_073.png,E:\Main project\Batch 15\dataset\glaucoma\Glaucoma_073.png,glaucoma
Glaucoma_074.png,E:\Main project\Batch 15\dataset\glaucoma\Glaucoma_074.png,glaucoma
Glaucoma_075.png,E:\Main project\Batch 15\dataset\glaucoma\Glaucoma_075.png,glaucoma
Glaucoma_076.png,E:\Main project\Batch 15\dataset\glaucoma\Glaucoma_076.png,glaucoma
Glaucoma_077.png,E:\Main project\Batch 15\dataset\glaucoma\Glaucoma_077.png,glaucoma
Glaucoma_078.png,E:\Main project\Batch 15\dataset\glaucoma\Glaucoma_078.png,glaucoma
Glaucoma_079.png,E:\Main project\Batch 15\dataset\glaucoma\Glaucoma_079.png,glaucoma
Glaucoma_080.png,E:\Main project\Batch 15\dataset\glaucoma\Glaucoma_080.png,glaucoma
Glaucoma_081.png,E:\Main project\Batch 15\dataset\glaucoma\Glaucoma_081.png,glaucoma
Glaucoma_082.png,E:\Main project\Batch 15\dataset\glaucoma\Glaucoma_082.png,glaucoma
Glaucoma_083.png,E:\Main project\Batch 15\dataset\glaucoma\Glaucoma_083.png,glaucoma
Glaucoma_084.png,E:\Main project\Batch 15\dataset\glaucoma\Glaucoma_084.png,glaucoma
Glaucoma_085.png,E:\Main project\Batch 15\dataset\glaucoma\Glaucoma_085.png,glaucoma
Glaucoma_086.png,E:\Main project\Batch 15\dataset\glaucoma\Glaucoma_086.png,glaucoma
Glaucoma_087.png,E:\Main project\Batch 15\dataset\glaucoma\Glaucoma_087.png,glaucoma
Glaucoma_088.png,E:\Main project\Batch 15\dataset\glaucoma\Glaucoma_088.png,glaucoma
Glaucoma_089.png,E:\Main project\Batch 15\dataset\glaucoma\Glaucoma_089.png,glaucoma
Glaucoma_090.png,E:\Main project\Batch 15\dataset\glaucoma\Glaucoma_090.png,glaucoma
Glaucoma_091.png,E:\Main project\Batch 15\dataset\glaucoma\Glaucoma_091.png,glaucoma
Glaucoma_092.png,E:\Main project\Batch 15\dataset\glaucoma\Glaucoma_092.png,glaucoma
Glaucoma_093.png,E:\Main project\Batch 15\dataset\glaucoma\Glaucoma_093.png,glaucoma
Glaucoma_094.png,E:\Main project\Batch 15\dataset\glaucoma\Glaucoma_094.png,glaucoma
Glaucoma_095.png,E:\Main project\Batch 15\dataset\glaucoma\Glaucoma_095.png,glaucoma
Glaucoma_096.png,E:\Main project\Batch 15\dataset\glaucoma\Glaucoma_096.png,glaucoma
Glaucoma_097.png,E:\Main project\Batch 15\dataset\glaucoma\Glaucoma_097.png,glaucoma
Glaucoma_098.png,E:\Main project\Batch 15\dataset\glaucoma\Glaucoma_098.png,glaucoma
Glaucoma_099.png,E:\Main project\Batch 15\dataset\glaucoma\Glaucoma_099.png,glaucoma
Glaucoma_100.png,E:\Main project\Batch 15\dataset\glaucoma\Glaucoma_100.png,glaucoma
Glaucoma_101.png,E:\Main project\Batch 15\dataset\glaucoma\Glaucoma_101.png,glaucoma
_0_4517448.jpg,E:\Main project\Batch 15\dataset\glaucoma\_0_4517448.jpg,glaucoma
_100_3108233.jpg,E:\Main project\Batch 15\dataset\glaucoma\_100_3108233.jpg,glaucoma
_100_965860.jpg,E:\Main project\Batch 15\dataset\glaucoma\_100_965860.jpg,glaucoma
_101_9321817.jpg,E:\Main project\Batch 15\dataset\glaucoma\_101_9321817.jpg,glaucoma
_102_5502806.jpg,E:\Main project\Batch 15\dataset\glaucoma\_102_5502806.jpg,glaucoma
_103_1487378.jpg,E:\Main project\Batch 15\dataset\glaucoma\_103_1487378.jpg,glaucoma
_104_4154423.jpg,E:\Main project\Batch 15\dataset\glaucoma\_104_4154423.jpg,glaucoma
_104_9271975.jpg,E:\Main project\Batch 15\dataset\glaucoma\_104_9271975.jpg,glaucoma
_105_3766522.jpg,E:\Main project\Batch 15\dataset\glaucoma\_105_3766522.jpg,glaucoma
_105_9159338.jpg,E:\Main project\Batch 15\dataset\glaucoma\_105_9159338.jpg,glaucoma
_106_1940079.jpg,E:\Main project\Batch 15\dataset\glaucoma\_106_1940079.jpg,glaucoma
_106_4788402.jpg,E:\Main project\Batch 15\dataset\glaucoma\_106_4788402.jpg,glaucoma
_107_1720806.jpg,E:\Main project\Batch 15\dataset\glaucoma\_107_1720806.jpg,glaucoma
_107_7535300.jpg,E:\Main project\Batch 15\dataset\glaucoma\_107_7535300.jpg,glaucoma
_108_4678854.jpg,E:\Main project\Batch 15\dataset\glaucoma\_108_4678854.jpg,glaucoma
_108_9870998.jpg,E:\Main project\Batch 15\dataset\glaucoma\_108_9870998.jpg,glaucoma
_109_6854077.jpg,E:\Main project\Batch 15\dataset\glaucoma\_109_6854077.jpg,glaucoma
_109_7080739.jpg,E:\Main project\Batch 15\dataset\glaucoma\_109_7080739.jpg,glaucoma
_10_1472170.jpg,E:\Main project\Batch 15\dataset\glaucoma\_10_1472170.jpg,glaucoma
_10_2555943.jpg,E:\Main project\Batch 15\dataset\glaucoma\_10_2555943.jpg,glaucoma
_110_299285.jpg,E:\Main project\Batch 15\dataset\glaucoma\_110_299285.jpg,glaucoma
_110_8391204.jpg,E:\Main project\Batch 15\dataset\glaucoma\_110_8391204.jpg,glaucoma
_111_1685203.jpg,E:\Main project\Batch 15\dataset\glaucoma\_111_1685203.jpg,glaucoma
_112_6810179.jpg,E:\Main project\Batch 15\dataset\glaucoma\_112_6810179.jpg,glaucoma
_113_3440509.jpg,E:\Main project\Batch 15\dataset\glaucoma\_113_3440509.jpg,glaucoma
_113_8738972.jpg,E:\Main project\Batch 15\dataset\glaucoma\_113_8738972.jpg,glaucoma
_114_4182799.jpg,E:\Main project\Batch 15\dataset\glaucoma\_114_4182799.jpg,glaucoma
_114_6608378.jpg,E:\Main project\Batch 15\dataset\glaucoma\_114_6608378.jpg,glaucoma
_115_501708.jpg,E:\Main project\Batch 15\dataset\glaucoma\_115_501708.jpg,glaucoma
_116_1943666.jpg,E:\Main project\Batch 15\dataset\glaucoma\_116_1943666.jpg,glaucoma
_116_5760701.jpg,E:\Main project\Batch 15\dataset\glaucoma\_116_5760701.jpg,glaucoma
_117_8186757.jpg,E:\Main project\Batch 15\dataset\glaucoma\_117_8186757.jpg,glaucoma
_118_6838709.jpg,E:\Main project\Batch 15\dataset\glaucoma\_118_6838709.jpg,glaucoma
_119_16937.jpg,E:\Main project\Batch 15\dataset\glaucoma\_119_16937.jpg,glaucoma
_11_6435526.jpg,E:\Main project\Batch 15\dataset\glaucoma\_11_6435526.jpg,glaucoma
_11_7116915.jpg,E:\Main project\Batch 15\dataset\glaucoma\_11_7116915.jpg,glaucoma
_120_7137220.jpg,E:\Main project\Batch 15\dataset\glaucoma\_120_7137220.jpg,glaucoma
_120_7704110.jpg,E:\Main project\Batch 15\dataset\glaucoma\_120_7704110.jpg,glaucoma
_121_1901719.jpg,E:\Main project\Batch 15\dataset\glaucoma\_121_1901719.jpg,glaucoma
_121_2837450.jpg,E:\Main project\Batch 15\dataset\glaucoma\_121_2837450.jpg,glaucoma
_122_7081164.jpg,E:\Main project\Batch 15\dataset\glaucoma\_122_7081164.jpg,glaucoma
_123_2897373.jpg,E:\Main project\Batch 15\dataset\glaucoma\_123_2897373.jpg,glaucoma
_123_6574789.jpg,E:\Main project\Batch 15\dataset\glaucoma\_123_6574789.jpg,glaucoma
_124_11722.jpg,E:\Main project\Batch 15\dataset\glaucoma\_124_11722.jpg,glaucoma
_124_7084348.jpg,E:\Main project\Batch 15\dataset\glaucoma\_124_7084348.jpg,glaucoma
_125_8676573.jpg,E:\Main project\Batch 15\dataset\glaucoma\_125_8676573.jpg,glaucoma
_126_6964713.jpg,E:\Main project\Batch 15\dataset\glaucoma\_126_6964713.jpg,glaucoma
_127_5473291.jpg,E:\Main project\Batch 15\dataset\glaucoma\_127_5473291.jpg,glaucoma
_128_2241332.jpg,E:\Main project\Batch 15\dataset\glaucoma\_128_2241332.jpg,glaucoma
_129_2098170.jpg,E:\Main project\Batch 15\dataset\glaucoma\_129_2098170.jpg,glaucoma
_12_3840622.jpg,E:\Main project\Batch 15\dataset\glaucoma\_12_3840622.jpg,glaucoma
_12_5295071.jpg,E:\Main project\Batch 15\dataset\glaucoma\_12_5295071.jpg,glaucoma
_130_3806382.jpg,E:\Main project\Batch 15\dataset\glaucoma\_130_3806382.jpg,glaucoma
_130_4811607.jpg,E:\Main project\Batch 15\dataset\glaucoma\_130_4811607.jpg,glaucoma
_131_7117664.jpg,E:\Main project\Batch 15\dataset\glaucoma\_131_7117664.jpg,glaucoma
_132_989976.jpg,E:\Main project\Batch 15\dataset\glaucoma\_132_989976.jpg,glaucoma
_133_3238309.jpg,E:\Main project\Batch 15\dataset\glaucoma\_133_3238309.jpg,glaucoma
_133_9343456.jpg,E:\Main project\Batch 15\dataset\glaucoma\_133_9343456.jpg,glaucoma
_134_3244278.jpg,E:\Main project\Batch 15\dataset\glaucoma\_134_3244278.jpg,glaucoma
_134_8496063.jpg,E:\Main project\Batch 15\dataset\glaucoma\_134_8496063.jpg,glaucoma
_135_2706541.jpg,E:\Main project\Batch 15\dataset\glaucoma\_135_2706541.jpg,glaucoma
_136_9296374.jpg,E:\Main project\Batch 15\dataset\glaucoma\_136_9296374.jpg,glaucoma
_137_1824460.jpg,E:\Main project\Batch 15\dataset\glaucoma\_137_1824460.jpg,glaucoma
_138_2633578.jpg,E:\Main project\Batch 15\dataset\glaucoma\_138_2633578.jpg,glaucoma
_139_2849264.jpg,E:\Main project\Batch 15\dataset\glaucoma\_139_2849264.jpg,glaucoma
_13_697490.jpg,E:\Main project\Batch 15\dataset\glaucoma\_13_697490.jpg,glaucoma
_13_8126689.jpg,E:\Main project\Batch 15\dataset\glaucoma\_13_8126689.jpg,glaucoma
_140_1036922.jpg,E:\Main project\Batch 15\dataset\glaucoma\_140_1036922.jpg,glaucoma
_141_1074732.jpg,E:\Main project\Batch 15\dataset\glaucoma\_141_1074732.jpg,glaucoma
_142_682945.jpg,E:\Main project\Batch 15\dataset\glaucoma\_142_682945.jpg,glaucoma
_143_7392909.jpg,E:\Main project\Batch 15\dataset\glaucoma\_143_7392909.jpg,glaucoma
_143_7549980.jpg,E:\Main project\Batch 15\dataset\glaucoma\_143_7549980.jpg,glaucoma
_144_611038.jpg,E:\Main project\Batch 15\dataset\glaucoma\_144_611038.jpg,glaucoma
_145_2135273.jpg,E:\Main project\Batch 15\dataset\glaucoma\_145_2135273.jpg,glaucoma
_145_9843041.jpg,E:\Main project\Batch 15\dataset\glaucoma\_145_9843041.jpg,glaucoma
_146_6435949.jpg,E:\Main project\Batch 15\dataset\glaucoma\_146_6435949.jpg,glaucoma
_146_8129711.jpg,E:\Main project\Batch 15\dataset\glaucoma\_146_8129711.jpg,glaucoma
_147_9123662.jpg,E:\Main project\Batch 15\dataset\glaucoma\_147_9123662.jpg,glaucoma
_147_9725919.jpg,E:\Main project\Batch 15\dataset\glaucoma\_147_9725919.jpg,glaucoma
_148_3847249.jpg,E:\Main project\Batch 15\dataset\glaucoma\_148_3847249.jpg,glaucoma
_148_9432356.jpg,E:\Main project\Batch 15\dataset\glaucoma\_148_9432356.jpg,glaucoma
_149_7432879.jpg,E:\Main project\Batch 15\dataset\glaucoma\_149_7432879.jpg,glaucoma
_14_3746939.jpg,E:\Main project\Batch 15\dataset\glaucoma\_14_3746939.jpg,glaucoma
_150_5894989.jpg,E:\Main project\Batch 15\dataset\glaucoma\_150_5894989.jpg,glaucoma
_151_3685359.jpg,E:\Main project\Batch 15\dataset\glaucoma\_151_3685359.jpg,glaucoma
_152_3014051.jpg,E:\Main project\Batch 15\dataset\glaucoma\_152_3014051.jpg,glaucoma
_153_9723315.jpg,E:\Main project\Batch 15\dataset\glaucoma\_153_9723315.jpg,glaucoma
_154_6297009.jpg,E:\Main project\Batch 15\dataset\glaucoma\_154_6297009.jpg,glaucoma
_155_1218981.jpg,E:\Main project\Batch 15\dataset\glaucoma\_155_1218981.jpg,glaucoma
_155_4972319.jpg,E:\Main project\Batch 15\dataset\glaucoma\_155_4972319.jpg,glaucoma
_156_1243799.jpg,E:\Main project\Batch 15\dataset\glaucoma\_156_1243799.jpg,glaucoma
_157_6473114.jpg,E:\Main project\Batch 15\dataset\glaucoma\_157_6473114.jpg,glaucoma
_157_7971265.jpg,E:\Main project\Batch 15\dataset\glaucoma\_157_7971265.jpg,glaucoma
_158_8802624.jpg,E:\Main project\Batch 15\dataset\glaucoma\_158_8802624.jpg,glaucoma
_159_52965.jpg,E:\Main project\Batch 15\dataset\glaucoma\_159_52965.jpg,glaucoma
_15_1523968.jpg,E:\Main project\Batch 15\dataset\glaucoma\_15_1523968.jpg,glaucoma
_15_5946153.jpg,E:\Main project\Batch 15\dataset\glaucoma\_15_5946153.jpg,glaucoma
_160_3285565.jpg,E:\Main project\Batch 15\dataset\glaucoma\_160_3285565.jpg,glaucoma
_160_6175019.jpg,E:\Main project\Batch 15\dataset\glaucoma\_160_6175019.jpg,glaucoma
_161_1354200.jpg,E:\Main project\Batch 15\dataset\glaucoma\_161_1354200.jpg,glaucoma
_161_5855059.jpg,E:\Main project\Batch 15\dataset\glaucoma\_161_5855059.jpg,glaucoma
_162_6327245.jpg,E:\Main project\Batch 15\dataset\glaucoma\_162_6327245.jpg,glaucoma
_163_4618487.jpg,E:\Main project\Batch 15\dataset\glaucoma\_163_4618487.jpg,glaucoma
_163_6292807.jpg,E:\Main project\Batch 15\dataset\glaucoma\_163_6292807.jpg,glaucoma
_164_2916527.jpg,E:\Main project\Batch 15\dataset\glaucoma\_164_2916527.jpg,glaucoma
_164_5685997.jpg,E:\Main project\Batch 15\dataset\glaucoma\_164_5685997.jpg,glaucoma
_165_3717126.jpg,E:\Main project\Batch 15\dataset\glaucoma\_165_3717126.jpg,glaucoma
_165_6911194.jpg,E:\Main project\Batch 15\dataset\glaucoma\_165_6911194.jpg,glaucoma
_166_5592889.jpg,E:\Main project\Batch 15\dataset\glaucoma\_166_5592889.jpg,glaucoma
_166_613935.jpg,E:\Main project\Batch 15\dataset\glaucoma\_166_613935.jpg,glaucoma
_167_1325871.jpg,E:\Main project\Batch 15\dataset\glaucoma\_167_1325871.jpg,glaucoma
_168_211365.jpg,E:\Main project\Batch 15\dataset\glaucoma\_168_211365.jpg,glaucoma
_169_5017005.jpg,E:\Main project\Batch 15\dataset\glaucoma\_169_5017005.jpg,glaucoma
_16_2996330.jpg,E:\Main project\Batch 15\dataset\glaucoma\_16_2996330.jpg,glaucoma
_16_8305794.jpg,E:\Main project\Batch 15\dataset\glaucoma\_16_8305794.jpg,glaucoma
_170_2345909.jpg,E:\Main project\Batch 15\dataset\glaucoma\_170_2345909.jpg,glaucoma
_171_4736817.jpg,E:\Main project\Batch 15\dataset\glaucoma\_171_4736817.jpg,glaucoma
_172_2814012.jpg,E:\Main project\Batch 15\dataset\glaucoma\_172_2814012.jpg,glaucoma
_172_4383599.jpg,E:\Main project\Batch 15\dataset\glaucoma\_172_4383599.jpg,glaucoma
_173_7165688.jpg,E:\Main project\Batch 15\dataset\glaucoma\_173_7165688.jpg,glaucoma
_174_2440424.jpg,E:\Main project\Batch 15\dataset\glaucoma\_174_2440424.jpg,glaucoma
_175_9511671.jpg,E:\Main project\Batch 15\dataset\glaucoma\_175_9511671.jpg,glaucoma
_176_88942.jpg,E:\Main project\Batch 15\dataset\glaucoma\_176_88942.jpg,glaucoma
_177_4666662.jpg,E:\Main project\Batch 15\dataset\glaucoma\_177_4666662.jpg,glaucoma
_177_7654905.jpg,E:\Main project\Batch 15\dataset\glaucoma\_177_7654905.jpg,glaucoma
_178_2720223.jpg,E:\Main project\Batch 15\dataset\glaucoma\_178_2720223.jpg,glaucoma
_179_3204648.jpg,E:\Main project\Batch 15\dataset\glaucoma\_179_3204648.jpg,glaucoma
_179_5369827.jpg,E:\Main project\Batch 15\dataset\glaucoma\_179_5369827.jpg,glaucoma
_17_7347013.jpg,E:\Main project\Batch 15\dataset\glaucoma\_17_7347013.jpg,glaucoma
_180_6449017.jpg,E:\Main project\Batch 15\dataset\glaucoma\_180_6449017.jpg,glaucoma
_181_552191.jpg,E:\Main project\Batch 15\dataset\glaucoma\_181_552191.jpg,glaucoma
_182_6536787.jpg,E:\Main project\Batch 15\dataset\glaucoma\_182_6536787.jpg,glaucoma
_182_8751077.jpg,E:\Main project\Batch 15\dataset\glaucoma\_182_8751077.jpg,glaucoma
_183_3784240.jpg,E:\Main project\Batch 15\dataset\glaucoma\_183_3784240.jpg,glaucoma
_184_4892495.jpg,E:\Main project\Batch 15\dataset\glaucoma\_184_4892495.jpg,glaucoma
_184_7806010.jpg,E:\Main project\Batch 15\dataset\glaucoma\_184_7806010.jpg,glaucoma
_185_1242583.jpg,E:\Main project\Batch 15\dataset\glaucoma\_185_1242583.jpg,glaucoma
_185_7833633.jpg,E:\Main project\Batch 15\dataset\glaucoma\_185_7833633.jpg,glaucoma
_186_2505679.jpg,E:\Main project\Batch 15\dataset\glaucoma\_186_2505679.jpg,glaucoma
_186_3309365.jpg,E:\Main project\Batch 15\dataset\glaucoma\_186_3309365.jpg,glaucoma
_187_6167645.jpg,E:\Main project\Batch 15\dataset\glaucoma\_187_6167645.jpg,glaucoma
_187_9314717.jpg,E:\Main project\Batch 15\dataset\glaucoma\_187_9314717.jpg,glaucoma
_188_1477185.jpg,E:\Main project\Batch 15\dataset\glaucoma\_188_1477185.jpg,glaucoma
_188_6021497.jpg,E:\Main project\Batch 15\dataset\glaucoma\_188_6021497.jpg,glaucoma
_189_1240865.jpg,E:\Main project\Batch 15\dataset\glaucoma\_189_1240865.jpg,glaucoma
_189_3602727.jpg,E:\Main project\Batch 15\dataset\glaucoma\_189_3602727.jpg,glaucoma
_18_2435759.jpg,E:\Main project\Batch 15\dataset\glaucoma\_18_2435759.jpg,glaucoma
_190_7463607.jpg,E:\Main project\Batch 15\dataset\glaucoma\_190_7463607.jpg,glaucoma
_191_4454313.jpg,E:\Main project\Batch 15\dataset\glaucoma\_191_4454313.jpg,glaucoma
_191_6264437.jpg,E:\Main project\Batch 15\dataset\glaucoma\_191_6264437.jpg,glaucoma
_192_1534346.jpg,E:\Main project\Batch 15\dataset\glaucoma\_192_1534346.jpg,glaucoma
_192_8262976.jpg,E:\Main project\Batch 15\dataset\glaucoma\_192_8262976.jpg,glaucoma
_193_7700887.jpg,E:\Main project\Batch 15\dataset\glaucoma\_193_7700887.jpg,glaucoma
_193_8669043.jpg,E:\Main project\Batch 15\dataset\glaucoma\_193_8669043.jpg,glaucoma
_194_8950727.jpg,E:\Main project\Batch 15\dataset\glaucoma\_194_8950727.jpg,glaucoma
_195_1040294.jpg,E:\Main project\Batch 15\dataset\glaucoma\_195_1040294.jpg,glaucoma
_195_8472436.jpg,E:\Main project\Batch 15\dataset\glaucoma\_195_8472436.jpg,glaucoma
_196_3505519.jpg,E:\Main project\Batch 15\dataset\glaucoma\_196_3505519.jpg,glaucoma
_196_9338682.jpg,E:\Main project\Batch 15\dataset\glaucoma\_196_9338682.jpg,glaucoma
_197_5727246.jpg,E:\Main project\Batch 15\dataset\glaucoma\_197_5727246.jpg,glaucoma
_197_9225516.jpg,E:\Main project\Batch 15\dataset\glaucoma\_197_9225516.jpg,glaucoma
_198_4839828.jpg,E:\Main project\Batch 15\dataset\glaucoma\_198_4839828.jpg,glaucoma
_198_8291898.jpg,E:\Main project\Batch 15\dataset\glaucoma\_198_8291898.jpg,glaucoma
_199_1326301.jpg,E:\Main project\Batch 15\dataset\glaucoma\_199_1326301.jpg,glaucoma
_199_7083786.jpg,E:\Main project\Batch 15\dataset\glaucoma\_199_7083786.jpg,glaucoma
_19_6182574.jpg,E:\Main project\Batch 15\dataset\glaucoma\_19_6182574.jpg,glaucoma
_19_7932720.jpg,E:\Main project\Batch 15\dataset\glaucoma\_19_7932720.jpg,glaucoma
_1_4540560.jpg,E:\Main project\Batch 15\dataset\glaucoma\_1_4540560.jpg,glaucoma
_200_8005975.jpg,E:\Main project\Batch 15\dataset\glaucoma\_200_8005975.jpg,glaucoma
_201_387458.jpg,E:\Main project\Batch 15\dataset\glaucoma\_201_387458.jpg,glaucoma
_201_9193232.jpg,E:\Main project\Batch 15\dataset\glaucoma\_201_9193232.jpg,glaucoma
_202_7508135.jpg,E:\Main project\Batch 15\dataset\glaucoma\_202_7508135.jpg,glaucoma
_203_5093586.jpg,E:\Main project\Batch 15\dataset\glaucoma\_203_5093586.jpg,glaucoma
_203_5167688.jpg,E:\Main project\Batch 15\dataset\glaucoma\_203_5167688.jpg,glaucoma
_204_6942835.jpg,E:\Main project\Batch 15\dataset\glaucoma\_204_6942835.jpg,glaucoma
_204_7650115.jpg,E:\Main project\Batch 15\dataset\glaucoma\_204_7650115.jpg,glaucoma
_205_310538.jpg,E:\Main project\Batch 15\dataset\glaucoma\_205_310538.jpg,glaucoma
_205_8557164.jpg,E:\Main project\Batch 15\dataset\glaucoma\_205_8557164.jpg,glaucoma
_206_1459040.jpg,E:\Main project\Batch 15\dataset\glaucoma\_206_1459040.jpg,glaucoma
_206_5637335.jpg,E:\Main project\Batch 15\dataset\glaucoma\_206_5637335.jpg,glaucoma
_207_6246518.jpg,E:\Main project\Batch 15\dataset\glaucoma\_207_6246518.jpg,glaucoma
_207_7240075.jpg,E:\Main project\Batch 15\dataset\glaucoma\_207_7240075.jpg,glaucoma
_208_7827214.jpg,E:\Main project\Batch 15\dataset\glaucoma\_208_7827214.jpg,glaucoma
_209_6790686.jpg,E:\Main project\Batch 15\dataset\glaucoma\_209_6790686.jpg,glaucoma
_20_5240419.jpg,E:\Main project\Batch 15\dataset\glaucoma\_20_5240419.jpg,glaucoma
_20_7421444.jpg,E:\Main project\Batch 15\dataset\glaucoma\_20_7421444.jpg,glaucoma
_210_840898.jpg,E:\Main project\Batch 15\dataset\glaucoma\_210_840898.jpg,glaucoma
_211_3409683.jpg,E:\Main project\Batch 15\dataset\glaucoma\_211_3409683.jpg,glaucoma
_211_3554467.jpg,E:\Main project\Batch 15\dataset\glaucoma\_211_3554467.jpg,glaucoma
_212_5947972.jpg,E:\Main project\Batch 15\dataset\glaucoma\_212_5947972.jpg,glaucoma
_213_2572866.jpg,E:\Main project\Batch 15\dataset\glaucoma\_213_2572866.jpg,glaucoma
_213_4395697.jpg,E:\Main project\Batch 15\dataset\glaucoma\_213_4395697.jpg,glaucoma
_214_6540926.jpg,E:\Main project\Batch 15\dataset\glaucoma\_214_6540926.jpg,glaucoma
_215_6808791.jpg,E:\Main project\Batch 15\dataset\glaucoma\_215_6808791.jpg,glaucoma
_216_1547406.jpg,E:\Main project\Batch 15\dataset\glaucoma\_216_1547406.jpg,glaucoma
_217_6214632.jpg,E:\Main project\Batch 15\dataset\glaucoma\_217_6214632.jpg,glaucoma
_218_8917311.jpg,E:\Main project\Batch 15\dataset\glaucoma\_218_8917311.jpg,glaucoma
_219_4035148.jpg,E:\Main project\Batch 15\dataset\glaucoma\_219_4035148.jpg,glaucoma
_219_5715309.jpg,E:\Main project\Batch 15\dataset\glaucoma\_219_5715309.jpg,glaucoma
_21_1293428.jpg,E:\Main project\Batch 15\dataset\glaucoma\_21_1293428.jpg,glaucoma
_220_1375140.jpg,E:\Main project\Batch 15\dataset\glaucoma\_220_1375140.jpg,glaucoma
_220_7711405.jpg,E:\Main project\Batch 15\dataset\glaucoma\_220_7711405.jpg,glaucoma
_221_3079640.jpg,E:\Main project\Batch 15\dataset\glaucoma\_221_3079640.jpg,glaucoma
_221_5014924.jpg,E:\Main project\Batch 15\dataset\glaucoma\_221_5014924.jpg,glaucoma
_222_8813596.jpg,E:\Main project\Batch 15\dataset\glaucoma\_222_8813596.jpg,glaucoma
_223_2293487.jpg,E:\Main project\Batch 15\dataset\glaucoma\_223_2293487.jpg,glaucoma
_223_380742.jpg,E:\Main project\Batch 15\dataset\glaucoma\_223_380742.jpg,glaucoma
_224_5329904.jpg,E:\Main project\Batch 15\dataset\glaucoma\_224_5329904.jpg,glaucoma
_225_247208.jpg,E:\Main project\Batch 15\dataset\glaucoma\_225_247208.jpg,glaucoma
_226_4398457.jpg,E:\Main project\Batch 15\dataset\glaucoma\_226_4398457.jpg,glaucoma
_227_1784248.jpg,E:\Main project\Batch 15\dataset\glaucoma\_227_1784248.jpg,glaucoma
_227_2716085.jpg,E:\Main project\Batch 15\dataset\glaucoma\_227_2716085.jpg,glaucoma
_228_775182.jpg,E:\Main project\Batch 15\dataset\glaucoma\_228_775182.jpg,glaucoma
_229_5944044.jpg,E:\Main project\Batch 15\dataset\glaucoma\_229_5944044.jpg,glaucoma
_22_1469685.jpg,E:\Main project\Batch 15\dataset\glaucoma\_22_1469685.jpg,glaucoma
_22_8539479.jpg,E:\Main project\Batch 15\dataset\glaucoma\_22_8539479.jpg,glaucoma
_230_7804467.jpg,E:\Main project\Batch 15\dataset\glaucoma\_230_7804467.jpg,glaucoma
_231_4877279.jpg,E:\Main project\Batch 15\dataset\glaucoma\_231_4877279.jpg,glaucoma
_231_7452050.jpg,E:\Main project\Batch 15\dataset\glaucoma\_231_7452050.jpg,glaucoma
_232_7378783.jpg,E:\Main project\Batch 15\dataset\glaucoma\_232_7378783.jpg,glaucoma
_232_9030219.jpg,E:\Main project\Batch 15\dataset\glaucoma\_232_9030219.jpg,glaucoma
_233_3404764.jpg,E:\Main project\Batch 15\dataset\glaucoma\_233_3404764.jpg,glaucoma
_234_5883794.jpg,E:\Main project\Batch 15\dataset\glaucoma\_234_5883794.jpg,glaucoma
_235_1365390.jpg,E:\Main project\Batch 15\dataset\glaucoma\_235_1365390.jpg,glaucoma
_235_7683512.jpg,E:\Main project\Batch 15\dataset\glaucoma\_235_7683512.jpg,glaucoma
_236_6447023.jpg,E:\Main project\Batch 15\dataset\glaucoma\_236_6447023.jpg,glaucoma
_236_8014695.jpg,E:\Main project\Batch 15\dataset\glaucoma\_236_8014695.jpg,glaucoma
_237_8364169.jpg,E:\Main project\Batch 15\dataset\glaucoma\_237_8364169.jpg,glaucoma
_238_9493538.jpg,E:\Main project\Batch 15\dataset\glaucoma\_238_9493538.jpg,glaucoma
_239_5512637.jpg,E:\Main project\Batch 15\dataset\glaucoma\_239_5512637.jpg,glaucoma
_23_8081299.jpg,E:\Main project\Batch 15\dataset\glaucoma\_23_8081299.jpg,glaucoma
_240_968094.jpg,E:\Main project\Batch 15\dataset\glaucoma\_240_968094.jpg,glaucoma
_241_1530591.jpg,E:\Main project\Batch 15\dataset\glaucoma\_241_1530591.jpg,glaucoma
_241_994470.jpg,E:\Main project\Batch 15\dataset\glaucoma\_241_994470.jpg,glaucoma
_242_5062809.jpg,E:\Main project\Batch 15\dataset\glaucoma\_242_5062809.jpg,glaucoma
_242_9104523.jpg,E:\Main project\Batch 15\dataset\glaucoma\_242_9104523.jpg,glaucoma
_243_5417546.jpg,E:\Main project\Batch 15\dataset\glaucoma\_243_5417546.jpg,glaucoma
_243_95702.jpg,E:\Main project\Batch 15\dataset\glaucoma\_243_95702.jpg,glaucoma
_244_2165755.jpg,E:\Main project\Batch 15\dataset\glaucoma\_244_2165755.jpg,glaucoma
_244_9609209.jpg,E:\Main project\Batch 15\dataset\glaucoma\_244_9609209.jpg,glaucoma
_245_5517087.jpg,E:\Main project\Batch 15\dataset\glaucoma\_245_5517087.jpg,glaucoma
_246_1688391.jpg,E:\Main project\Batch 15\dataset\glaucoma\_246_1688391.jpg,glaucoma
_247_651494.jpg,E:\Main project\Batch 15\dataset\glaucoma\_247_651494.jpg,glaucoma
_248_1971812.jpg,E:\Main project\Batch 15\dataset\glaucoma\_248_1971812.jpg,glaucoma
_249_5342875.jpg,E:\Main project\Batch 15\dataset\glaucoma\_249_5342875.jpg,glaucoma
_249_6890690.jpg,E:\Main project\Batch 15\dataset\glaucoma\_249_6890690.jpg,glaucoma
_24_3870780.jpg,E:\Main project\Batch 15\dataset\glaucoma\_24_3870780.jpg,glaucoma
_24_5854972.jpg,E:\Main project\Batch 15\dataset\glaucoma\_24_5854972.jpg,glaucoma
_250_1327645.jpg,E:\Main project\Batch 15\dataset\glaucoma\_250_1327645.jpg,glaucoma
_251_5505179.jpg,E:\Main project\Batch 15\dataset\glaucoma\_251_5505179.jpg,glaucoma
_251_8769594.jpg,E:\Main project\Batch 15\dataset\glaucoma\_251_8769594.jpg,glaucoma
_252_4705064.jpg,E:\Main project\Batch 15\dataset\glaucoma\_252_4705064.jpg,glaucoma
_254_5059705.jpg,E:\Main project\Batch 15\dataset\glaucoma\_254_5059705.jpg,glaucoma
_254_8727190.jpg,E:\Main project\Batch 15\dataset\glaucoma\_254_8727190.jpg,glaucoma
_255_4450651.jpg,E:\Main project\Batch 15\dataset\glaucoma\_255_4450651.jpg,glaucoma
_255_7511159.jpg,E:\Main project\Batch 15\dataset\glaucoma\_255_7511159.jpg,glaucoma
_256_1230567.jpg,E:\Main project\Batch 15\dataset\glaucoma\_256_1230567.jpg,glaucoma
_257_1527283.jpg,E:\Main project\Batch 15\dataset\glaucoma\_257_1527283.jpg,glaucoma
_257_3895456.jpg,E:\Main project\Batch 15\dataset\glaucoma\_257_3895456.jpg,glaucoma
_258_6391320.jpg,E:\Main project\Batch 15\dataset\glaucoma\_258_6391320.jpg,glaucoma
_259_7069358.jpg,E:\Main project\Batch 15\dataset\glaucoma\_259_7069358.jpg,glaucoma
_259_9254323.jpg,E:\Main project\Batch 15\dataset\glaucoma\_259_9254323.jpg,glaucoma
_25_9900235.jpg,E:\Main project\Batch 15\dataset\glaucoma\_25_9900235.jpg,glaucoma
_260_4814230.jpg,E:\Main project\Batch 15\dataset\glaucoma\_260_4814230.jpg,glaucoma
_261_1504984.jpg,E:\Main project\Batch 15\dataset\glaucoma\_261_1504984.jpg,glaucoma
_261_6037248.jpg,E:\Main project\Batch 15\dataset\glaucoma\_261_6037248.jpg,glaucoma
_262_3994169.jpg,E:\Main project\Batch 15\dataset\glaucoma\_262_3994169.jpg,glaucoma
_263_9132183.jpg,E:\Main project\Batch 15\dataset\glaucoma\_263_9132183.jpg,glaucoma
_263_9514192.jpg,E:\Main project\Batch 15\dataset\glaucoma\_263_9514192.jpg,glaucoma
_264_1649776.jpg,E:\Main project\Batch 15\dataset\glaucoma\_264_1649776.jpg,glaucoma
_264_8423794.jpg,E:\Main project\Batch 15\dataset\glaucoma\_264_8423794.jpg,glaucoma
_265_1562215.jpg,E:\Main project\Batch 15\dataset\glaucoma\_265_1562215.jpg,glaucoma
_266_8920656.jpg,E:\Main project\Batch 15\dataset\glaucoma\_266_8920656.jpg,glaucoma
_267_2376228.jpg,E:\Main project\Batch 15\dataset\glaucoma\_267_2376228.jpg,glaucoma
_267_8024092.jpg,E:\Main project\Batch 15\dataset\glaucoma\_267_8024092.jpg,glaucoma
_268_5781265.jpg,E:\Main project\Batch 15\dataset\glaucoma\_268_5781265.jpg,glaucoma
_269_7481383.jpg,E:\Main project\Batch 15\dataset\glaucoma\_269_7481383.jpg,glaucoma
_26_8418608.jpg,E:\Main project\Batch 15\dataset\glaucoma\_26_8418608.jpg,glaucoma
_270_6223143.jpg,E:\Main project\Batch 15\dataset\glaucoma\_270_6223143.jpg,glaucoma
_271_8149720.jpg,E:\Main project\Batch 15\dataset\glaucoma\_271_8149720.jpg,glaucoma
_272_1072395.jpg,E:\Main project\Batch 15\dataset\glaucoma\_272_1072395.jpg,glaucoma
_272_9782017.jpg,E:\Main project\Batch 15\dataset\glaucoma\_272_9782017.jpg,glaucoma
_273_4238500.jpg,E:\Main project\Batch 15\dataset\glaucoma\_273_4238500.jpg,glaucoma
_274_7999199.jpg,E:\Main project\Batch 15\dataset\glaucoma\_274_7999199.jpg,glaucoma
_275_5075268.jpg,E:\Main project\Batch 15\dataset\glaucoma\_275_5075268.jpg,glaucoma
_276_1824789.jpg,E:\Main project\Batch 15\dataset\glaucoma\_276_1824789.jpg,glaucoma
_276_4038569.jpg,E:\Main project\Batch 15\dataset\glaucoma\_276_4038569.jpg,glaucoma
_277_4980424.jpg,E:\Main project\Batch 15\dataset\glaucoma\_277_4980424.jpg,glaucoma
_277_6049716.jpg,E:\Main project\Batch 15\dataset\glaucoma\_277_6049716.jpg,glaucoma
_278_2942123.jpg,E:\Main project\Batch 15\dataset\glaucoma\_278_2942123.jpg,glaucoma
_278_5245975.jpg,E:\Main project\Batch 15\dataset\glaucoma\_278_5245975.jpg,glaucoma
_279_2768381.jpg,E:\Main project\Batch 15\dataset\glaucoma\_279_2768381.jpg,glaucoma
_27_4220822.jpg,E:\Main project\Batch 15\dataset\glaucoma\_27_4220822.jpg,glaucoma
_27_8607848.jpg,E:\Main project\Batch 15\dataset\glaucoma\_27_8607848.jpg,glaucoma
_280_1941804.jpg,E:\Main project\Batch 15\dataset\glaucoma\_280_1941804.jpg,glaucoma
_280_7239687.jpg,E:\Main project\Batch 15\dataset\glaucoma\_280_7239687.jpg,glaucoma
_281_5653321.jpg,E:\Main project\Batch 15\dataset\glaucoma\_281_5653321.jpg,glaucoma
_282_487789.jpg,E:\Main project\Batch 15\dataset\glaucoma\_282_487789.jpg,glaucoma
_282_8545700.jpg,E:\Main project\Batch 15\dataset\glaucoma\_282_8545700.jpg,glaucoma
_283_6275047.jpg,E:\Main project\Batch 15\dataset\glaucoma\_283_6275047.jpg,glaucoma
_283_8286295.jpg,E:\Main project\Batch 15\dataset\glaucoma\_283_8286295.jpg,glaucoma
_284_1723608.jpg,E:\Main project\Batch 15\dataset\glaucoma\_284_1723608.jpg,glaucoma
_284_1958940.jpg,E:\Main project\Batch 15\dataset\glaucoma\_284_1958940.jpg,glaucoma
_285_2727990.jpg,E:\Main project\Batch 15\dataset\glaucoma\_285_2727990.jpg,glaucoma
_286_2346496.jpg,E:\Main project\Batch 15\dataset\glaucoma\_286_2346496.jpg,glaucoma
_286_579920.jpg,E:\Main project\Batch 15\dataset\glaucoma\_286_579920.jpg,glaucoma
_287_8369950.jpg,E:\Main project\Batch 15\dataset\glaucoma\_287_8369950.jpg,glaucoma
_288_1071282.jpg,E:\Main project\Batch 15\dataset\glaucoma\_288_1071282.jpg,glaucoma
_288_5661981.jpg,E:\Main project\Batch 15\dataset\glaucoma\_288_5661981.jpg,glaucoma
_289_8793154.jpg,E:\Main project\Batch 15\dataset\glaucoma\_289_8793154.jpg,glaucoma
_289_9163087.jpg,E:\Main project\Batch 15\dataset\glaucoma\_289_9163087.jpg,glaucoma
_28_7296137.jpg,E:\Main project\Batch 15\dataset\glaucoma\_28_7296137.jpg,glaucoma
_28_7928893.jpg,E:\Main project\Batch 15\dataset\glaucoma\_28_7928893.jpg,glaucoma
_290_306861.jpg,E:\Main project\Batch 15\dataset\glaucoma\_290_306861.jpg,glaucoma
_290_5672201.jpg,E:\Main project\Batch 15\dataset\glaucoma\_290_5672201.jpg,glaucoma
_291_1967456.jpg,E:\Main project\Batch 15\dataset\glaucoma\_291_1967456.jpg,glaucoma
_292_3590459.jpg,E:\Main project\Batch 15\dataset\glaucoma\_292_3590459.jpg,glaucoma
_292_3819069.jpg,E:\Main project\Batch 15\dataset\glaucoma\_292_3819069.jpg,glaucoma
_293_1537842.jpg,E:\Main project\Batch 15\dataset\glaucoma\_293_1537842.jpg,glaucoma
_293_8683971.jpg,E:\Main project\Batch 15\dataset\glaucoma\_293_8683971.jpg,glaucoma
_294_5527908.jpg,E:\Main project\Batch 15\dataset\glaucoma\_294_5527908.jpg,glaucoma
_295_3084570.jpg,E:\Main project\Batch 15\dataset\glaucoma\_295_3084570.jpg,glaucoma
_296_3140840.jpg,E:\Main project\Batch 15\dataset\glaucoma\_296_3140840.jpg,glaucoma
_296_6754407.jpg,E:\Main project\Batch 15\dataset\glaucoma\_296_6754407.jpg,glaucoma
_297_2792482.jpg,E:\Main project\Batch 15\dataset\glaucoma\_297_2792482.jpg,glaucoma
_298_2374039.jpg,E:\Main project\Batch 15\dataset\glaucoma\_298_2374039.jpg,glaucoma
_298_4611384.jpg,E:\Main project\Batch 15\dataset\glaucoma\_298_4611384.jpg,glaucoma
_299_8359089.jpg,E:\Main project\Batch 15\dataset\glaucoma\_299_8359089.jpg,glaucoma
_29_2615629.jpg,E:\Main project\Batch 15\dataset\glaucoma\_29_2615629.jpg,glaucoma
_2_5194189.jpg,E:\Main project\Batch 15\dataset\glaucoma\_2_5194189.jpg,glaucoma
_300_7433746.jpg,E:\Main project\Batch 15\dataset\glaucoma\_300_7433746.jpg,glaucoma
_300_7639707.jpg,E:\Main project\Batch 15\dataset\glaucoma\_300_7639707.jpg,glaucoma
_301_6075675.jpg,E:\Main project\Batch 15\dataset\glaucoma\_301_6075675.jpg,glaucoma
_301_8474971.jpg,E:\Main project\Batch 15\dataset\glaucoma\_301_8474971.jpg,glaucoma
_302_4887010.jpg,E:\Main project\Batch 15\dataset\glaucoma\_302_4887010.jpg,glaucoma
_303_8778566.jpg,E:\Main project\Batch 15\dataset\glaucoma\_303_8778566.jpg,glaucoma
_304_2971672.jpg,E:\Main project\Batch 15\dataset\glaucoma\_304_2971672.jpg,glaucoma
_304_434670.jpg,E:\Main project\Batch 15\dataset\glaucoma\_304_434670.jpg,glaucoma
_305_3318957.jpg,E:\Main project\Batch 15\dataset\glaucoma\_305_3318957.jpg,glaucoma
_305_769962.jpg,E:\Main project\Batch 15\dataset\glaucoma\_305_769962.jpg,glaucoma
_306_2695664.jpg,E:\Main project\Batch 15\dataset\glaucoma\_306_2695664.jpg,glaucoma
_307_4576620.jpg,E:\Main project\Batch 15\dataset\glaucoma\_307_4576620.jpg,glaucoma
_307_9597397.jpg,E:\Main project\Batch 15\dataset\glaucoma\_307_9597397.jpg,glaucoma
_308_7087674.jpg,E:\Main project\Batch 15\dataset\glaucoma\_308_7087674.jpg,glaucoma
_309_4110303.jpg,E:\Main project\Batch 15\dataset\glaucoma\_309_4110303.jpg,glaucoma
_30_5516177.jpg,E:\Main project\Batch 15\dataset\glaucoma\_30_5516177.jpg,glaucoma
_30_6734224.jpg,E:\Main project\Batch 15\dataset\glaucoma\_30_6734224.jpg,glaucoma
_310_4668441.jpg,E:\Main project\Batch 15\dataset\glaucoma\_310_4668441.jpg,glaucoma
_310_6988275.jpg,E:\Main project\Batch 15\dataset\glaucoma\_310_6988275.jpg,glaucoma
_311_6101039.jpg,E:\Main project\Batch 15\dataset\glaucoma\_311_6101039.jpg,glaucoma
_311_7054330.jpg,E:\Main project\Batch 15\dataset\glaucoma\_311_7054330.jpg,glaucoma
_312_2571477.jpg,E:\Main project\Batch 15\dataset\glaucoma\_312_2571477.jpg,glaucoma
_313_8583918.jpg,E:\Main project\Batch 15\dataset\glaucoma\_313_8583918.jpg,glaucoma
_314_8127541.jpg,E:\Main project\Batch 15\dataset\glaucoma\_314_8127541.jpg,glaucoma
_315_1059988.jpg,E:\Main project\Batch 15\dataset\glaucoma\_315_1059988.jpg,glaucoma
_316_4359949.jpg,E:\Main project\Batch 15\dataset\glaucoma\_316_4359949.jpg,glaucoma
_316_6373643.jpg,E:\Main project\Batch 15\dataset\glaucoma\_316_6373643.jpg,glaucoma
_317_2537690.jpg,E:\Main project\Batch 15\dataset\glaucoma\_317_2537690.jpg,glaucoma
_317_5485211.jpg,E:\Main project\Batch 15\dataset\glaucoma\_317_5485211.jpg,glaucoma
_318_5873639.jpg,E:\Main project\Batch 15\dataset\glaucoma\_318_5873639.jpg,glaucoma
_318_9413163.jpg,E:\Main project\Batch 15\dataset\glaucoma\_318_9413163.jpg,glaucoma
_319_532632.jpg,E:\Main project\Batch 15\dataset\glaucoma\_319_532632.jpg,glaucoma
_31_1950556.jpg,E:\Main project\Batch 15\dataset\glaucoma\_31_1950556.jpg,glaucoma
_320_4614619.jpg,E:\Main project\Batch 15\dataset\glaucoma\_320_4614619.jpg,glaucoma
_320_5280427.jpg,E:\Main project\Batch 15\dataset\glaucoma\_320_5280427.jpg,glaucoma
_321_9678485.jpg,E:\Main project\Batch 15\dataset\glaucoma\_321_9678485.jpg,glaucoma
_322_2070844.jpg,E:\Main project\Batch 15\dataset\glaucoma\_322_2070844.jpg,glaucoma
_323_8497084.jpg,E:\Main project\Batch 15\dataset\glaucoma\_323_8497084.jpg,glaucoma
_324_1040139.jpg,E:\Main project\Batch 15\dataset\glaucoma\_324_1040139.jpg,glaucoma
_324_9547288.jpg,E:\Main project\Batch 15\dataset\glaucoma\_324_9547288.jpg,glaucoma
_325_4867292.jpg,E:\Main project\Batch 15\dataset\glaucoma\_325_4867292.jpg,glaucoma
_325_5401809.jpg,E:\Main project\Batch 15\dataset\glaucoma\_325_5401809.jpg,glaucoma
_326_7155812.jpg,E:\Main project\Batch 15\dataset\glaucoma\_326_7155812.jpg,glaucoma
_327_1055218.jpg,E:\Main project\Batch 15\dataset\glaucoma\_327_1055218.jpg,glaucoma
_328_7261567.jpg,E:\Main project\Batch 15\dataset\glaucoma\_328_7261567.jpg,glaucoma
_329_1138512.jpg,E:\Main project\Batch 15\dataset\glaucoma\_329_1138512.jpg,glaucoma
_329_3845498.jpg,E:\Main project\Batch 15\dataset\glaucoma\_329_3845498.jpg,glaucoma
_330_6216079.jpg,E:\Main project\Batch 15\dataset\glaucoma\_330_6216079.jpg,glaucoma
_330_6332138.jpg,E:\Main project\Batch 15\dataset\glaucoma\_330_6332138.jpg,glaucoma
_331_8594715.jpg,E:\Main project\Batch 15\dataset\glaucoma\_331_8594715.jpg,glaucoma
_332_3900734.jpg,E:\Main project\Batch 15\dataset\glaucoma\_332_3900734.jpg,glaucoma
_332_7068969.jpg,E:\Main project\Batch 15\dataset\glaucoma\_332_7068969.jpg,glaucoma
_333_5771277.jpg,E:\Main project\Batch 15\dataset\glaucoma\_333_5771277.jpg,glaucoma
_333_8764431.jpg,E:\Main project\Batch 15\dataset\glaucoma\_333_8764431.jpg,glaucoma
_334_2912159.jpg,E:\Main project\Batch 15\dataset\glaucoma\_334_2912159.jpg,glaucoma
_334_7538158.jpg,E:\Main project\Batch 15\dataset\glaucoma\_334_7538158.jpg,glaucoma
_335_5326545.jpg,E:\Main project\Batch 15\dataset\glaucoma\_335_5326545.jpg,glaucoma
_336_4442986.jpg,E:\Main project\Batch 15\dataset\glaucoma\_336_4442986.jpg,glaucoma
_336_783196.jpg,E:\Main project\Batch 15\dataset\glaucoma\_336_783196.jpg,glaucoma
_337_28720.jpg,E:\Main project\Batch 15\dataset\glaucoma\_337_28720.jpg,glaucoma
_338_7660594.jpg,E:\Main project\Batch 15\dataset\glaucoma\_338_7660594.jpg,glaucoma
_339_938566.jpg,E:\Main project\Batch 15\dataset\glaucoma\_339_938566.jpg,glaucoma
_33_7463078.jpg,E:\Main project\Batch 15\dataset\glaucoma\_33_7463078.jpg,glaucoma
_340_1400434.jpg,E:\Main project\Batch 15\dataset\glaucoma\_340_1400434.jpg,glaucoma
_340_6897424.jpg,E:\Main project\Batch 15\dataset\glaucoma\_340_6897424.jpg,glaucoma
_341_3030606.jpg,E:\Main project\Batch 15\dataset\glaucoma\_341_3030606.jpg,glaucoma
_341_3343251.jpg,E:\Main project\Batch 15\dataset\glaucoma\_341_3343251.jpg,glaucoma
_342_3907815.jpg,E:\Main project\Batch 15\dataset\glaucoma\_342_3907815.jpg,glaucoma
_343_3651262.jpg,E:\Main project\Batch 15\dataset\glaucoma\_343_3651262.jpg,glaucoma
_344_6025727.jpg,E:\Main project\Batch 15\dataset\glaucoma\_344_6025727.jpg,glaucoma
_345_7680672.jpg,E:\Main project\Batch 15\dataset\glaucoma\_345_7680672.jpg,glaucoma
_346_7643111.jpg,E:\Main project\Batch 15\dataset\glaucoma\_346_7643111.jpg,glaucoma
_347_1718283.jpg,E:\Main project\Batch 15\dataset\glaucoma\_347_1718283.jpg,glaucoma
_348_2941106.jpg,E:\Main project\Batch 15\dataset\glaucoma\_348_2941106.jpg,glaucoma
_349_5604621.jpg,E:\Main project\Batch 15\dataset\glaucoma\_349_5604621.jpg,glaucoma
_34_2817660.jpg,E:\Main project\Batch 15\dataset\glaucoma\_34_2817660.jpg,glaucoma
_34_836194.jpg,E:\Main project\Batch 15\dataset\glaucoma\_34_836194.jpg,glaucoma
_350_3536071.jpg,E:\Main project\Batch 15\dataset\glaucoma\_350_3536071.jpg,glaucoma
_351_6945231.jpg,E:\Main project\Batch 15\dataset\glaucoma\_351_6945231.jpg,glaucoma
_352_8525027.jpg,E:\Main project\Batch 15\dataset\glaucoma\_352_8525027.jpg,glaucoma
_353_6531128.jpg,E:\Main project\Batch 15\dataset\glaucoma\_353_6531128.jpg,glaucoma
_353_9347543.jpg,E:\Main project\Batch 15\dataset\glaucoma\_353_9347543.jpg,glaucoma
_354_1214126.jpg,E:\Main project\Batch 15\dataset\glaucoma\_354_1214126.jpg,glaucoma
_354_7736360.jpg,E:\Main project\Batch 15\dataset\glaucoma\_354_7736360.jpg,glaucoma
_355_9019995.jpg,E:\Main project\Batch 15\dataset\glaucoma\_355_9019995.jpg,glaucoma
_356_7024951.jpg,E:\Main project\Batch 15\dataset\glaucoma\_356_7024951.jpg,glaucoma
_357_2893291.jpg,E:\Main project\Batch 15\dataset\glaucoma\_357_2893291.jpg,glaucoma
_357_7848484.jpg,E:\Main project\Batch 15\dataset\glaucoma\_357_7848484.jpg,glaucoma
_358_2954052.jpg,E:\Main project\Batch 15\dataset\glaucoma\_358_2954052.jpg,glaucoma
_358_8144492.jpg,E:\Main project\Batch 15\dataset\glaucoma\_358_8144492.jpg,glaucoma
_359_2481818.jpg,E:\Main project\Batch 15\dataset\glaucoma\_359_2481818.jpg,glaucoma
_359_8939038.jpg,E:\Main project\Batch 15\dataset\glaucoma\_359_8939038.jpg,glaucoma
_35_2680315.jpg,E:\Main project\Batch 15\dataset\glaucoma\_35_2680315.jpg,glaucoma
_35_369215.jpg,E:\Main project\Batch 15\dataset\glaucoma\_35_369215.jpg,glaucoma
_360_4768102.jpg,E:\Main project\Batch 15\dataset\glaucoma\_360_4768102.jpg,glaucoma
_361_5450086.jpg,E:\Main project\Batch 15\dataset\glaucoma\_361_5450086.jpg,glaucoma
_361_9282542.jpg,E:\Main project\Batch 15\dataset\glaucoma\_361_9282542.jpg,glaucoma
_362_9619377.jpg,E:\Main project\Batch 15\dataset\glaucoma\_362_9619377.jpg,glaucoma
_363_2466087.jpg,E:\Main project\Batch 15\dataset\glaucoma\_363_2466087.jpg,glaucoma
_364_7596223.jpg,E:\Main project\Batch 15\dataset\glaucoma\_364_7596223.jpg,glaucoma
_365_7365403.jpg,E:\Main project\Batch 15\dataset\glaucoma\_365_7365403.jpg,glaucoma
_366_3572426.jpg,E:\Main project\Batch 15\dataset\glaucoma\_366_3572426.jpg,glaucoma
_366_5412727.jpg,E:\Main project\Batch 15\dataset\glaucoma\_366_5412727.jpg,glaucoma
_367_403099.jpg,E:\Main project\Batch 15\dataset\glaucoma\_367_403099.jpg,glaucoma
_367_7784563.jpg,E:\Main project\Batch 15\dataset\glaucoma\_367_7784563.jpg,glaucoma
_368_4106148.jpg,E:\Main project\Batch 15\dataset\glaucoma\_368_4106148.jpg,glaucoma
_369_4797724.jpg,E:\Main project\Batch 15\dataset\glaucoma\_369_4797724.jpg,glaucoma
_369_874276.jpg,E:\Main project\Batch 15\dataset\glaucoma\_369_874276.jpg,glaucoma
_36_9662569.jpg,E:\Main project\Batch 15\dataset\glaucoma\_36_9662569.jpg,glaucoma
_370_7370377.jpg,E:\Main project\Batch 15\dataset\glaucoma\_370_7370377.jpg,glaucoma
_371_5633932.jpg,E:\Main project\Batch 15\dataset\glaucoma\_371_5633932.jpg,glaucoma
_371_9609603.jpg,E:\Main project\Batch 15\dataset\glaucoma\_371_9609603.jpg,glaucoma
_372_153571.jpg,E:\Main project\Batch 15\dataset\glaucoma\_372_153571.jpg,glaucoma
_374_8172135.jpg,E:\Main project\Batch 15\dataset\glaucoma\_374_8172135.jpg,glaucoma
_375_1575212.jpg,E:\Main project\Batch 15\dataset\glaucoma\_375_1575212.jpg,glaucoma
_375_3812551.jpg,E:\Main project\Batch 15\dataset\glaucoma\_375_3812551.jpg,glaucoma
_376_7730949.jpg,E:\Main project\Batch 15\dataset\glaucoma\_376_7730949.jpg,glaucoma
_376_8893491.jpg,E:\Main project\Batch 15\dataset\glaucoma\_376_8893491.jpg,glaucoma
_377_2444638.jpg,E:\Main project\Batch 15\dataset\glaucoma\_377_2444638.jpg,glaucoma
_377_8059232.jpg,E:\Main project\Batch 15\dataset\glaucoma\_377_8059232.jpg,glaucoma
_378_1725232.jpg,E:\Main project\Batch 15\dataset\glaucoma\_378_1725232.jpg,glaucoma
_379_852244.jpg,E:\Main project\Batch 15\dataset\glaucoma\_379_852244.jpg,glaucoma
_37_8813329.jpg,E:\Main project\Batch 15\dataset\glaucoma\_37_8813329.jpg,glaucoma
_380_3524868.jpg,E:\Main project\Batch 15\dataset\glaucoma\_380_3524868.jpg,glaucoma
_381_6602928.jpg,E:\Main project\Batch 15\dataset\glaucoma\_381_6602928.jpg,glaucoma
_382_9740496.jpg,E:\Main project\Batch 15\dataset\glaucoma\_382_9740496.jpg,glaucoma
_383_1676788.jpg,E:\Main project\Batch 15\dataset\glaucoma\_383_1676788.jpg,glaucoma
_383_5927182.jpg,E:\Main project\Batch 15\dataset\glaucoma\_383_5927182.jpg,glaucoma
_384_1145376.jpg,E:\Main project\Batch 15\dataset\glaucoma\_384_1145376.jpg,glaucoma
_385_2935625.jpg,E:\Main project\Batch 15\dataset\glaucoma\_385_2935625.jpg,glaucoma
_386_7977995.jpg,E:\Main project\Batch 15\dataset\glaucoma\_386_7977995.jpg,glaucoma
_386_8829500.jpg,E:\Main project\Batch 15\dataset\glaucoma\_386_8829500.jpg,glaucoma
_387_7675254.jpg,E:\Main project\Batch 15\dataset\glaucoma\_387_7675254.jpg,glaucoma
_387_8614768.jpg,E:\Main project\Batch 15\dataset\glaucoma\_387_8614768.jpg,glaucoma
_388_7162342.jpg,E:\Main project\Batch 15\dataset\glaucoma\_388_7162342.jpg,glaucoma
_388_9965271.jpg,E:\Main project\Batch 15\dataset\glaucoma\_388_9965271.jpg,glaucoma
_389_1548771.jpg,E:\Main project\Batch 15\dataset\glaucoma\_389_1548771.jpg,glaucoma
_389_5976725.jpg,E:\Main project\Batch 15\dataset\glaucoma\_389_5976725.jpg,glaucoma
_38_3483571.jpg,E:\Main project\Batch 15\dataset\glaucoma\_38_3483571.jpg,glaucoma
_390_458377.jpg,E:\Main project\Batch 15\dataset\glaucoma\_390_458377.jpg,glaucoma
_390_5579051.jpg,E:\Main project\Batch 15\dataset\glaucoma\_390_5579051.jpg,glaucoma
_391_1332495.jpg,E:\Main project\Batch 15\dataset\glaucoma\_391_1332495.jpg,glaucoma
_392_9636183.jpg,E:\Main project\Batch 15\dataset\glaucoma\_392_9636183.jpg,glaucoma
_393_2129148.jpg,E:\Main project\Batch 15\dataset\glaucoma\_393_2129148.jpg,glaucoma
_393_7224423.jpg,E:\Main project\Batch 15\dataset\glaucoma\_393_7224423.jpg,glaucoma
_394_81313.jpg,E:\Main project\Batch 15\dataset\glaucoma\_394_81313.jpg,glaucoma
_395_3509756.jpg,E:\Main project\Batch 15\dataset\glaucoma\_395_3509756.jpg,glaucoma
_395_9075896.jpg,E:\Main project\Batch 15\dataset\glaucoma\_395_9075896.jpg,glaucoma
_396_2615481.jpg,E:\Main project\Batch 15\dataset\glaucoma\_396_2615481.jpg,glaucoma
_397_9607497.jpg,E:\Main project\Batch 15\dataset\glaucoma\_397_9607497.jpg,glaucoma
_398_8823411.jpg,E:\Main project\Batch 15\dataset\glaucoma\_398_8823411.jpg,glaucoma
_399_7128170.jpg,E:\Main project\Batch 15\dataset\glaucoma\_399_7128170.jpg,glaucoma
_399_8219023.jpg,E:\Main project\Batch 15\dataset\glaucoma\_399_8219023.jpg,glaucoma
_39_2691222.jpg,E:\Main project\Batch 15\dataset\glaucoma\_39_2691222.jpg,glaucoma
_39_2936171.jpg,E:\Main project\Batch 15\dataset\glaucoma\_39_2936171.jpg,glaucoma
_3_6499308.jpg,E:\Main project\Batch 15\dataset\glaucoma\_3_6499308.jpg,glaucoma
_400_1780834.jpg,E:\Main project\Batch 15\dataset\glaucoma\_400_1780834.jpg,glaucoma
_401_4906161.jpg,E:\Main project\Batch 15\dataset\glaucoma\_401_4906161.jpg,glaucoma
_401_6044320.jpg,E:\Main project\Batch 15\dataset\glaucoma\_401_6044320.jpg,glaucoma
_402_3641116.jpg,E:\Main project\Batch 15\dataset\glaucoma\_402_3641116.jpg,glaucoma
_402_8604384.jpg,E:\Main project\Batch 15\dataset\glaucoma\_402_8604384.jpg,glaucoma
_403_4411201.jpg,E:\Main project\Batch 15\dataset\glaucoma\_403_4411201.jpg,glaucoma
_404_5918559.jpg,E:\Main project\Batch 15\dataset\glaucoma\_404_5918559.jpg,glaucoma
_405_2674974.jpg,E:\Main project\Batch 15\dataset\glaucoma\_405_2674974.jpg,glaucoma
_406_3482388.jpg,E:\Main project\Batch 15\dataset\glaucoma\_406_3482388.jpg,glaucoma
_40_4972458.jpg,E:\Main project\Batch 15\dataset\glaucoma\_40_4972458.jpg,glaucoma
_41_7018471.jpg,E:\Main project\Batch 15\dataset\glaucoma\_41_7018471.jpg,glaucoma
_42_6738302.jpg,E:\Main project\Batch 15\dataset\glaucoma\_42_6738302.jpg,glaucoma
_43_2637980.jpg,E:\Main project\Batch 15\dataset\glaucoma\_43_2637980.jpg,glaucoma
_43_5688154.jpg,E:\Main project\Batch 15\dataset\glaucoma\_43_5688154.jpg,glaucoma
_44_8455804.jpg,E:\Main project\Batch 15\dataset\glaucoma\_44_8455804.jpg,glaucoma
_45_3473696.jpg,E:\Main project\Batch 15\dataset\glaucoma\_45_3473696.jpg,glaucoma
_45_7744209.jpg,E:\Main project\Batch 15\dataset\glaucoma\_45_7744209.jpg,glaucoma
_46_2760814.jpg,E:\Main project\Batch 15\dataset\glaucoma\_46_2760814.jpg,glaucoma
_46_8083273.jpg,E:\Main project\Batch 15\dataset\glaucoma\_46_8083273.jpg,glaucoma
_47_6549840.jpg,E:\Main project\Batch 15\dataset\glaucoma\_47_6549840.jpg,glaucoma
_47_787901.jpg,E:\Main project\Batch 15\dataset\glaucoma\_47_787901.jpg,glaucoma
_48_3684538.jpg,E:\Main project\Batch 15\dataset\glaucoma\_48_3684538.jpg,glaucoma
_48_5270520.jpg,E:\Main project\Batch 15\dataset\glaucoma\_48_5270520.jpg,glaucoma
_49_249201.jpg,E:\Main project\Batch 15\dataset\glaucoma\_49_249201.jpg,glaucoma
_4_1717111.jpg,E:\Main project\Batch 15\dataset\glaucoma\_4_1717111.jpg,glaucoma
_4_5317326.jpg,E:\Main project\Batch 15\dataset\glaucoma\_4_5317326.jpg,glaucoma
_50_8908104.jpg,E:\Main project\Batch 15\dataset\glaucoma\_50_8908104.jpg,glaucoma
_51_5395739.jpg,E:\Main project\Batch 15\dataset\glaucoma\_51_5395739.jpg,glaucoma
_52_3379279.jpg,E:\Main project\Batch 15\dataset\glaucoma\_52_3379279.jpg,glaucoma
_52_3659415.jpg,E:\Main project\Batch 15\dataset\glaucoma\_52_3659415.jpg,glaucoma
_53_1457470.jpg,E:\Main project\Batch 15\dataset\glaucoma\_53_1457470.jpg,glaucoma
_54_1709440.jpg,E:\Main project\Batch 15\dataset\glaucoma\_54_1709440.jpg,glaucoma
_54_4840369.jpg,E:\Main project\Batch 15\dataset\glaucoma\_54_4840369.jpg,glaucoma
_55_1027321.jpg,E:\Main project\Batch 15\dataset\glaucoma\_55_1027321.jpg,glaucoma
_56_7014018.jpg,E:\Main project\Batch 15\dataset\glaucoma\_56_7014018.jpg,glaucoma
_57_1814825.jpg,E:\Main project\Batch 15\dataset\glaucoma\_57_1814825.jpg,glaucoma
_58_180622.jpg,E:\Main project\Batch 15\dataset\glaucoma\_58_180622.jpg,glaucoma
_58_8721967.jpg,E:\Main project\Batch 15\dataset\glaucoma\_58_8721967.jpg,glaucoma
_59_1911492.jpg,E:\Main project\Batch 15\dataset\glaucoma\_59_1911492.jpg,glaucoma
_59_9153525.jpg,E:\Main project\Batch 15\dataset\glaucoma\_59_9153525.jpg,glaucoma
_5_5487582.jpg,E:\Main project\Batch 15\dataset\glaucoma\_5_5487582.jpg,glaucoma
_60_3287251.jpg,E:\Main project\Batch 15\dataset\glaucoma\_60_3287251.jpg,glaucoma
_60_6481590.jpg,E:\Main project\Batch 15\dataset\glaucoma\_60_6481590.jpg,glaucoma
_61_1340813.jpg,E:\Main project\Batch 15\dataset\glaucoma\_61_1340813.jpg,glaucoma
_62_731940.jpg,E:\Main project\Batch 15\dataset\glaucoma\_62_731940.jpg,glaucoma
_63_5036155.jpg,E:\Main project\Batch 15\dataset\glaucoma\_63_5036155.jpg,glaucoma
_64_3530889.jpg,E:\Main project\Batch 15\dataset\glaucoma\_64_3530889.jpg,glaucoma
_64_4692255.jpg,E:\Main project\Batch 15\dataset\glaucoma\_64_4692255.jpg,glaucoma
_65_9130585.jpg,E:\Main project\Batch 15\dataset\glaucoma\_65_9130585.jpg,glaucoma
_66_8732996.jpg,E:\Main project\Batch 15\dataset\glaucoma\_66_8732996.jpg,glaucoma
_67_4921455.jpg,E:\Main project\Batch 15\dataset\glaucoma\_67_4921455.jpg,glaucoma
_67_5997765.jpg,E:\Main project\Batch 15\dataset\glaucoma\_67_5997765.jpg,glaucoma
_68_7591745.jpg,E:\Main project\Batch 15\dataset\glaucoma\_68_7591745.jpg,glaucoma
_69_5362173.jpg,E:\Main project\Batch 15\dataset\glaucoma\_69_5362173.jpg,glaucoma
_70_4843073.jpg,E:\Main project\Batch 15\dataset\glaucoma\_70_4843073.jpg,glaucoma
_71_5256438.jpg,E:\Main project\Batch 15\dataset\glaucoma\_71_5256438.jpg,glaucoma
_72_3474284.jpg,E:\Main project\Batch 15\dataset\glaucoma\_72_3474284.jpg,glaucoma
_73_1527609.jpg,E:\Main project\Batch 15\dataset\glaucoma\_73_1527609.jpg,glaucoma
_73_2704407.jpg,E:\Main project\Batch 15\dataset\glaucoma\_73_2704407.jpg,glaucoma
_74_2774709.jpg,E:\Main project\Batch 15\dataset\glaucoma\_74_2774709.jpg,glaucoma
_75_5691617.jpg,E:\Main project\Batch 15\dataset\glaucoma\_75_5691617.jpg,glaucoma
_75_820784.jpg,E:\Main project\Batch 15\dataset\glaucoma\_75_820784.jpg,glaucoma
_76_8587652.jpg,E:\Main project\Batch 15\dataset\glaucoma\_76_8587652.jpg,glaucoma
_77_3641818.jpg,E:\Main project\Batch 15\dataset\glaucoma\_77_3641818.jpg,glaucoma
_77_7357873.jpg,E:\Main project\Batch 15\dataset\glaucoma\_77_7357873.jpg,glaucoma
_78_1065003.jpg,E:\Main project\Batch 15\dataset\glaucoma\_78_1065003.jpg,glaucoma
_79_266127.jpg,E:\Main project\Batch 15\dataset\glaucoma\_79_266127.jpg,glaucoma
_7_5314686.jpg,E:\Main project\Batch 15\dataset\glaucoma\_7_5314686.jpg,glaucoma
_80_1430822.jpg,E:\Main project\Batch 15\dataset\glaucoma\_80_1430822.jpg,glaucoma
_81_2700389.jpg,E:\Main project\Batch 15\dataset\glaucoma\_81_2700389.jpg,glaucoma
_82_3719382.jpg,E:\Main project\Batch 15\dataset\glaucoma\_82_3719382.jpg,glaucoma
_83_9155730.jpg,E:\Main project\Batch 15\dataset\glaucoma\_83_9155730.jpg,glaucoma
_84_2885250.jpg,E:\Main project\Batch 15\dataset\glaucoma\_84_2885250.jpg,glaucoma
_85_9846035.jpg,E:\Main project\Batch 15\dataset\glaucoma\_85_9846035.jpg,glaucoma
_86_1386374.jpg,E:\Main project\Batch 15\dataset\glaucoma\_86_1386374.jpg,glaucoma
_87_9110812.jpg,E:\Main project\Batch 15\dataset\glaucoma\_87_9110812.jpg,glaucoma
_88_3424776.jpg,E:\Main project\Batch 15\dataset\glaucoma\_88_3424776.jpg,glaucoma
_88_3707930.jpg,E:\Main project\Batch 15\dataset\glaucoma\_88_3707930.jpg,glaucoma
_89_751322.jpg,E:\Main project\Batch 15\dataset\glaucoma\_89_751322.jpg,glaucoma
_8_4875579.jpg,E:\Main project\Batch 15\dataset\glaucoma\_8_4875579.jpg,glaucoma
_8_5210275.jpg,E:\Main project\Batch 15\dataset\glaucoma\_8_5210275.jpg,glaucoma
_90_4845886.jpg,E:\Main project\Batch 15\dataset\glaucoma\_90_4845886.jpg,glaucoma
_90_7427306.jpg,E:\Main project\Batch 15\dataset\glaucoma\_90_7427306.jpg,glaucoma
_91_4030510.jpg,E:\Main project\Batch 15\dataset\glaucoma\_91_4030510.jpg,glaucoma
_91_8145296.jpg,E:\Main project\Batch 15\dataset\glaucoma\_91_8145296.jpg,glaucoma
_92_2709771.jpg,E:\Main project\Batch 15\dataset\glaucoma\_92_2709771.jpg,glaucoma
_93_8742749.jpg,E:\Main project\Batch 15\dataset\glaucoma\_93_8742749.jpg,glaucoma
_94_8906983.jpg,E:\Main project\Batch 15\dataset\glaucoma\_94_8906983.jpg,glaucoma
_95_5759614.jpg,E:\Main project\Batch 15\dataset\glaucoma\_95_5759614.jpg,glaucoma
_95_6242980.jpg,E:\Main project\Batch 15\dataset\glaucoma\_95_6242980.jpg,glaucoma
_96_982046.jpg,E:\Main project\Batch 15\dataset\glaucoma\_96_982046.jpg,glaucoma
_97_139770.jpg,E:\Main project\Batch 15\dataset\glaucoma\_97_139770.jpg,glaucoma
_97_3920460.jpg,E:\Main project\Batch 15\dataset\glaucoma\_97_3920460.jpg,glaucoma
_98_4213035.jpg,E:\Main project\Batch 15\dataset\glaucoma\_98_4213035.jpg,glaucoma
_98_763638.jpg,E:\Main project\Batch 15\dataset\glaucoma\_98_763638.jpg,glaucoma
_99_5348098.jpg,E:\Main project\Batch 15\dataset\glaucoma\_99_5348098.jpg,glaucoma
_99_9780664.jpg,E:\Main project\Batch 15\dataset\glaucoma\_99_9780664.jpg,glaucoma
_9_9966988.jpg,E:\Main project\Batch 15\dataset\glaucoma\_9_9966988.jpg,glaucoma
1034_left.jpg,E:\Main project\Batch 15\dataset\normal\1034_left.jpg,normal
1034_right.jpg,E:\Main project\Batch 15\dataset\normal\1034_right.jpg,normal
1060_left.jpg,E:\Main project\Batch 15\dataset\normal\1060_left.jpg,normal
1060_right.jpg,E:\Main project\Batch 15\dataset\normal\1060_right.jpg,normal
1253_left.jpg,E:\Main project\Batch 15\dataset\normal\1253_left.jpg,normal
1253_right.jpg,E:\Main project\Batch 15\dataset\normal\1253_right.jpg,normal
2329_left.jpg,E:\Main project\Batch 15\dataset\normal\2329_left.jpg,normal
2329_right.jpg,E:\Main project\Batch 15\dataset\normal\2329_right.jpg,normal
2331_left.jpg,E:\Main project\Batch 15\dataset\normal\2331_left.jpg,normal
2331_right.jpg,E:\Main project\Batch 15\dataset\normal\2331_right.jpg,normal
2332_left.jpg,E:\Main project\Batch 15\dataset\normal\2332_left.jpg,normal
2332_right.jpg,E:\Main project\Batch 15\dataset\normal\2332_right.jpg,normal
2334_left.jpg,E:\Main project\Batch 15\dataset\normal\2334_left.jpg,normal
2334_right.jpg,E:\Main project\Batch 15\dataset\normal\2334_right.jpg,normal
2335_left.jpg,E:\Main project\Batch 15\dataset\normal\2335_left.jpg,normal
2335_right.jpg,E:\Main project\Batch 15\dataset\normal\2335_right.jpg,normal
2341_left.jpg,E:\Main project\Batch 15\dataset\normal\2341_left.jpg,normal
2341_right.jpg,E:\Main project\Batch 15\dataset\normal\2341_right.jpg,normal
2345_left.jpg,E:\Main project\Batch 15\dataset\normal\2345_left.jpg,normal
2345_right.jpg,E:\Main project\Batch 15\dataset\normal\2345_right.jpg,normal
2346_left.jpg,E:\Main project\Batch 15\dataset\normal\2346_left.jpg,normal
2346_right.jpg,E:\Main project\Batch 15\dataset\normal\2346_right.jpg,normal
2349_left.jpg,E:\Main project\Batch 15\dataset\normal\2349_left.jpg,normal
2349_right.jpg,E:\Main project\Batch 15\dataset\normal\2349_right.jpg,normal
2351_left.jpg,E:\Main project\Batch 15\dataset\normal\2351_left.jpg,normal
2351_right.jpg,E:\Main project\Batch 15\dataset\normal\2351_right.jpg,normal
2353_left.jpg,E:\Main project\Batch 15\dataset\normal\2353_left.jpg,normal
2353_right.jpg,E:\Main project\Batch 15\dataset\normal\2353_right.jpg,normal
2354_left.jpg,E:\Main project\Batch 15\dataset\normal\2354_left.jpg,normal
2354_right.jpg,E:\Main project\Batch 15\dataset\normal\2354_right.jpg,normal
2355_left.jpg,E:\Main project\Batch 15\dataset\normal\2355_left.jpg,normal
2355_right.jpg,E:\Main project\Batch 15\dataset\normal\2355_right.jpg,normal
2356_left.jpg,E:\Main project\Batch 15\dataset\normal\2356_left.jpg,normal
2356_right.jpg,E:\Main project\Batch 15\dataset\normal\2356_right.jpg,normal
2359_left.jpg,E:\Main project\Batch 15\dataset\normal\2359_left.jpg,normal
2359_right.jpg,E:\Main project\Batch 15\dataset\normal\2359_right.jpg,normal
2362_left.jpg,E:\Main project\Batch 15\dataset\normal\2362_left.jpg,normal
2362_right.jpg,E:\Main project\Batch 15\dataset\normal\2362_right.jpg,normal
2363_left.jpg,E:\Main project\Batch 15\dataset\normal\2363_left.jpg,normal
2363_right.jpg,E:\Main project\Batch 15\dataset\normal\2363_right.jpg,normal
2365_left.jpg,E:\Main project\Batch 15\dataset\normal\2365_left.jpg,normal
2365_right.jpg,E:\Main project\Batch 15\dataset\normal\2365_right.jpg,normal
2366_left.jpg,E:\Main project\Batch 15\dataset\normal\2366_left.jpg,normal
2366_right.jpg,E:\Main project\Batch 15\dataset\normal\2366_right.jpg,normal
2367_left.jpg,E:\Main project\Batch 15\dataset\normal\2367_left.jpg,normal
2367_right.jpg,E:\Main project\Batch 15\dataset\normal\2367_right.jpg,normal
2368_left.jpg,E:\Main project\Batch 15\dataset\normal\2368_left.jpg,normal
2368_right.jpg,E:\Main project\Batch 15\dataset\normal\2368_right.jpg,normal
2369_left.jpg,E:\Main project\Batch 15\dataset\normal\2369_left.jpg,normal
2369_right.jpg,E:\Main project\Batch 15\dataset\normal\2369_right.jpg,normal
2371_left.jpg,E:\Main project\Batch 15\dataset\normal\2371_left.jpg,normal
2371_right.jpg,E:\Main project\Batch 15\dataset\normal\2371_right.jpg,normal
2372_left.jpg,E:\Main project\Batch 15\dataset\normal\2372_left.jpg,normal
2372_right.jpg,E:\Main project\Batch 15\dataset\normal\2372_right.jpg,normal
2377_left.jpg,E:\Main project\Batch 15\dataset\normal\2377_left.jpg,normal
2378_left.jpg,E:\Main project\Batch 15\dataset\normal\2378_left.jpg,normal
2378_right.jpg,E:\Main project\Batch 15\dataset\normal\2378_right.jpg,normal
2380_left.jpg,E:\Main project\Batch 15\dataset\normal\2380_left.jpg,normal
2380_right.jpg,E:\Main project\Batch 15\dataset\normal\2380_right.jpg,normal
2382_left.jpg,E:\Main project\Batch 15\dataset\normal\2382_left.jpg,normal
2382_right.jpg,E:\Main project\Batch 15\dataset\normal\2382_right.jpg,normal
2383_left.jpg,E:\Main project\Batch 15\dataset\normal\2383_left.jpg,normal
2383_right.jpg,E:\Main project\Batch 15\dataset\normal\2383_right.jpg,normal
2384_left.jpg,E:\Main project\Batch 15\dataset\normal\2384_left.jpg,normal
2384_right.jpg,E:\Main project\Batch 15\dataset\normal\2384_right.jpg,normal
2386_left.jpg,E:\Main project\Batch 15\dataset\normal\2386_left.jpg,normal
2386_right.jpg,E:\Main project\Batch 15\dataset\normal\2386_right.jpg,normal
2388_left.jpg,E:\Main project\Batch 15\dataset\normal\2388_left.jpg,normal
2388_right.jpg,E:\Main project\Batch 15\dataset\normal\2388_right.jpg,normal
2389_left.jpg,E:\Main project\Batch 15\dataset\normal\2389_left.jpg,normal
2389_right.jpg,E:\Main project\Batch 15\dataset\normal\2389_right.jpg,normal
2393_left.jpg,E:\Main project\Batch 15\dataset\normal\2393_left.jpg,normal
2393_right.jpg,E:\Main project\Batch 15\dataset\normal\2393_right.jpg,normal
2394_left.jpg,E:\Main project\Batch 15\dataset\normal\2394_left.jpg,normal
2394_right.jpg,E:\Main project\Batch 15\dataset\normal\2394_right.jpg,normal
2395_left.jpg,E:\Main project\Batch 15\dataset\normal\2395_left.jpg,normal
2395_right.jpg,E:\Main project\Batch 15\dataset\normal\2395_right.jpg,normal
2396_left.jpg,E:\Main project\Batch 15\dataset\normal\2396_left.jpg,normal
2396_right.jpg,E:\Main project\Batch 15\dataset\normal\2396_right.jpg,normal
2397_left.jpg,E:\Main project\Batch 15\dataset\normal\2397_left.jpg,normal
2397_right.jpg,E:\Main project\Batch 15\dataset\normal\2397_right.jpg,normal
2399_left.jpg,E:\Main project\Batch 15\dataset\normal\2399_left.jpg,normal
2399_right.jpg,E:\Main project\Batch 15\dataset\normal\2399_right.jpg,normal
2400_right.jpg,E:\Main project\Batch 15\dataset\normal\2400_right.jpg,normal
2403_left.jpg,E:\Main project\Batch 15\dataset\normal\2403_left.jpg,normal
2403_right.jpg,E:\Main project\Batch 15\dataset\normal\2403_right.jpg,normal
2408_left.jpg,E:\Main project\Batch 15\dataset\normal\2408_left.jpg,normal
2408_right.jpg,E:\Main project\Batch 15\dataset\normal\2408_right.jpg,normal
2410_left.jpg,E:\Main project\Batch 15\dataset\normal\2410_left.jpg,normal
2410_right.jpg,E:\Main project\Batch 15\dataset\normal\2410_right.jpg,normal
2415_left.jpg,E:\Main project\Batch 15\dataset\normal\2415_left.jpg,normal
2415_right.jpg,E:\Main project\Batch 15\dataset\normal\2415_right.jpg,normal
2418_left.jpg,E:\Main project\Batch 15\dataset\normal\2418_left.jpg,normal
2418_right.jpg,E:\Main project\Batch 15\dataset\normal\2418_right.jpg,normal
2419_left.jpg,E:\Main project\Batch 15\dataset\normal\2419_left.jpg,normal
2419_right.jpg,E:\Main project\Batch 15\dataset\normal\2419_right.jpg,normal
2421_left.jpg,E:\Main project\Batch 15\dataset\normal\2421_left.jpg,normal
2421_right.jpg,E:\Main project\Batch 15\dataset\normal\2421_right.jpg,normal
2422_left.jpg,E:\Main project\Batch 15\dataset\normal\2422_left.jpg,normal
2422_right.jpg,E:\Main project\Batch 15\dataset\normal\2422_right.jpg,normal
2423_left.jpg,E:\Main project\Batch 15\dataset\normal\2423_left.jpg,normal
2423_right.jpg,E:\Main project\Batch 15\dataset\normal\2423_right.jpg,normal
2426_left.jpg,E:\Main project\Batch 15\dataset\normal\2426_left.jpg,normal
2426_right.jpg,E:\Main project\Batch 15\dataset\normal\2426_right.jpg,normal
2427_left.jpg,E:\Main project\Batch 15\dataset\normal\2427_left.jpg,normal
2427_right.jpg,E:\Main project\Batch 15\dataset\normal\2427_right.jpg,normal
2428_left.jpg,E:\Main project\Batch 15\dataset\normal\2428_left.jpg,normal
2432_left.jpg,E:\Main project\Batch 15\dataset\normal\2432_left.jpg,normal
2432_right.jpg,E:\Main project\Batch 15\dataset\normal\2432_right.jpg,normal
2435_left.jpg,E:\Main project\Batch 15\dataset\normal\2435_left.jpg,normal
2435_right.jpg,E:\Main project\Batch 15\dataset\normal\2435_right.jpg,normal
2437_left.jpg,E:\Main project\Batch 15\dataset\normal\2437_left.jpg,normal
2437_right.jpg,E:\Main project\Batch 15\dataset\normal\2437_right.jpg,normal
2438_left.jpg,E:\Main project\Batch 15\dataset\normal\2438_left.jpg,normal
2438_right.jpg,E:\Main project\Batch 15\dataset\normal\2438_right.jpg,normal
2441_left.jpg,E:\Main project\Batch 15\dataset\normal\2441_left.jpg,normal
2441_right.jpg,E:\Main project\Batch 15\dataset\normal\2441_right.jpg,normal
2443_left.jpg,E:\Main project\Batch 15\dataset\normal\2443_left.jpg,normal
2443_right.jpg,E:\Main project\Batch 15\dataset\normal\2443_right.jpg,normal
2444_left.jpg,E:\Main project\Batch 15\dataset\normal\2444_left.jpg,normal
2444_right.jpg,E:\Main project\Batch 15\dataset\normal\2444_right.jpg,normal
2446_left.jpg,E:\Main project\Batch 15\dataset\normal\2446_left.jpg,normal
2446_right.jpg,E:\Main project\Batch 15\dataset\normal\2446_right.jpg,normal
2448_left.jpg,E:\Main project\Batch 15\dataset\normal\2448_left.jpg,normal
2456_left.jpg,E:\Main project\Batch 15\dataset\normal\2456_left.jpg,normal
2456_right.jpg,E:\Main project\Batch 15\dataset\normal\2456_right.jpg,normal
2463_left.jpg,E:\Main project\Batch 15\dataset\normal\2463_left.jpg,normal
2463_right.jpg,E:\Main project\Batch 15\dataset\normal\2463_right.jpg,normal
2465_left.jpg,E:\Main project\Batch 15\dataset\normal\2465_left.jpg,normal
2465_right.jpg,E:\Main project\Batch 15\dataset\normal\2465_right.jpg,normal
2466_left.jpg,E:\Main project\Batch 15\dataset\normal\2466_left.jpg,normal
2466_right.jpg,E:\Main project\Batch 15\dataset\normal\2466_right.jpg,normal
2469_left.jpg,E:\Main project\Batch 15\dataset\normal\2469_left.jpg,normal
2469_right.jpg,E:\Main project\Batch 15\dataset\normal\2469_right.jpg,normal
2470_left.jpg,E:\Main project\Batch 15\dataset\normal\2470_left.jpg,normal
2470_right.jpg,E:\Main project\Batch 15\dataset\normal\2470_right.jpg,normal
2475_left.jpg,E:\Main project\Batch 15\dataset\normal\2475_left.jpg,normal
2475_right.jpg,E:\Main project\Batch 15\dataset\normal\2475_right.jpg,normal
2477_left.jpg,E:\Main project\Batch 15\dataset\normal\2477_left.jpg,normal
2478_left.jpg,E:\Main project\Batch 15\dataset\normal\2478_left.jpg,normal
2481_left.jpg,E:\Main project\Batch 15\dataset\normal\2481_left.jpg,normal
2481_right.jpg,E:\Main project\Batch 15\dataset\normal\2481_right.jpg,normal
2482_left.jpg,E:\Main project\Batch 15\dataset\normal\2482_left.jpg,normal
2482_right.jpg,E:\Main project\Batch 15\dataset\normal\2482_right.jpg,normal
2483_left.jpg,E:\Main project\Batch 15\dataset\normal\2483_left.jpg,normal
2483_right.jpg,E:\Main project\Batch 15\dataset\normal\2483_right.jpg,normal
2484_left.jpg,E:\Main project\Batch 15\dataset\normal\2484_left.jpg,normal
2484_right.jpg,E:\Main project\Batch 15\dataset\normal\2484_right.jpg,normal
2485_left.jpg,E:\Main project\Batch 15\dataset\normal\2485_left.jpg,normal
2485_right.jpg,E:\Main project\Batch 15\dataset\normal\2485_right.jpg,normal
2486_left.jpg,E:\Main project\Batch 15\dataset\normal\2486_left.jpg,normal
2486_right.jpg,E:\Main project\Batch 15\dataset\normal\2486_right.jpg,normal
2488_left.jpg,E:\Main project\Batch 15\dataset\normal\2488_left.jpg,normal
2488_right.jpg,E:\Main project\Batch 15\dataset\normal\2488_right.jpg,normal
2489_left.jpg,E:\Main project\Batch 15\dataset\normal\2489_left.jpg,normal
2489_right.jpg,E:\Main project\Batch 15\dataset\normal\2489_right.jpg,normal
2493_left.jpg,E:\Main project\Batch 15\dataset\normal\2493_left.jpg,normal
2493_right.jpg,E:\Main project\Batch 15\dataset\normal\2493_right.jpg,normal
2496_right.jpg,E:\Main project\Batch 15\dataset\normal\2496_right.jpg,normal
2499_left.jpg,E:\Main project\Batch 15\dataset\normal\2499_left.jpg,normal
2499_right.jpg,E:\Main project\Batch 15\dataset\normal\2499_right.jpg,normal
2500_left.jpg,E:\Main project\Batch 15\dataset\normal\2500_left.jpg,normal
2500_right.jpg,E:\Main project\Batch 15\dataset\normal\2500_right.jpg,normal
2501_left.jpg,E:\Main project\Batch 15\dataset\normal\2501_left.jpg,normal
2501_right.jpg,E:\Main project\Batch 15\dataset\normal\2501_right.jpg,normal
2504_left.jpg,E:\Main project\Batch 15\dataset\normal\2504_left.jpg,normal
2504_right.jpg,E:\Main project\Batch 15\dataset\normal\2504_right.jpg,normal
2506_left.jpg,E:\Main project\Batch 15\dataset\normal\2506_left.jpg,normal
2506_right.jpg,E:\Main project\Batch 15\dataset\normal\2506_right.jpg,normal
2507_left.jpg,E:\Main project\Batch 15\dataset\normal\2507_left.jpg,normal
2507_right.jpg,E:\Main project\Batch 15\dataset\normal\2507_right.jpg,normal
2508_left.jpg,E:\Main project\Batch 15\dataset\normal\2508_left.jpg,normal
2508_right.jpg,E:\Main project\Batch 15\dataset\normal\2508_right.jpg,normal
2510_left.jpg,E:\Main project\Batch 15\dataset\normal\2510_left.jpg,normal
2510_right.jpg,E:\Main project\Batch 15\dataset\normal\2510_right.jpg,normal
2512_left.jpg,E:\Main project\Batch 15\dataset\normal\2512_left.jpg,normal
2512_right.jpg,E:\Main project\Batch 15\dataset\normal\2512_right.jpg,normal
2515_left.jpg,E:\Main project\Batch 15\dataset\normal\2515_left.jpg,normal
2517_left.jpg,E:\Main project\Batch 15\dataset\normal\2517_left.jpg,normal
2517_right.jpg,E:\Main project\Batch 15\dataset\normal\2517_right.jpg,normal
2518_left.jpg,E:\Main project\Batch 15\dataset\normal\2518_left.jpg,normal
2518_right.jpg,E:\Main project\Batch 15\dataset\normal\2518_right.jpg,normal
2519_left.jpg,E:\Main project\Batch 15\dataset\normal\2519_left.jpg,normal
2519_right.jpg,E:\Main project\Batch 15\dataset\normal\2519_right.jpg,normal
2521_left.jpg,E:\Main project\Batch 15\dataset\normal\2521_left.jpg,normal
2521_right.jpg,E:\Main project\Batch 15\dataset\normal\2521_right.jpg,normal
2523_left.jpg,E:\Main project\Batch 15\dataset\normal\2523_left.jpg,normal
2523_right.jpg,E:\Main project\Batch 15\dataset\normal\2523_right.jpg,normal
2524_left.jpg,E:\Main project\Batch 15\dataset\normal\2524_left.jpg,normal
2524_right.jpg,E:\Main project\Batch 15\dataset\normal\2524_right.jpg,normal
2525_left.jpg,E:\Main project\Batch 15\dataset\normal\2525_left.jpg,normal
2525_right.jpg,E:\Main project\Batch 15\dataset\normal\2525_right.jpg,normal
2527_left.jpg,E:\Main project\Batch 15\dataset\normal\2527_left.jpg,normal
2527_right.jpg,E:\Main project\Batch 15\dataset\normal\2527_right.jpg,normal
2529_left.jpg,E:\Main project\Batch 15\dataset\normal\2529_left.jpg,normal
2529_right.jpg,E:\Main project\Batch 15\dataset\normal\2529_right.jpg,normal
2531_left.jpg,E:\Main project\Batch 15\dataset\normal\2531_left.jpg,normal
2531_right.jpg,E:\Main project\Batch 15\dataset\normal\2531_right.jpg,normal
2533_left.jpg,E:\Main project\Batch 15\dataset\normal\2533_left.jpg,normal
2533_right.jpg,E:\Main project\Batch 15\dataset\normal\2533_right.jpg,normal
2535_left.jpg,E:\Main project\Batch 15\dataset\normal\2535_left.jpg,normal
2535_right.jpg,E:\Main project\Batch 15\dataset\normal\2535_right.jpg,normal
2538_left.jpg,E:\Main project\Batch 15\dataset\normal\2538_left.jpg,normal
2538_right.jpg,E:\Main project\Batch 15\dataset\normal\2538_right.jpg,normal
2540_left.jpg,E:\Main project\Batch 15\dataset\normal\2540_left.jpg,normal
2540_right.jpg,E:\Main project\Batch 15\dataset\normal\2540_right.jpg,normal
2542_left.jpg,E:\Main project\Batch 15\dataset\normal\2542_left.jpg,normal
2542_right.jpg,E:\Main project\Batch 15\dataset\normal\2542_right.jpg,normal
2543_left.jpg,E:\Main project\Batch 15\dataset\normal\2543_left.jpg,normal
2543_right.jpg,E:\Main project\Batch 15\dataset\normal\2543_right.jpg,normal
2547_left.jpg,E:\Main project\Batch 15\dataset\normal\2547_left.jpg,normal
2547_right.jpg,E:\Main project\Batch 15\dataset\normal\2547_right.jpg,normal
2548_left.jpg,E:\Main project\Batch 15\dataset\normal\2548_left.jpg,normal
2548_right.jpg,E:\Main project\Batch 15\dataset\normal\2548_right.jpg,normal
2554_left.jpg,E:\Main project\Batch 15\dataset\normal\2554_left.jpg,normal
2554_right.jpg,E:\Main project\Batch 15\dataset\normal\2554_right.jpg,normal
2556_left.jpg,E:\Main project\Batch 15\dataset\normal\2556_left.jpg,normal
2556_right.jpg,E:\Main project\Batch 15\dataset\normal\2556_right.jpg,normal
2558_left.jpg,E:\Main project\Batch 15\dataset\normal\2558_left.jpg,normal
2558_right.jpg,E:\Main project\Batch 15\dataset\normal\2558_right.jpg,normal
2563_left.jpg,E:\Main project\Batch 15\dataset\normal\2563_left.jpg,normal
2563_right.jpg,E:\Main project\Batch 15\dataset\normal\2563_right.jpg,normal
2564_left.jpg,E:\Main project\Batch 15\dataset\normal\2564_left.jpg,normal
2564_right.jpg,E:\Main project\Batch 15\dataset\normal\2564_right.jpg,normal
2565_left.jpg,E:\Main project\Batch 15\dataset\normal\2565_left.jpg,normal
2565_right.jpg,E:\Main project\Batch 15\dataset\normal\2565_right.jpg,normal
2567_left.jpg,E:\Main project\Batch 15\dataset\normal\2567_left.jpg,normal
2567_right.jpg,E:\Main project\Batch 15\dataset\normal\2567_right.jpg,normal
2569_left.jpg,E:\Main project\Batch 15\dataset\normal\2569_left.jpg,normal
2569_right.jpg,E:\Main project\Batch 15\dataset\normal\2569_right.jpg,normal
2570_left.jpg,E:\Main project\Batch 15\dataset\normal\2570_left.jpg,normal
2570_right.jpg,E:\Main project\Batch 15\dataset\normal\2570_right.jpg,normal
2572_left.jpg,E:\Main project\Batch 15\dataset\normal\2572_left.jpg,normal
2572_right.jpg,E:\Main project\Batch 15\dataset\normal\2572_right.jpg,normal
2573_left.jpg,E:\Main project\Batch 15\dataset\normal\2573_left.jpg,normal
2573_right.jpg,E:\Main project\Batch 15\dataset\normal\2573_right.jpg,normal
2574_left.jpg,E:\Main project\Batch 15\dataset\normal\2574_left.jpg,normal
2574_right.jpg,E:\Main project\Batch 15\dataset\normal\2574_right.jpg,normal
2575_left.jpg,E:\Main project\Batch 15\dataset\normal\2575_left.jpg,normal
2575_right.jpg,E:\Main project\Batch 15\dataset\normal\2575_right.jpg,normal
2576_left.jpg,E:\Main project\Batch 15\dataset\normal\2576_left.jpg,normal
2576_right.jpg,E:\Main project\Batch 15\dataset\normal\2576_right.jpg,normal
2577_left.jpg,E:\Main project\Batch 15\dataset\normal\2577_left.jpg,normal
2577_right.jpg,E:\Main project\Batch 15\dataset\normal\2577_right.jpg,normal
2580_right.jpg,E:\Main project\Batch 15\dataset\normal\2580_right.jpg,normal
2583_left.jpg,E:\Main project\Batch 15\dataset\normal\2583_left.jpg,normal
2583_right.jpg,E:\Main project\Batch 15\dataset\normal\2583_right.jpg,normal
2585_left.jpg,E:\Main project\Batch 15\dataset\normal\2585_left.jpg,normal
2585_right.jpg,E:\Main project\Batch 15\dataset\normal\2585_right.jpg,normal
2586_left.jpg,E:\Main project\Batch 15\dataset\normal\2586_left.jpg,normal
2586_right.jpg,E:\Main project\Batch 15\dataset\normal\2586_right.jpg,normal
2587_left.jpg,E:\Main project\Batch 15\dataset\normal\2587_left.jpg,normal
2587_right.jpg,E:\Main project\Batch 15\dataset\normal\2587_right.jpg,normal
2588_left.jpg,E:\Main project\Batch 15\dataset\normal\2588_left.jpg,normal
2588_right.jpg,E:\Main project\Batch 15\dataset\normal\2588_right.jpg,normal
2589_right.jpg,E:\Main project\Batch 15\dataset\normal\2589_right.jpg,normal
2591_left.jpg,E:\Main project\Batch 15\dataset\normal\2591_left.jpg,normal
2591_right.jpg,E:\Main project\Batch 15\dataset\normal\2591_right.jpg,normal
2594_left.jpg,E:\Main project\Batch 15\dataset\normal\2594_left.jpg,normal
2594_right.jpg,E:\Main project\Batch 15\dataset\normal\2594_right.jpg,normal
2597_left.jpg,E:\Main project\Batch 15\dataset\normal\2597_left.jpg,normal
2597_right.jpg,E:\Main project\Batch 15\dataset\normal\2597_right.jpg,normal
2598_left.jpg,E:\Main project\Batch 15\dataset\normal\2598_left.jpg,normal
2598_right.jpg,E:\Main project\Batch 15\dataset\normal\2598_right.jpg,normal
2599_left.jpg,E:\Main project\Batch 15\dataset\normal\2599_left.jpg,normal
2599_right.jpg,E:\Main project\Batch 15\dataset\normal\2599_right.jpg,normal
2600_left.jpg,E:\Main project\Batch 15\dataset\normal\2600_left.jpg,normal
2600_right.jpg,E:\Main project\Batch 15\dataset\normal\2600_right.jpg,normal
2602_left.jpg,E:\Main project\Batch 15\dataset\normal\2602_left.jpg,normal
2602_right.jpg,E:\Main project\Batch 15\dataset\normal\2602_right.jpg,normal
2603_left.jpg,E:\Main project\Batch 15\dataset\normal\2603_left.jpg,normal
2603_right.jpg,E:\Main project\Batch 15\dataset\normal\2603_right.jpg,normal
2604_left.jpg,E:\Main project\Batch 15\dataset\normal\2604_left.jpg,normal
2604_right.jpg,E:\Main project\Batch 15\dataset\normal\2604_right.jpg,normal
2608_left.jpg,E:\Main project\Batch 15\dataset\normal\2608_left.jpg,normal
2608_right.jpg,E:\Main project\Batch 15\dataset\normal\2608_right.jpg,normal
2609_left.jpg,E:\Main project\Batch 15\dataset\normal\2609_left.jpg,normal
2609_right.jpg,E:\Main project\Batch 15\dataset\normal\2609_right.jpg,normal
2610_left.jpg,E:\Main project\Batch 15\dataset\normal\2610_left.jpg,normal
2610_right.jpg,E:\Main project\Batch 15\dataset\normal\2610_right.jpg,normal
2616_left.jpg,E:\Main project\Batch 15\dataset\normal\2616_left.jpg,normal
2616_right.jpg,E:\Main project\Batch 15\dataset\normal\2616_right.jpg,normal
2617_left.jpg,E:\Main project\Batch 15\dataset\normal\2617_left.jpg,normal
2617_right.jpg,E:\Main project\Batch 15\dataset\normal\2617_right.jpg,normal
2622_left.jpg,E:\Main project\Batch 15\dataset\normal\2622_left.jpg,normal
2622_right.jpg,E:\Main project\Batch 15\dataset\normal\2622_right.jpg,normal
2624_left.jpg,E:\Main project\Batch 15\dataset\normal\2624_left.jpg,normal
2624_right.jpg,E:\Main project\Batch 15\dataset\normal\2624_right.jpg,normal
2627_left.jpg,E:\Main project\Batch 15\dataset\normal\2627_left.jpg,normal
2627_right.jpg,E:\Main project\Batch 15\dataset\normal\2627_right.jpg,normal
2632_left.jpg,E:\Main project\Batch 15\dataset\normal\2632_left.jpg,normal
2632_right.jpg,E:\Main project\Batch 15\dataset\normal\2632_right.jpg,normal
2633_left.jpg,E:\Main project\Batch 15\dataset\normal\2633_left.jpg,normal
2633_right.jpg,E:\Main project\Batch 15\dataset\normal\2633_right.jpg,normal
2634_left.jpg,E:\Main project\Batch 15\dataset\normal\2634_left.jpg,normal
2634_right.jpg,E:\Main project\Batch 15\dataset\normal\2634_right.jpg,normal
2637_left.jpg,E:\Main project\Batch 15\dataset\normal\2637_left.jpg,normal
2637_right.jpg,E:\Main project\Batch 15\dataset\normal\2637_right.jpg,normal
2638_left.jpg,E:\Main project\Batch 15\dataset\normal\2638_left.jpg,normal
2638_right.jpg,E:\Main project\Batch 15\dataset\normal\2638_right.jpg,normal
2640_left.jpg,E:\Main project\Batch 15\dataset\normal\2640_left.jpg,normal
2640_right.jpg,E:\Main project\Batch 15\dataset\normal\2640_right.jpg,normal
2641_left.jpg,E:\Main project\Batch 15\dataset\normal\2641_left.jpg,normal
2641_right.jpg,E:\Main project\Batch 15\dataset\normal\2641_right.jpg,normal
2642_left.jpg,E:\Main project\Batch 15\dataset\normal\2642_left.jpg,normal
2642_right.jpg,E:\Main project\Batch 15\dataset\normal\2642_right.jpg,normal
2643_left.jpg,E:\Main project\Batch 15\dataset\normal\2643_left.jpg,normal
2643_right.jpg,E:\Main project\Batch 15\dataset\normal\2643_right.jpg,normal
2645_left.jpg,E:\Main project\Batch 15\dataset\normal\2645_left.jpg,normal
2645_right.jpg,E:\Main project\Batch 15\dataset\normal\2645_right.jpg,normal
2647_left.jpg,E:\Main project\Batch 15\dataset\normal\2647_left.jpg,normal
2647_right.jpg,E:\Main project\Batch 15\dataset\normal\2647_right.jpg,normal
2649_left.jpg,E:\Main project\Batch 15\dataset\normal\2649_left.jpg,normal
2649_right.jpg,E:\Main project\Batch 15\dataset\normal\2649_right.jpg,normal
2650_left.jpg,E:\Main project\Batch 15\dataset\normal\2650_left.jpg,normal
2650_right.jpg,E:\Main project\Batch 15\dataset\normal\2650_right.jpg,normal
2651_left.jpg,E:\Main project\Batch 15\dataset\normal\2651_left.jpg,normal
2651_right.jpg,E:\Main project\Batch 15\dataset\normal\2651_right.jpg,normal
2652_left.jpg,E:\Main project\Batch 15\dataset\normal\2652_left.jpg,normal
2652_right.jpg,E:\Main project\Batch 15\dataset\normal\2652_right.jpg,normal
2653_left.jpg,E:\Main project\Batch 15\dataset\normal\2653_left.jpg,normal
2653_right.jpg,E:\Main project\Batch 15\dataset\normal\2653_right.jpg,normal
2655_left.jpg,E:\Main project\Batch 15\dataset\normal\2655_left.jpg,normal
2655_right.jpg,E:\Main project\Batch 15\dataset\normal\2655_right.jpg,normal
2657_left.jpg,E:\Main project\Batch 15\dataset\normal\2657_left.jpg,normal
2657_right.jpg,E:\Main project\Batch 15\dataset\normal\2657_right.jpg,normal
2658_left.jpg,E:\Main project\Batch 15\dataset\normal\2658_left.jpg,normal
2658_right.jpg,E:\Main project\Batch 15\dataset\normal\2658_right.jpg,normal
2659_left.jpg,E:\Main project\Batch 15\dataset\normal\2659_left.jpg,normal
2659_right.jpg,E:\Main project\Batch 15\dataset\normal\2659_right.jpg,normal
2660_left.jpg,E:\Main project\Batch 15\dataset\normal\2660_left.jpg,normal
2660_right.jpg,E:\Main project\Batch 15\dataset\normal\2660_right.jpg,normal
2661_left.jpg,E:\Main project\Batch 15\dataset\normal\2661_left.jpg,normal
2661_right.jpg,E:\Main project\Batch 15\dataset\normal\2661_right.jpg,normal
2662_left.jpg,E:\Main project\Batch 15\dataset\normal\2662_left.jpg,normal
2662_right.jpg,E:\Main project\Batch 15\dataset\normal\2662_right.jpg,normal
2667_left.jpg,E:\Main project\Batch 15\dataset\normal\2667_left.jpg,normal
2667_right.jpg,E:\Main project\Batch 15\dataset\normal\2667_right.jpg,normal
2672_left.jpg,E:\Main project\Batch 15\dataset\normal\2672_left.jpg,normal
2672_right.jpg,E:\Main project\Batch 15\dataset\normal\2672_right.jpg,normal
2673_left.jpg,E:\Main project\Batch 15\dataset\normal\2673_left.jpg,normal
2673_right.jpg,E:\Main project\Batch 15\dataset\normal\2673_right.jpg,normal
2675_left.jpg,E:\Main project\Batch 15\dataset\normal\2675_left.jpg,normal
2675_right.jpg,E:\Main project\Batch 15\dataset\normal\2675_right.jpg,normal
2676_right.jpg,E:\Main project\Batch 15\dataset\normal\2676_right.jpg,normal
2677_left.jpg,E:\Main project\Batch 15\dataset\normal\2677_left.jpg,normal
2677_right.jpg,E:\Main project\Batch 15\dataset\normal\2677_right.jpg,normal
2680_left.jpg,E:\Main project\Batch 15\dataset\normal\2680_left.jpg,normal
2680_right.jpg,E:\Main project\Batch 15\dataset\normal\2680_right.jpg,normal
2681_left.jpg,E:\Main project\Batch 15\dataset\normal\2681_left.jpg,normal
2681_right.jpg,E:\Main project\Batch 15\dataset\normal\2681_right.jpg,normal
2685_left.jpg,E:\Main project\Batch 15\dataset\normal\2685_left.jpg,normal
2685_right.jpg,E:\Main project\Batch 15\dataset\normal\2685_right.jpg,normal
2688_left.jpg,E:\Main project\Batch 15\dataset\normal\2688_left.jpg,normal
2688_right.jpg,E:\Main project\Batch 15\dataset\normal\2688_right.jpg,normal
2689_left.jpg,E:\Main project\Batch 15\dataset\normal\2689_left.jpg,normal
2689_right.jpg,E:\Main project\Batch 15\dataset\normal\2689_right.jpg,normal
2690_left.jpg,E:\Main project\Batch 15\dataset\normal\2690_left.jpg,normal
2690_right.jpg,E:\Main project\Batch 15\dataset\normal\2690_right.jpg,normal
2695_left.jpg,E:\Main project\Batch 15\dataset\normal\2695_left.jpg,normal
2695_right.jpg,E:\Main project\Batch 15\dataset\normal\2695_right.jpg,normal
2696_left.jpg,E:\Main project\Batch 15\dataset\normal\2696_left.jpg,normal
2696_right.jpg,E:\Main project\Batch 15\dataset\normal\2696_right.jpg,normal
2697_left.jpg,E:\Main project\Batch 15\dataset\normal\2697_left.jpg,normal
2697_right.jpg,E:\Main project\Batch 15\dataset\normal\2697_right.jpg,normal
2699_left.jpg,E:\Main project\Batch 15\dataset\normal\2699_left.jpg,normal
2699_right.jpg,E:\Main project\Batch 15\dataset\normal\2699_right.jpg,normal
2702_left.jpg,E:\Main project\Batch 15\dataset\normal\2702_left.jpg,normal
2702_right.jpg,E:\Main project\Batch 15\dataset\normal\2702_right.jpg,normal
2704_left.jpg,E:\Main project\Batch 15\dataset\normal\2704_left.jpg,normal
2704_right.jpg,E:\Main project\Batch 15\dataset\normal\2704_right.jpg,normal
2705_left.jpg,E:\Main project\Batch 15\dataset\normal\2705_left.jpg,normal
2705_right.jpg,E:\Main project\Batch 15\dataset\normal\2705_right.jpg,normal
2707_left.jpg,E:\Main project\Batch 15\dataset\normal\2707_left.jpg,normal
2707_right.jpg,E:\Main project\Batch 15\dataset\normal\2707_right.jpg,normal
2708_left.jpg,E:\Main project\Batch 15\dataset\normal\2708_left.jpg,normal
2708_right.jpg,E:\Main project\Batch 15\dataset\normal\2708_right.jpg,normal
2709_left.jpg,E:\Main project\Batch 15\dataset\normal\2709_left.jpg,normal
2709_right.jpg,E:\Main project\Batch 15\dataset\normal\2709_right.jpg,normal
2710_left.jpg,E:\Main project\Batch 15\dataset\normal\2710_left.jpg,normal
2710_right.jpg,E:\Main project\Batch 15\dataset\normal\2710_right.jpg,normal
2712_left.jpg,E:\Main project\Batch 15\dataset\normal\2712_left.jpg,normal
2712_right.jpg,E:\Main project\Batch 15\dataset\normal\2712_right.jpg,normal
2713_left.jpg,E:\Main project\Batch 15\dataset\normal\2713_left.jpg,normal
2713_right.jpg,E:\Main project\Batch 15\dataset\normal\2713_right.jpg,normal
2718_left.jpg,E:\Main project\Batch 15\dataset\normal\2718_left.jpg,normal
2718_right.jpg,E:\Main project\Batch 15\dataset\normal\2718_right.jpg,normal
2726_left.jpg,E:\Main project\Batch 15\dataset\normal\2726_left.jpg,normal
2726_right.jpg,E:\Main project\Batch 15\dataset\normal\2726_right.jpg,normal
2728_left.jpg,E:\Main project\Batch 15\dataset\normal\2728_left.jpg,normal
2728_right.jpg,E:\Main project\Batch 15\dataset\normal\2728_right.jpg,normal
2729_left.jpg,E:\Main project\Batch 15\dataset\normal\2729_left.jpg,normal
2730_left.jpg,E:\Main project\Batch 15\dataset\normal\2730_left.jpg,normal
2730_right.jpg,E:\Main project\Batch 15\dataset\normal\2730_right.jpg,normal
2732_left.jpg,E:\Main project\Batch 15\dataset\normal\2732_left.jpg,normal
2732_right.jpg,E:\Main project\Batch 15\dataset\normal\2732_right.jpg,normal
2735_left.jpg,E:\Main project\Batch 15\dataset\normal\2735_left.jpg,normal
2735_right.jpg,E:\Main project\Batch 15\dataset\normal\2735_right.jpg,normal
2736_left.jpg,E:\Main project\Batch 15\dataset\normal\2736_left.jpg,normal
2736_right.jpg,E:\Main project\Batch 15\dataset\normal\2736_right.jpg,normal
2737_right.jpg,E:\Main project\Batch 15\dataset\normal\2737_right.jpg,normal
2740_left.jpg,E:\Main project\Batch 15\dataset\normal\2740_left.jpg,normal
2740_right.jpg,E:\Main project\Batch 15\dataset\normal\2740_right.jpg,normal
2742_left.jpg,E:\Main project\Batch 15\dataset\normal\2742_left.jpg,normal
2742_right.jpg,E:\Main project\Batch 15\dataset\normal\2742_right.jpg,normal
2743_left.jpg,E:\Main project\Batch 15\dataset\normal\2743_left.jpg,normal
2743_right.jpg,E:\Main project\Batch 15\dataset\normal\2743_right.jpg,normal
2748_left.jpg,E:\Main project\Batch 15\dataset\normal\2748_left.jpg,normal
2748_right.jpg,E:\Main project\Batch 15\dataset\normal\2748_right.jpg,normal
2749_left.jpg,E:\Main project\Batch 15\dataset\normal\2749_left.jpg,normal
2749_right.jpg,E:\Main project\Batch 15\dataset\normal\2749_right.jpg,normal
2750_left.jpg,E:\Main project\Batch 15\dataset\normal\2750_left.jpg,normal
2750_right.jpg,E:\Main project\Batch 15\dataset\normal\2750_right.jpg,normal
2752_right.jpg,E:\Main project\Batch 15\dataset\normal\2752_right.jpg,normal
2755_left.jpg,E:\Main project\Batch 15\dataset\normal\2755_left.jpg,normal
2755_right.jpg,E:\Main project\Batch 15\dataset\normal\2755_right.jpg,normal
2756_right.jpg,E:\Main project\Batch 15\dataset\normal\2756_right.jpg,normal
2761_left.jpg,E:\Main project\Batch 15\dataset\normal\2761_left.jpg,normal
2761_right.jpg,E:\Main project\Batch 15\dataset\normal\2761_right.jpg,normal
2763_left.jpg,E:\Main project\Batch 15\dataset\normal\2763_left.jpg,normal
2763_right.jpg,E:\Main project\Batch 15\dataset\normal\2763_right.jpg,normal
2764_left.jpg,E:\Main project\Batch 15\dataset\normal\2764_left.jpg,normal
2764_right.jpg,E:\Main project\Batch 15\dataset\normal\2764_right.jpg,normal
2767_left.jpg,E:\Main project\Batch 15\dataset\normal\2767_left.jpg,normal
2767_right.jpg,E:\Main project\Batch 15\dataset\normal\2767_right.jpg,normal
2768_left.jpg,E:\Main project\Batch 15\dataset\normal\2768_left.jpg,normal
2768_right.jpg,E:\Main project\Batch 15\dataset\normal\2768_right.jpg,normal
2770_left.jpg,E:\Main project\Batch 15\dataset\normal\2770_left.jpg,normal
2770_right.jpg,E:\Main project\Batch 15\dataset\normal\2770_right.jpg,normal
2771_left.jpg,E:\Main project\Batch 15\dataset\normal\2771_left.jpg,normal
2771_right.jpg,E:\Main project\Batch 15\dataset\normal\2771_right.jpg,normal
2773_left.jpg,E:\Main project\Batch 15\dataset\normal\2773_left.jpg,normal
2773_right.jpg,E:\Main project\Batch 15\dataset\normal\2773_right.jpg,normal
2775_left.jpg,E:\Main project\Batch 15\dataset\normal\2775_left.jpg,normal
2775_right.jpg,E:\Main project\Batch 15\dataset\normal\2775_right.jpg,normal
2777_left.jpg,E:\Main project\Batch 15\dataset\normal\2777_left.jpg,normal
2777_right.jpg,E:\Main project\Batch 15\dataset\normal\2777_right.jpg,normal
2779_left.jpg,E:\Main project\Batch 15\dataset\normal\2779_left.jpg,normal
2779_right.jpg,E:\Main project\Batch 15\dataset\normal\2779_right.jpg,normal
2780_left.jpg,E:\Main project\Batch 15\dataset\normal\2780_left.jpg,normal
2780_right.jpg,E:\Main project\Batch 15\dataset\normal\2780_right.jpg,normal
2782_left.jpg,E:\Main project\Batch 15\dataset\normal\2782_left.jpg,normal
2782_right.jpg,E:\Main project\Batch 15\dataset\normal\2782_right.jpg,normal
2786_left.jpg,E:\Main project\Batch 15\dataset\normal\2786_left.jpg,normal
2786_right.jpg,E:\Main project\Batch 15\dataset\normal\2786_right.jpg,normal
2787_left.jpg,E:\Main project\Batch 15\dataset\normal\2787_left.jpg,normal
2787_right.jpg,E:\Main project\Batch 15\dataset\normal\2787_right.jpg,normal
2789_left.jpg,E:\Main project\Batch 15\dataset\normal\2789_left.jpg,normal
2789_right.jpg,E:\Main project\Batch 15\dataset\normal\2789_right.jpg,normal
2790_left.jpg,E:\Main project\Batch 15\dataset\normal\2790_left.jpg,normal
2790_right.jpg,E:\Main project\Batch 15\dataset\normal\2790_right.jpg,normal
2791_left.jpg,E:\Main project\Batch 15\dataset\normal\2791_left.jpg,normal
2791_right.jpg,E:\Main project\Batch 15\dataset\normal\2791_right.jpg,normal
2794_left.jpg,E:\Main project\Batch 15\dataset\normal\2794_left.jpg,normal
2794_right.jpg,E:\Main project\Batch 15\dataset\normal\2794_right.jpg,normal
2795_left.jpg,E:\Main project\Batch 15\dataset\normal\2795_left.jpg,normal
2795_right.jpg,E:\Main project\Batch 15\dataset\normal\2795_right.jpg,normal
2797_left.jpg,E:\Main project\Batch 15\dataset\normal\2797_left.jpg,normal
2797_right.jpg,E:\Main project\Batch 15\dataset\normal\2797_right.jpg,normal
2798_left.jpg,E:\Main project\Batch 15\dataset\normal\2798_left.jpg,normal
2798_right.jpg,E:\Main project\Batch 15\dataset\normal\2798_right.jpg,normal
2802_left.jpg,E:\Main project\Batch 15\dataset\normal\2802_left.jpg,normal
2802_right.jpg,E:\Main project\Batch 15\dataset\normal\2802_right.jpg,normal
2806_left.jpg,E:\Main project\Batch 15\dataset\normal\2806_left.jpg,normal
2806_right.jpg,E:\Main project\Batch 15\dataset\normal\2806_right.jpg,normal
2807_right.jpg,E:\Main project\Batch 15\dataset\normal\2807_right.jpg,normal
2808_left.jpg,E:\Main project\Batch 15\dataset\normal\2808_left.jpg,normal
2808_right.jpg,E:\Main project\Batch 15\dataset\normal\2808_right.jpg,normal
2811_left.jpg,E:\Main project\Batch 15\dataset\normal\2811_left.jpg,normal
2811_right.jpg,E:\Main project\Batch 15\dataset\normal\2811_right.jpg,normal
2812_left.jpg,E:\Main project\Batch 15\dataset\normal\2812_left.jpg,normal
2812_right.jpg,E:\Main project\Batch 15\dataset\normal\2812_right.jpg,normal
2813_left.jpg,E:\Main project\Batch 15\dataset\normal\2813_left.jpg,normal
2813_right.jpg,E:\Main project\Batch 15\dataset\normal\2813_right.jpg,normal
2815_left.jpg,E:\Main project\Batch 15\dataset\normal\2815_left.jpg,normal
2815_right.jpg,E:\Main project\Batch 15\dataset\normal\2815_right.jpg,normal
2817_left.jpg,E:\Main project\Batch 15\dataset\normal\2817_left.jpg,normal
2817_right.jpg,E:\Main project\Batch 15\dataset\normal\2817_right.jpg,normal
2820_left.jpg,E:\Main project\Batch 15\dataset\normal\2820_left.jpg,normal
2820_right.jpg,E:\Main project\Batch 15\dataset\normal\2820_right.jpg,normal
2821_left.jpg,E:\Main project\Batch 15\dataset\normal\2821_left.jpg,normal
2821_right.jpg,E:\Main project\Batch 15\dataset\normal\2821_right.jpg,normal
2822_left.jpg,E:\Main project\Batch 15\dataset\normal\2822_left.jpg,normal
2822_right.jpg,E:\Main project\Batch 15\dataset\normal\2822_right.jpg,normal
2826_left.jpg,E:\Main project\Batch 15\dataset\normal\2826_left.jpg,normal
2826_right.jpg,E:\Main project\Batch 15\dataset\normal\2826_right.jpg,normal
2827_left.jpg,E:\Main project\Batch 15\dataset\normal\2827_left.jpg,normal
2827_right.jpg,E:\Main project\Batch 15\dataset\normal\2827_right.jpg,normal
2829_left.jpg,E:\Main project\Batch 15\dataset\normal\2829_left.jpg,normal
2829_right.jpg,E:\Main project\Batch 15\dataset\normal\2829_right.jpg,normal
2833_left.jpg,E:\Main project\Batch 15\dataset\normal\2833_left.jpg,normal
2833_right.jpg,E:\Main project\Batch 15\dataset\normal\2833_right.jpg,normal
2834_left.jpg,E:\Main project\Batch 15\dataset\normal\2834_left.jpg,normal
2834_right.jpg,E:\Main project\Batch 15\dataset\normal\2834_right.jpg,normal
2835_left.jpg,E:\Main project\Batch 15\dataset\normal\2835_left.jpg,normal
2835_right.jpg,E:\Main project\Batch 15\dataset\normal\2835_right.jpg,normal
2837_left.jpg,E:\Main project\Batch 15\dataset\normal\2837_left.jpg,normal
2837_right.jpg,E:\Main project\Batch 15\dataset\normal\2837_right.jpg,normal
2838_left.jpg,E:\Main project\Batch 15\dataset\normal\2838_left.jpg,normal
2838_right.jpg,E:\Main project\Batch 15\dataset\normal\2838_right.jpg,normal
2839_left.jpg,E:\Main project\Batch 15\dataset\normal\2839_left.jpg,normal
2839_right.jpg,E:\Main project\Batch 15\dataset\normal\2839_right.jpg,normal
2841_left.jpg,E:\Main project\Batch 15\dataset\normal\2841_left.jpg,normal
2841_right.jpg,E:\Main project\Batch 15\dataset\normal\2841_right.jpg,normal
2842_left.jpg,E:\Main project\Batch 15\dataset\normal\2842_left.jpg,normal
2842_right.jpg,E:\Main project\Batch 15\dataset\normal\2842_right.jpg,normal
2843_left.jpg,E:\Main project\Batch 15\dataset\normal\2843_left.jpg,normal
2843_right.jpg,E:\Main project\Batch 15\dataset\normal\2843_right.jpg,normal
2844_left.jpg,E:\Main project\Batch 15\dataset\normal\2844_left.jpg,normal
2844_right.jpg,E:\Main project\Batch 15\dataset\normal\2844_right.jpg,normal
2846_left.jpg,E:\Main project\Batch 15\dataset\normal\2846_left.jpg,normal
2846_right.jpg,E:\Main project\Batch 15\dataset\normal\2846_right.jpg,normal
2848_left.jpg,E:\Main project\Batch 15\dataset\normal\2848_left.jpg,normal
2848_right.jpg,E:\Main project\Batch 15\dataset\normal\2848_right.jpg,normal
2849_left.jpg,E:\Main project\Batch 15\dataset\normal\2849_left.jpg,normal
2849_right.jpg,E:\Main project\Batch 15\dataset\normal\2849_right.jpg,normal
2850_left.jpg,E:\Main project\Batch 15\dataset\normal\2850_left.jpg,normal
2850_right.jpg,E:\Main project\Batch 15\dataset\normal\2850_right.jpg,normal
2851_right.jpg,E:\Main project\Batch 15\dataset\normal\2851_right.jpg,normal
2852_left.jpg,E:\Main project\Batch 15\dataset\normal\2852_left.jpg,normal
2852_right.jpg,E:\Main project\Batch 15\dataset\normal\2852_right.jpg,normal
2853_left.jpg,E:\Main project\Batch 15\dataset\normal\2853_left.jpg,normal
2853_right.jpg,E:\Main project\Batch 15\dataset\normal\2853_right.jpg,normal
2857_left.jpg,E:\Main project\Batch 15\dataset\normal\2857_left.jpg,normal
2857_right.jpg,E:\Main project\Batch 15\dataset\normal\2857_right.jpg,normal
2858_left.jpg,E:\Main project\Batch 15\dataset\normal\2858_left.jpg,normal
2858_right.jpg,E:\Main project\Batch 15\dataset\normal\2858_right.jpg,normal
2860_left.jpg,E:\Main project\Batch 15\dataset\normal\2860_left.jpg,normal
2860_right.jpg,E:\Main project\Batch 15\dataset\normal\2860_right.jpg,normal
2862_left.jpg,E:\Main project\Batch 15\dataset\normal\2862_left.jpg,normal
2862_right.jpg,E:\Main project\Batch 15\dataset\normal\2862_right.jpg,normal
2864_left.jpg,E:\Main project\Batch 15\dataset\normal\2864_left.jpg,normal
2864_right.jpg,E:\Main project\Batch 15\dataset\normal\2864_right.jpg,normal
2869_left.jpg,E:\Main project\Batch 15\dataset\normal\2869_left.jpg,normal
2869_right.jpg,E:\Main project\Batch 15\dataset\normal\2869_right.jpg,normal
2872_left.jpg,E:\Main project\Batch 15\dataset\normal\2872_left.jpg,normal
2872_right.jpg,E:\Main project\Batch 15\dataset\normal\2872_right.jpg,normal
2878_left.jpg,E:\Main project\Batch 15\dataset\normal\2878_left.jpg,normal
2878_right.jpg,E:\Main project\Batch 15\dataset\normal\2878_right.jpg,normal
2880_left.jpg,E:\Main project\Batch 15\dataset\normal\2880_left.jpg,normal
2880_right.jpg,E:\Main project\Batch 15\dataset\normal\2880_right.jpg,normal
2881_left.jpg,E:\Main project\Batch 15\dataset\normal\2881_left.jpg,normal
2881_right.jpg,E:\Main project\Batch 15\dataset\normal\2881_right.jpg,normal
2882_left.jpg,E:\Main project\Batch 15\dataset\normal\2882_left.jpg,normal
2882_right.jpg,E:\Main project\Batch 15\dataset\normal\2882_right.jpg,normal
2883_left.jpg,E:\Main project\Batch 15\dataset\normal\2883_left.jpg,normal
2883_right.jpg,E:\Main project\Batch 15\dataset\normal\2883_right.jpg,normal
2884_left.jpg,E:\Main project\Batch 15\dataset\normal\2884_left.jpg,normal
2884_right.jpg,E:\Main project\Batch 15\dataset\normal\2884_right.jpg,normal
2886_left.jpg,E:\Main project\Batch 15\dataset\normal\2886_left.jpg,normal
2886_right.jpg,E:\Main project\Batch 15\dataset\normal\2886_right.jpg,normal
2887_left.jpg,E:\Main project\Batch 15\dataset\normal\2887_left.jpg,normal
2887_right.jpg,E:\Main project\Batch 15\dataset\normal\2887_right.jpg,normal
2889_left.jpg,E:\Main project\Batch 15\dataset\normal\2889_left.jpg,normal
2889_right.jpg,E:\Main project\Batch 15\dataset\normal\2889_right.jpg,normal
2890_left.jpg,E:\Main project\Batch 15\dataset\normal\2890_left.jpg,normal
2890_right.jpg,E:\Main project\Batch 15\dataset\normal\2890_right.jpg,normal
2892_left.jpg,E:\Main project\Batch 15\dataset\normal\2892_left.jpg,normal
2892_right.jpg,E:\Main project\Batch 15\dataset\normal\2892_right.jpg,normal
2895_left.jpg,E:\Main project\Batch 15\dataset\normal\2895_left.jpg,normal
2895_right.jpg,E:\Main project\Batch 15\dataset\normal\2895_right.jpg,normal
2897_left.jpg,E:\Main project\Batch 15\dataset\normal\2897_left.jpg,normal
2897_right.jpg,E:\Main project\Batch 15\dataset\normal\2897_right.jpg,normal
2907_left.jpg,E:\Main project\Batch 15\dataset\normal\2907_left.jpg,normal
2907_right.jpg,E:\Main project\Batch 15\dataset\normal\2907_right.jpg,normal
2908_left.jpg,E:\Main project\Batch 15\dataset\normal\2908_left.jpg,normal
2908_right.jpg,E:\Main project\Batch 15\dataset\normal\2908_right.jpg,normal
2910_left.jpg,E:\Main project\Batch 15\dataset\normal\2910_left.jpg,normal
2910_right.jpg,E:\Main project\Batch 15\dataset\normal\2910_right.jpg,normal
2911_left.jpg,E:\Main project\Batch 15\dataset\normal\2911_left.jpg,normal
2911_right.jpg,E:\Main project\Batch 15\dataset\normal\2911_right.jpg,normal
2915_left.jpg,E:\Main project\Batch 15\dataset\normal\2915_left.jpg,normal
2915_right.jpg,E:\Main project\Batch 15\dataset\normal\2915_right.jpg,normal
2919_left.jpg,E:\Main project\Batch 15\dataset\normal\2919_left.jpg,normal
2919_right.jpg,E:\Main project\Batch 15\dataset\normal\2919_right.jpg,normal
2924_left.jpg,E:\Main project\Batch 15\dataset\normal\2924_left.jpg,normal
2924_right.jpg,E:\Main project\Batch 15\dataset\normal\2924_right.jpg,normal
2931_left.jpg,E:\Main project\Batch 15\dataset\normal\2931_left.jpg,normal
2931_right.jpg,E:\Main project\Batch 15\dataset\normal\2931_right.jpg,normal
2932_left.jpg,E:\Main project\Batch 15\dataset\normal\2932_left.jpg,normal
2932_right.jpg,E:\Main project\Batch 15\dataset\normal\2932_right.jpg,normal
2933_left.jpg,E:\Main project\Batch 15\dataset\normal\2933_left.jpg,normal
2933_right.jpg,E:\Main project\Batch 15\dataset\normal\2933_right.jpg,normal
2935_left.jpg,E:\Main project\Batch 15\dataset\normal\2935_left.jpg,normal
2935_right.jpg,E:\Main project\Batch 15\dataset\normal\2935_right.jpg,normal
2940_left.jpg,E:\Main project\Batch 15\dataset\normal\2940_left.jpg,normal
2940_right.jpg,E:\Main project\Batch 15\dataset\normal\2940_right.jpg,normal
2942_left.jpg,E:\Main project\Batch 15\dataset\normal\2942_left.jpg,normal
2942_right.jpg,E:\Main project\Batch 15\dataset\normal\2942_right.jpg,normal
2944_left.jpg,E:\Main project\Batch 15\dataset\normal\2944_left.jpg,normal
2944_right.jpg,E:\Main project\Batch 15\dataset\normal\2944_right.jpg,normal
2946_left.jpg,E:\Main project\Batch 15\dataset\normal\2946_left.jpg,normal
2946_right.jpg,E:\Main project\Batch 15\dataset\normal\2946_right.jpg,normal
2948_left.jpg,E:\Main project\Batch 15\dataset\normal\2948_left.jpg,normal
2948_right.jpg,E:\Main project\Batch 15\dataset\normal\2948_right.jpg,normal
2950_left.jpg,E:\Main project\Batch 15\dataset\normal\2950_left.jpg,normal
2950_right.jpg,E:\Main project\Batch 15\dataset\normal\2950_right.jpg,normal
2952_left.jpg,E:\Main project\Batch 15\dataset\normal\2952_left.jpg,normal
2952_right.jpg,E:\Main project\Batch 15\dataset\normal\2952_right.jpg,normal
2953_left.jpg,E:\Main project\Batch 15\dataset\normal\2953_left.jpg,normal
2953_right.jpg,E:\Main project\Batch 15\dataset\normal\2953_right.jpg,normal
2957_left.jpg,E:\Main project\Batch 15\dataset\normal\2957_left.jpg,normal
2957_right.jpg,E:\Main project\Batch 15\dataset\normal\2957_right.jpg,normal
2961_left.jpg,E:\Main project\Batch 15\dataset\normal\2961_left.jpg,normal
2961_right.jpg,E:\Main project\Batch 15\dataset\normal\2961_right.jpg,normal
2962_left.jpg,E:\Main project\Batch 15\dataset\normal\2962_left.jpg,normal
2962_right.jpg,E:\Main project\Batch 15\dataset\normal\2962_right.jpg,normal
2966_left.jpg,E:\Main project\Batch 15\dataset\normal\2966_left.jpg,normal
2966_right.jpg,E:\Main project\Batch 15\dataset\normal\2966_right.jpg,normal
2967_left.jpg,E:\Main project\Batch 15\dataset\normal\2967_left.jpg,normal
2967_right.jpg,E:\Main project\Batch 15\dataset\normal\2967_right.jpg,normal
2971_left.jpg,E:\Main project\Batch 15\dataset\normal\2971_left.jpg,normal
2971_right.jpg,E:\Main project\Batch 15\dataset\normal\2971_right.jpg,normal
2974_left.jpg,E:\Main project\Batch 15\dataset\normal\2974_left.jpg,normal
2974_right.jpg,E:\Main project\Batch 15\dataset\normal\2974_right.jpg,normal
2975_left.jpg,E:\Main project\Batch 15\dataset\normal\2975_left.jpg,normal
2975_right.jpg,E:\Main project\Batch 15\dataset\normal\2975_right.jpg,normal
2979_left.jpg,E:\Main project\Batch 15\dataset\normal\2979_left.jpg,normal
2979_right.jpg,E:\Main project\Batch 15\dataset\normal\2979_right.jpg,normal
2980_left.jpg,E:\Main project\Batch 15\dataset\normal\2980_left.jpg,normal
2980_right.jpg,E:\Main project\Batch 15\dataset\normal\2980_right.jpg,normal
2981_left.jpg,E:\Main project\Batch 15\dataset\normal\2981_left.jpg,normal
2981_right.jpg,E:\Main project\Batch 15\dataset\normal\2981_right.jpg,normal
2984_left.jpg,E:\Main project\Batch 15\dataset\normal\2984_left.jpg,normal
2984_right.jpg,E:\Main project\Batch 15\dataset\normal\2984_right.jpg,normal
2985_left.jpg,E:\Main project\Batch 15\dataset\normal\2985_left.jpg,normal
2985_right.jpg,E:\Main project\Batch 15\dataset\normal\2985_right.jpg,normal
2988_left.jpg,E:\Main project\Batch 15\dataset\normal\2988_left.jpg,normal
2988_right.jpg,E:\Main project\Batch 15\dataset\normal\2988_right.jpg,normal
2991_left.jpg,E:\Main project\Batch 15\dataset\normal\2991_left.jpg,normal
2991_right.jpg,E:\Main project\Batch 15\dataset\normal\2991_right.jpg,normal
2992_left.jpg,E:\Main project\Batch 15\dataset\normal\2992_left.jpg,normal
2992_right.jpg,E:\Main project\Batch 15\dataset\normal\2992_right.jpg,normal
2996_left.jpg,E:\Main project\Batch 15\dataset\normal\2996_left.jpg,normal
2996_right.jpg,E:\Main project\Batch 15\dataset\normal\2996_right.jpg,normal
3000_left.jpg,E:\Main project\Batch 15\dataset\normal\3000_left.jpg,normal
3000_right.jpg,E:\Main project\Batch 15\dataset\normal\3000_right.jpg,normal
3001_left.jpg,E:\Main project\Batch 15\dataset\normal\3001_left.jpg,normal
3001_right.jpg,E:\Main project\Batch 15\dataset\normal\3001_right.jpg,normal
3004_left.jpg,E:\Main project\Batch 15\dataset\normal\3004_left.jpg,normal
3004_right.jpg,E:\Main project\Batch 15\dataset\normal\3004_right.jpg,normal
3007_left.jpg,E:\Main project\Batch 15\dataset\normal\3007_left.jpg,normal
3007_right.jpg,E:\Main project\Batch 15\dataset\normal\3007_right.jpg,normal
3008_left.jpg,E:\Main project\Batch 15\dataset\normal\3008_left.jpg,normal
3008_right.jpg,E:\Main project\Batch 15\dataset\normal\3008_right.jpg,normal
3009_left.jpg,E:\Main project\Batch 15\dataset\normal\3009_left.jpg,normal
3009_right.jpg,E:\Main project\Batch 15\dataset\normal\3009_right.jpg,normal
3010_left.jpg,E:\Main project\Batch 15\dataset\normal\3010_left.jpg,normal
3010_right.jpg,E:\Main project\Batch 15\dataset\normal\3010_right.jpg,normal
3011_left.jpg,E:\Main project\Batch 15\dataset\normal\3011_left.jpg,normal
3011_right.jpg,E:\Main project\Batch 15\dataset\normal\3011_right.jpg,normal
3013_left.jpg,E:\Main project\Batch 15\dataset\normal\3013_left.jpg,normal
3013_right.jpg,E:\Main project\Batch 15\dataset\normal\3013_right.jpg,normal
3016_left.jpg,E:\Main project\Batch 15\dataset\normal\3016_left.jpg,normal
3016_right.jpg,E:\Main project\Batch 15\dataset\normal\3016_right.jpg,normal
3017_left.jpg,E:\Main project\Batch 15\dataset\normal\3017_left.jpg,normal
3017_right.jpg,E:\Main project\Batch 15\dataset\normal\3017_right.jpg,normal
3018_left.jpg,E:\Main project\Batch 15\dataset\normal\3018_left.jpg,normal
3018_right.jpg,E:\Main project\Batch 15\dataset\normal\3018_right.jpg,normal
3020_left.jpg,E:\Main project\Batch 15\dataset\normal\3020_left.jpg,normal
3020_right.jpg,E:\Main project\Batch 15\dataset\normal\3020_right.jpg,normal
3025_left.jpg,E:\Main project\Batch 15\dataset\normal\3025_left.jpg,normal
3025_right.jpg,E:\Main project\Batch 15\dataset\normal\3025_right.jpg,normal
3026_left.jpg,E:\Main project\Batch 15\dataset\normal\3026_left.jpg,normal
3026_right.jpg,E:\Main project\Batch 15\dataset\normal\3026_right.jpg,normal
3029_left.jpg,E:\Main project\Batch 15\dataset\normal\3029_left.jpg,normal
3029_right.jpg,E:\Main project\Batch 15\dataset\normal\3029_right.jpg,normal
3034_left.jpg,E:\Main project\Batch 15\dataset\normal\3034_left.jpg,normal
3034_right.jpg,E:\Main project\Batch 15\dataset\normal\3034_right.jpg,normal
3037_right.jpg,E:\Main project\Batch 15\dataset\normal\3037_right.jpg,normal
3038_left.jpg,E:\Main project\Batch 15\dataset\normal\3038_left.jpg,normal
3038_right.jpg,E:\Main project\Batch 15\dataset\normal\3038_right.jpg,normal
3040_left.jpg,E:\Main project\Batch 15\dataset\normal\3040_left.jpg,normal
3040_right.jpg,E:\Main project\Batch 15\dataset\normal\3040_right.jpg,normal
3042_left.jpg,E:\Main project\Batch 15\dataset\normal\3042_left.jpg,normal
3042_right.jpg,E:\Main project\Batch 15\dataset\normal\3042_right.jpg,normal
3044_left.jpg,E:\Main project\Batch 15\dataset\normal\3044_left.jpg,normal
3044_right.jpg,E:\Main project\Batch 15\dataset\normal\3044_right.jpg,normal
3050_left.jpg,E:\Main project\Batch 15\dataset\normal\3050_left.jpg,normal
3050_right.jpg,E:\Main project\Batch 15\dataset\normal\3050_right.jpg,normal
3051_left.jpg,E:\Main project\Batch 15\dataset\normal\3051_left.jpg,normal
3051_right.jpg,E:\Main project\Batch 15\dataset\normal\3051_right.jpg,normal
3052_left.jpg,E:\Main project\Batch 15\dataset\normal\3052_left.jpg,normal
3052_right.jpg,E:\Main project\Batch 15\dataset\normal\3052_right.jpg,normal
3054_left.jpg,E:\Main project\Batch 15\dataset\normal\3054_left.jpg,normal
3054_right.jpg,E:\Main project\Batch 15\dataset\normal\3054_right.jpg,normal
3056_left.jpg,E:\Main project\Batch 15\dataset\normal\3056_left.jpg,normal
3056_right.jpg,E:\Main project\Batch 15\dataset\normal\3056_right.jpg,normal
3057_left.jpg,E:\Main project\Batch 15\dataset\normal\3057_left.jpg,normal
3057_right.jpg,E:\Main project\Batch 15\dataset\normal\3057_right.jpg,normal
3058_left.jpg,E:\Main project\Batch 15\dataset\normal\3058_left.jpg,normal
3058_right.jpg,E:\Main project\Batch 15\dataset\normal\3058_right.jpg,normal
3059_left.jpg,E:\Main project\Batch 15\dataset\normal\3059_left.jpg,normal
3059_right.jpg,E:\Main project\Batch 15\dataset\normal\3059_right.jpg,normal
3062_left.jpg,E:\Main project\Batch 15\dataset\normal\3062_left.jpg,normal
3062_right.jpg,E:\Main project\Batch 15\dataset\normal\3062_right.jpg,normal
3063_left.jpg,E:\Main project\Batch 15\dataset\normal\3063_left.jpg,normal
3063_right.jpg,E:\Main project\Batch 15\dataset\normal\3063_right.jpg,normal
3064_left.jpg,E:\Main project\Batch 15\dataset\normal\3064_left.jpg,normal
3064_right.jpg,E:\Main project\Batch 15\dataset\normal\3064_right.jpg,normal
3066_left.jpg,E:\Main project\Batch 15\dataset\normal\3066_left.jpg,normal
3066_right.jpg,E:\Main project\Batch 15\dataset\normal\3066_right.jpg,normal
3068_left.jpg,E:\Main project\Batch 15\dataset\normal\3068_left.jpg,normal
3068_right.jpg,E:\Main project\Batch 15\dataset\normal\3068_right.jpg,normal
3069_left.jpg,E:\Main project\Batch 15\dataset\normal\3069_left.jpg,normal
3069_right.jpg,E:\Main project\Batch 15\dataset\normal\3069_right.jpg,normal
3070_left.jpg,E:\Main project\Batch 15\dataset\normal\3070_left.jpg,normal
3070_right.jpg,E:\Main project\Batch 15\dataset\normal\3070_right.jpg,normal
3072_left.jpg,E:\Main project\Batch 15\dataset\normal\3072_left.jpg,normal
3072_right.jpg,E:\Main project\Batch 15\dataset\normal\3072_right.jpg,normal
3075_left.jpg,E:\Main project\Batch 15\dataset\normal\3075_left.jpg,normal
3075_right.jpg,E:\Main project\Batch 15\dataset\normal\3075_right.jpg,normal
3077_left.jpg,E:\Main project\Batch 15\dataset\normal\3077_left.jpg,normal
3077_right.jpg,E:\Main project\Batch 15\dataset\normal\3077_right.jpg,normal
3079_left.jpg,E:\Main project\Batch 15\dataset\normal\3079_left.jpg,normal
3079_right.jpg,E:\Main project\Batch 15\dataset\normal\3079_right.jpg,normal
3080_left.jpg,E:\Main project\Batch 15\dataset\normal\3080_left.jpg,normal
3080_right.jpg,E:\Main project\Batch 15\dataset\normal\3080_right.jpg,normal
3083_left.jpg,E:\Main project\Batch 15\dataset\normal\3083_left.jpg,normal
3083_right.jpg,E:\Main project\Batch 15\dataset\normal\3083_right.jpg,normal
3084_left.jpg,E:\Main project\Batch 15\dataset\normal\3084_left.jpg,normal
3084_right.jpg,E:\Main project\Batch 15\dataset\normal\3084_right.jpg,normal
3085_left.jpg,E:\Main project\Batch 15\dataset\normal\3085_left.jpg,normal
3085_right.jpg,E:\Main project\Batch 15\dataset\normal\3085_right.jpg,normal
3090_left.jpg,E:\Main project\Batch 15\dataset\normal\3090_left.jpg,normal
3090_right.jpg,E:\Main project\Batch 15\dataset\normal\3090_right.jpg,normal
3094_left.jpg,E:\Main project\Batch 15\dataset\normal\3094_left.jpg,normal
3094_right.jpg,E:\Main project\Batch 15\dataset\normal\3094_right.jpg,normal
3095_left.jpg,E:\Main project\Batch 15\dataset\normal\3095_left.jpg,normal
3095_right.jpg,E:\Main project\Batch 15\dataset\normal\3095_right.jpg,normal
3097_left.jpg,E:\Main project\Batch 15\dataset\normal\3097_left.jpg,normal
3097_right.jpg,E:\Main project\Batch 15\dataset\normal\3097_right.jpg,normal
3098_left.jpg,E:\Main project\Batch 15\dataset\normal\3098_left.jpg,normal
3098_right.jpg,E:\Main project\Batch 15\dataset\normal\3098_right.jpg,normal
3100_left.jpg,E:\Main project\Batch 15\dataset\normal\3100_left.jpg,normal
3100_right.jpg,E:\Main project\Batch 15\dataset\normal\3100_right.jpg,normal
3102_left.jpg,E:\Main project\Batch 15\dataset\normal\3102_left.jpg,normal
3102_right.jpg,E:\Main project\Batch 15\dataset\normal\3102_right.jpg,normal
3108_left.jpg,E:\Main project\Batch 15\dataset\normal\3108_left.jpg,normal
3108_right.jpg,E:\Main project\Batch 15\dataset\normal\3108_right.jpg,normal
3109_left.jpg,E:\Main project\Batch 15\dataset\normal\3109_left.jpg,normal
3109_right.jpg,E:\Main project\Batch 15\dataset\normal\3109_right.jpg,normal
3110_left.jpg,E:\Main project\Batch 15\dataset\normal\3110_left.jpg,normal
3110_right.jpg,E:\Main project\Batch 15\dataset\normal\3110_right.jpg,normal
3113_left.jpg,E:\Main project\Batch 15\dataset\normal\3113_left.jpg,normal
3113_right.jpg,E:\Main project\Batch 15\dataset\normal\3113_right.jpg,normal
3114_left.jpg,E:\Main project\Batch 15\dataset\normal\3114_left.jpg,normal
3114_right.jpg,E:\Main project\Batch 15\dataset\normal\3114_right.jpg,normal
3117_left.jpg,E:\Main project\Batch 15\dataset\normal\3117_left.jpg,normal
3117_right.jpg,E:\Main project\Batch 15\dataset\normal\3117_right.jpg,normal
3119_left.jpg,E:\Main project\Batch 15\dataset\normal\3119_left.jpg,normal
3122_left.jpg,E:\Main project\Batch 15\dataset\normal\3122_left.jpg,normal
3122_right.jpg,E:\Main project\Batch 15\dataset\normal\3122_right.jpg,normal
3123_left.jpg,E:\Main project\Batch 15\dataset\normal\3123_left.jpg,normal
3123_right.jpg,E:\Main project\Batch 15\dataset\normal\3123_right.jpg,normal
3124_left.jpg,E:\Main project\Batch 15\dataset\normal\3124_left.jpg,normal
3124_right.jpg,E:\Main project\Batch 15\dataset\normal\3124_right.jpg,normal
3127_left.jpg,E:\Main project\Batch 15\dataset\normal\3127_left.jpg,normal
3127_right.jpg,E:\Main project\Batch 15\dataset\normal\3127_right.jpg,normal
3131_left.jpg,E:\Main project\Batch 15\dataset\normal\3131_left.jpg,normal
3131_right.jpg,E:\Main project\Batch 15\dataset\normal\3131_right.jpg,normal
3138_left.jpg,E:\Main project\Batch 15\dataset\normal\3138_left.jpg,normal
3138_right.jpg,E:\Main project\Batch 15\dataset\normal\3138_right.jpg,normal
3139_left.jpg,E:\Main project\Batch 15\dataset\normal\3139_left.jpg,normal
3139_right.jpg,E:\Main project\Batch 15\dataset\normal\3139_right.jpg,normal
3141_left.jpg,E:\Main project\Batch 15\dataset\normal\3141_left.jpg,normal
3141_right.jpg,E:\Main project\Batch 15\dataset\normal\3141_right.jpg,normal
3142_left.jpg,E:\Main project\Batch 15\dataset\normal\3142_left.jpg,normal
3142_right.jpg,E:\Main project\Batch 15\dataset\normal\3142_right.jpg,normal
3144_left.jpg,E:\Main project\Batch 15\dataset\normal\3144_left.jpg,normal
3144_right.jpg,E:\Main project\Batch 15\dataset\normal\3144_right.jpg,normal
3145_left.jpg,E:\Main project\Batch 15\dataset\normal\3145_left.jpg,normal
3146_right.jpg,E:\Main project\Batch 15\dataset\normal\3146_right.jpg,normal
3150_left.jpg,E:\Main project\Batch 15\dataset\normal\3150_left.jpg,normal
3150_right.jpg,E:\Main project\Batch 15\dataset\normal\3150_right.jpg,normal
3153_left.jpg,E:\Main project\Batch 15\dataset\normal\3153_left.jpg,normal
3153_right.jpg,E:\Main project\Batch 15\dataset\normal\3153_right.jpg,normal
3154_left.jpg,E:\Main project\Batch 15\dataset\normal\3154_left.jpg,normal
3155_left.jpg,E:\Main project\Batch 15\dataset\normal\3155_left.jpg,normal
3155_right.jpg,E:\Main project\Batch 15\dataset\normal\3155_right.jpg,normal
3157_left.jpg,E:\Main project\Batch 15\dataset\normal\3157_left.jpg,normal
3157_right.jpg,E:\Main project\Batch 15\dataset\normal\3157_right.jpg,normal
3159_right.jpg,E:\Main project\Batch 15\dataset\normal\3159_right.jpg,normal
3163_left.jpg,E:\Main project\Batch 15\dataset\normal\3163_left.jpg,normal
3164_right.jpg,E:\Main project\Batch 15\dataset\normal\3164_right.jpg,normal
3166_right.jpg,E:\Main project\Batch 15\dataset\normal\3166_right.jpg,normal
3168_left.jpg,E:\Main project\Batch 15\dataset\normal\3168_left.jpg,normal
3169_left.jpg,E:\Main project\Batch 15\dataset\normal\3169_left.jpg,normal
3169_right.jpg,E:\Main project\Batch 15\dataset\normal\3169_right.jpg,normal
3170_right.jpg,E:\Main project\Batch 15\dataset\normal\3170_right.jpg,normal
3171_left.jpg,E:\Main project\Batch 15\dataset\normal\3171_left.jpg,normal
3172_left.jpg,E:\Main project\Batch 15\dataset\normal\3172_left.jpg,normal
3172_right.jpg,E:\Main project\Batch 15\dataset\normal\3172_right.jpg,normal
3173_right.jpg,E:\Main project\Batch 15\dataset\normal\3173_right.jpg,normal
3175_left.jpg,E:\Main project\Batch 15\dataset\normal\3175_left.jpg,normal
3175_right.jpg,E:\Main project\Batch 15\dataset\normal\3175_right.jpg,normal
3176_left.jpg,E:\Main project\Batch 15\dataset\normal\3176_left.jpg,normal
3176_right.jpg,E:\Main project\Batch 15\dataset\normal\3176_right.jpg,normal
3177_right.jpg,E:\Main project\Batch 15\dataset\normal\3177_right.jpg,normal
3179_left.jpg,E:\Main project\Batch 15\dataset\normal\3179_left.jpg,normal
3181_right.jpg,E:\Main project\Batch 15\dataset\normal\3181_right.jpg,normal
3183_left.jpg,E:\Main project\Batch 15\dataset\normal\3183_left.jpg,normal
3184_left.jpg,E:\Main project\Batch 15\dataset\normal\3184_left.jpg,normal
3184_right.jpg,E:\Main project\Batch 15\dataset\normal\3184_right.jpg,normal
3186_left.jpg,E:\Main project\Batch 15\dataset\normal\3186_left.jpg,normal
3186_right.jpg,E:\Main project\Batch 15\dataset\normal\3186_right.jpg,normal
3187_left.jpg,E:\Main project\Batch 15\dataset\normal\3187_left.jpg,normal
3187_right.jpg,E:\Main project\Batch 15\dataset\normal\3187_right.jpg,normal
3188_left.jpg,E:\Main project\Batch 15\dataset\normal\3188_left.jpg,normal
3188_right.jpg,E:\Main project\Batch 15\dataset\normal\3188_right.jpg,normal
3191_right.jpg,E:\Main project\Batch 15\dataset\normal\3191_right.jpg,normal
3192_left.jpg,E:\Main project\Batch 15\dataset\normal\3192_left.jpg,normal
3193_left.jpg,E:\Main project\Batch 15\dataset\normal\3193_left.jpg,normal
3193_right.jpg,E:\Main project\Batch 15\dataset\normal\3193_right.jpg,normal
3194_left.jpg,E:\Main project\Batch 15\dataset\normal\3194_left.jpg,normal
3194_right.jpg,E:\Main project\Batch 15\dataset\normal\3194_right.jpg,normal
3196_left.jpg,E:\Main project\Batch 15\dataset\normal\3196_left.jpg,normal
3196_right.jpg,E:\Main project\Batch 15\dataset\normal\3196_right.jpg,normal
3198_left.jpg,E:\Main project\Batch 15\dataset\normal\3198_left.jpg,normal
3198_right.jpg,E:\Main project\Batch 15\dataset\normal\3198_right.jpg,normal
3200_left.jpg,E:\Main project\Batch 15\dataset\normal\3200_left.jpg,normal
3201_left.jpg,E:\Main project\Batch 15\dataset\normal\3201_left.jpg,normal
3202_left.jpg,E:\Main project\Batch 15\dataset\normal\3202_left.jpg,normal
3202_right.jpg,E:\Main project\Batch 15\dataset\normal\3202_right.jpg,normal
3203_left.jpg,E:\Main project\Batch 15\dataset\normal\3203_left.jpg,normal
3203_right.jpg,E:\Main project\Batch 15\dataset\normal\3203_right.jpg,normal
3204_left.jpg,E:\Main project\Batch 15\dataset\normal\3204_left.jpg,normal
3206_left.jpg,E:\Main project\Batch 15\dataset\normal\3206_left.jpg,normal
3207_left.jpg,E:\Main project\Batch 15\dataset\normal\3207_left.jpg,normal
3207_right.jpg,E:\Main project\Batch 15\dataset\normal\3207_right.jpg,normal
3208_left.jpg,E:\Main project\Batch 15\dataset\normal\3208_left.jpg,normal
3208_right.jpg,E:\Main project\Batch 15\dataset\normal\3208_right.jpg,normal
3209_right.jpg,E:\Main project\Batch 15\dataset\normal\3209_right.jpg,normal
3212_left.jpg,E:\Main project\Batch 15\dataset\normal\3212_left.jpg,normal
3214_left.jpg,E:\Main project\Batch 15\dataset\normal\3214_left.jpg,normal
3214_right.jpg,E:\Main project\Batch 15\dataset\normal\3214_right.jpg,normal
3215_right.jpg,E:\Main project\Batch 15\dataset\normal\3215_right.jpg,normal
3216_left.jpg,E:\Main project\Batch 15\dataset\normal\3216_left.jpg,normal
3217_left.jpg,E:\Main project\Batch 15\dataset\normal\3217_left.jpg,normal
3217_right.jpg,E:\Main project\Batch 15\dataset\normal\3217_right.jpg,normal
3218_right.jpg,E:\Main project\Batch 15\dataset\normal\3218_right.jpg,normal
3221_left.jpg,E:\Main project\Batch 15\dataset\normal\3221_left.jpg,normal
3221_right.jpg,E:\Main project\Batch 15\dataset\normal\3221_right.jpg,normal
3222_left.jpg,E:\Main project\Batch 15\dataset\normal\3222_left.jpg,normal
3222_right.jpg,E:\Main project\Batch 15\dataset\normal\3222_right.jpg,normal
3223_left.jpg,E:\Main project\Batch 15\dataset\normal\3223_left.jpg,normal
3223_right.jpg,E:\Main project\Batch 15\dataset\normal\3223_right.jpg,normal
3226_left.jpg,E:\Main project\Batch 15\dataset\normal\3226_left.jpg,normal
3226_right.jpg,E:\Main project\Batch 15\dataset\normal\3226_right.jpg,normal
3227_left.jpg,E:\Main project\Batch 15\dataset\normal\3227_left.jpg,normal
3227_right.jpg,E:\Main project\Batch 15\dataset\normal\3227_right.jpg,normal
3232_left.jpg,E:\Main project\Batch 15\dataset\normal\3232_left.jpg,normal
3232_right.jpg,E:\Main project\Batch 15\dataset\normal\3232_right.jpg,normal
3234_left.jpg,E:\Main project\Batch 15\dataset\normal\3234_left.jpg,normal
3234_right.jpg,E:\Main project\Batch 15\dataset\normal\3234_right.jpg,normal
3237_left.jpg,E:\Main project\Batch 15\dataset\normal\3237_left.jpg,normal
3237_right.jpg,E:\Main project\Batch 15\dataset\normal\3237_right.jpg,normal
3238_right.jpg,E:\Main project\Batch 15\dataset\normal\3238_right.jpg,normal
3240_right.jpg,E:\Main project\Batch 15\dataset\normal\3240_right.jpg,normal
3241_left.jpg,E:\Main project\Batch 15\dataset\normal\3241_left.jpg,normal
3242_left.jpg,E:\Main project\Batch 15\dataset\normal\3242_left.jpg,normal
3242_right.jpg,E:\Main project\Batch 15\dataset\normal\3242_right.jpg,normal
3243_left.jpg,E:\Main project\Batch 15\dataset\normal\3243_left.jpg,normal
3243_right.jpg,E:\Main project\Batch 15\dataset\normal\3243_right.jpg,normal
3244_left.jpg,E:\Main project\Batch 15\dataset\normal\3244_left.jpg,normal
3244_right.jpg,E:\Main project\Batch 15\dataset\normal\3244_right.jpg,normal
3245_right.jpg,E:\Main project\Batch 15\dataset\normal\3245_right.jpg,normal
3246_left.jpg,E:\Main project\Batch 15\dataset\normal\3246_left.jpg,normal
3248_left.jpg,E:\Main project\Batch 15\dataset\normal\3248_left.jpg,normal
3248_right.jpg,E:\Main project\Batch 15\dataset\normal\3248_right.jpg,normal
3249_right.jpg,E:\Main project\Batch 15\dataset\normal\3249_right.jpg,normal
3251_left.jpg,E:\Main project\Batch 15\dataset\normal\3251_left.jpg,normal
3252_left.jpg,E:\Main project\Batch 15\dataset\normal\3252_left.jpg,normal
3252_right.jpg,E:\Main project\Batch 15\dataset\normal\3252_right.jpg,normal
3253_right.jpg,E:\Main project\Batch 15\dataset\normal\3253_right.jpg,normal
3255_left.jpg,E:\Main project\Batch 15\dataset\normal\3255_left.jpg,normal
3255_right.jpg,E:\Main project\Batch 15\dataset\normal\3255_right.jpg,normal
3256_right.jpg,E:\Main project\Batch 15\dataset\normal\3256_right.jpg,normal
3257_right.jpg,E:\Main project\Batch 15\dataset\normal\3257_right.jpg,normal
3259_left.jpg,E:\Main project\Batch 15\dataset\normal\3259_left.jpg,normal
3259_right.jpg,E:\Main project\Batch 15\dataset\normal\3259_right.jpg,normal
3260_left.jpg,E:\Main project\Batch 15\dataset\normal\3260_left.jpg,normal
3260_right.jpg,E:\Main project\Batch 15\dataset\normal\3260_right.jpg,normal
3262_right.jpg,E:\Main project\Batch 15\dataset\normal\3262_right.jpg,normal
3263_left.jpg,E:\Main project\Batch 15\dataset\normal\3263_left.jpg,normal
3264_left.jpg,E:\Main project\Batch 15\dataset\normal\3264_left.jpg,normal
3266_right.jpg,E:\Main project\Batch 15\dataset\normal\3266_right.jpg,normal
3267_left.jpg,E:\Main project\Batch 15\dataset\normal\3267_left.jpg,normal
3271_right.jpg,E:\Main project\Batch 15\dataset\normal\3271_right.jpg,normal
3272_left.jpg,E:\Main project\Batch 15\dataset\normal\3272_left.jpg,normal
3273_left.jpg,E:\Main project\Batch 15\dataset\normal\3273_left.jpg,normal
3273_right.jpg,E:\Main project\Batch 15\dataset\normal\3273_right.jpg,normal
3274_left.jpg,E:\Main project\Batch 15\dataset\normal\3274_left.jpg,normal
3275_left.jpg,E:\Main project\Batch 15\dataset\normal\3275_left.jpg,normal
3275_right.jpg,E:\Main project\Batch 15\dataset\normal\3275_right.jpg,normal
3282_right.jpg,E:\Main project\Batch 15\dataset\normal\3282_right.jpg,normal
3283_left.jpg,E:\Main project\Batch 15\dataset\normal\3283_left.jpg,normal
3285_right.jpg,E:\Main project\Batch 15\dataset\normal\3285_right.jpg,normal
3287_right.jpg,E:\Main project\Batch 15\dataset\normal\3287_right.jpg,normal
3289_left.jpg,E:\Main project\Batch 15\dataset\normal\3289_left.jpg,normal
3289_right.jpg,E:\Main project\Batch 15\dataset\normal\3289_right.jpg,normal
3290_right.jpg,E:\Main project\Batch 15\dataset\normal\3290_right.jpg,normal
3291_left.jpg,E:\Main project\Batch 15\dataset\normal\3291_left.jpg,normal
3291_right.jpg,E:\Main project\Batch 15\dataset\normal\3291_right.jpg,normal
3293_left.jpg,E:\Main project\Batch 15\dataset\normal\3293_left.jpg,normal
3294_right.jpg,E:\Main project\Batch 15\dataset\normal\3294_right.jpg,normal
3295_left.jpg,E:\Main project\Batch 15\dataset\normal\3295_left.jpg,normal
3295_right.jpg,E:\Main project\Batch 15\dataset\normal\3295_right.jpg,normal
3296_left.jpg,E:\Main project\Batch 15\dataset\normal\3296_left.jpg,normal
3297_right.jpg,E:\Main project\Batch 15\dataset\normal\3297_right.jpg,normal
3298_left.jpg,E:\Main project\Batch 15\dataset\normal\3298_left.jpg,normal
3298_right.jpg,E:\Main project\Batch 15\dataset\normal\3298_right.jpg,normal
3300_left.jpg,E:\Main project\Batch 15\dataset\normal\3300_left.jpg,normal
3300_right.jpg,E:\Main project\Batch 15\dataset\normal\3300_right.jpg,normal
3304_left.jpg,E:\Main project\Batch 15\dataset\normal\3304_left.jpg,normal
3304_right.jpg,E:\Main project\Batch 15\dataset\normal\3304_right.jpg,normal
3305_left.jpg,E:\Main project\Batch 15\dataset\normal\3305_left.jpg,normal
3305_right.jpg,E:\Main project\Batch 15\dataset\normal\3305_right.jpg,normal
3306_left.jpg,E:\Main project\Batch 15\dataset\normal\3306_left.jpg,normal
3306_right.jpg,E:\Main project\Batch 15\dataset\normal\3306_right.jpg,normal
3307_right.jpg,E:\Main project\Batch 15\dataset\normal\3307_right.jpg,normal
3308_left.jpg,E:\Main project\Batch 15\dataset\normal\3308_left.jpg,normal
3308_right.jpg,E:\Main project\Batch 15\dataset\normal\3308_right.jpg,normal
3309_left.jpg,E:\Main project\Batch 15\dataset\normal\3309_left.jpg,normal
3309_right.jpg,E:\Main project\Batch 15\dataset\normal\3309_right.jpg,normal
3311_right.jpg,E:\Main project\Batch 15\dataset\normal\3311_right.jpg,normal
3312_left.jpg,E:\Main project\Batch 15\dataset\normal\3312_left.jpg,normal
3315_right.jpg,E:\Main project\Batch 15\dataset\normal\3315_right.jpg,normal
3317_left.jpg,E:\Main project\Batch 15\dataset\normal\3317_left.jpg,normal
3318_left.jpg,E:\Main project\Batch 15\dataset\normal\3318_left.jpg,normal
3319_right.jpg,E:\Main project\Batch 15\dataset\normal\3319_right.jpg,normal
3320_right.jpg,E:\Main project\Batch 15\dataset\normal\3320_right.jpg,normal
3321_left.jpg,E:\Main project\Batch 15\dataset\normal\3321_left.jpg,normal
3324_left.jpg,E:\Main project\Batch 15\dataset\normal\3324_left.jpg,normal
3324_right.jpg,E:\Main project\Batch 15\dataset\normal\3324_right.jpg,normal
3325_left.jpg,E:\Main project\Batch 15\dataset\normal\3325_left.jpg,normal
3329_right.jpg,E:\Main project\Batch 15\dataset\normal\3329_right.jpg,normal
3330_left.jpg,E:\Main project\Batch 15\dataset\normal\3330_left.jpg,normal
3330_right.jpg,E:\Main project\Batch 15\dataset\normal\3330_right.jpg,normal
3332_right.jpg,E:\Main project\Batch 15\dataset\normal\3332_right.jpg,normal
3340_right.jpg,E:\Main project\Batch 15\dataset\normal\3340_right.jpg,normal
3341_left.jpg,E:\Main project\Batch 15\dataset\normal\3341_left.jpg,normal
3341_right.jpg,E:\Main project\Batch 15\dataset\normal\3341_right.jpg,normal
3342_left.jpg,E:\Main project\Batch 15\dataset\normal\3342_left.jpg,normal
3343_right.jpg,E:\Main project\Batch 15\dataset\normal\3343_right.jpg,normal
3344_right.jpg,E:\Main project\Batch 15\dataset\normal\3344_right.jpg,normal
3348_right.jpg,E:\Main project\Batch 15\dataset\normal\3348_right.jpg,normal
3350_left.jpg,E:\Main project\Batch 15\dataset\normal\3350_left.jpg,normal
3352_left.jpg,E:\Main project\Batch 15\dataset\normal\3352_left.jpg,normal
3352_right.jpg,E:\Main project\Batch 15\dataset\normal\3352_right.jpg,normal
3353_left.jpg,E:\Main project\Batch 15\dataset\normal\3353_left.jpg,normal
3354_left.jpg,E:\Main project\Batch 15\dataset\normal\3354_left.jpg,normal
3354_right.jpg,E:\Main project\Batch 15\dataset\normal\3354_right.jpg,normal
3355_left.jpg,E:\Main project\Batch 15\dataset\normal\3355_left.jpg,normal
3355_right.jpg,E:\Main project\Batch 15\dataset\normal\3355_right.jpg,normal
3356_left.jpg,E:\Main project\Batch 15\dataset\normal\3356_left.jpg,normal
3356_right.jpg,E:\Main project\Batch 15\dataset\normal\3356_right.jpg,normal
3357_left.jpg,E:\Main project\Batch 15\dataset\normal\3357_left.jpg,normal
3357_right.jpg,E:\Main project\Batch 15\dataset\normal\3357_right.jpg,normal
3358_left.jpg,E:\Main project\Batch 15\dataset\normal\3358_left.jpg,normal
3358_right.jpg,E:\Main project\Batch 15\dataset\normal\3358_right.jpg,normal
3359_left.jpg,E:\Main project\Batch 15\dataset\normal\3359_left.jpg,normal
3359_right.jpg,E:\Main project\Batch 15\dataset\normal\3359_right.jpg,normal
3360_right.jpg,E:\Main project\Batch 15\dataset\normal\3360_right.jpg,normal
3362_left.jpg,E:\Main project\Batch 15\dataset\normal\3362_left.jpg,normal
3363_left.jpg,E:\Main project\Batch 15\dataset\normal\3363_left.jpg,normal
3363_right.jpg,E:\Main project\Batch 15\dataset\normal\3363_right.jpg,normal
3364_right.jpg,E:\Main project\Batch 15\dataset\normal\3364_right.jpg,normal
3365_left.jpg,E:\Main project\Batch 15\dataset\normal\3365_left.jpg,normal
3367_left.jpg,E:\Main project\Batch 15\dataset\normal\3367_left.jpg,normal
3367_right.jpg,E:\Main project\Batch 15\dataset\normal\3367_right.jpg,normal
3369_left.jpg,E:\Main project\Batch 15\dataset\normal\3369_left.jpg,normal
3373_right.jpg,E:\Main project\Batch 15\dataset\normal\3373_right.jpg,normal
3375_left.jpg,E:\Main project\Batch 15\dataset\normal\3375_left.jpg,normal
3376_left.jpg,E:\Main project\Batch 15\dataset\normal\3376_left.jpg,normal
3377_left.jpg,E:\Main project\Batch 15\dataset\normal\3377_left.jpg,normal
3377_right.jpg,E:\Main project\Batch 15\dataset\normal\3377_right.jpg,normal
3378_right.jpg,E:\Main project\Batch 15\dataset\normal\3378_right.jpg,normal
3379_right.jpg,E:\Main project\Batch 15\dataset\normal\3379_right.jpg,normal
3380_right.jpg,E:\Main project\Batch 15\dataset\normal\3380_right.jpg,normal
3381_left.jpg,E:\Main project\Batch 15\dataset\normal\3381_left.jpg,normal
3382_left.jpg,E:\Main project\Batch 15\dataset\normal\3382_left.jpg,normal
3383_right.jpg,E:\Main project\Batch 15\dataset\normal\3383_right.jpg,normal
3386_left.jpg,E:\Main project\Batch 15\dataset\normal\3386_left.jpg,normal
3387_left.jpg,E:\Main project\Batch 15\dataset\normal\3387_left.jpg,normal
3388_left.jpg,E:\Main project\Batch 15\dataset\normal\3388_left.jpg,normal
3388_right.jpg,E:\Main project\Batch 15\dataset\normal\3388_right.jpg,normal
3389_left.jpg,E:\Main project\Batch 15\dataset\normal\3389_left.jpg,normal
3389_right.jpg,E:\Main project\Batch 15\dataset\normal\3389_right.jpg,normal
3390_left.jpg,E:\Main project\Batch 15\dataset\normal\3390_left.jpg,normal
3390_right.jpg,E:\Main project\Batch 15\dataset\normal\3390_right.jpg,normal
3391_right.jpg,E:\Main project\Batch 15\dataset\normal\3391_right.jpg,normal
3392_left.jpg,E:\Main project\Batch 15\dataset\normal\3392_left.jpg,normal
3392_right.jpg,E:\Main project\Batch 15\dataset\normal\3392_right.jpg,normal
3393_left.jpg,E:\Main project\Batch 15\dataset\normal\3393_left.jpg,normal
3394_right.jpg,E:\Main project\Batch 15\dataset\normal\3394_right.jpg,normal
3395_left.jpg,E:\Main project\Batch 15\dataset\normal\3395_left.jpg,normal
3397_left.jpg,E:\Main project\Batch 15\dataset\normal\3397_left.jpg,normal
3398_left.jpg,E:\Main project\Batch 15\dataset\normal\3398_left.jpg,normal
3399_left.jpg,E:\Main project\Batch 15\dataset\normal\3399_left.jpg,normal
3399_right.jpg,E:\Main project\Batch 15\dataset\normal\3399_right.jpg,normal
3403_left.jpg,E:\Main project\Batch 15\dataset\normal\3403_left.jpg,normal
3404_left.jpg,E:\Main project\Batch 15\dataset\normal\3404_left.jpg,normal
3405_left.jpg,E:\Main project\Batch 15\dataset\normal\3405_left.jpg,normal
3405_right.jpg,E:\Main project\Batch 15\dataset\normal\3405_right.jpg,normal
3406_right.jpg,E:\Main project\Batch 15\dataset\normal\3406_right.jpg,normal
3407_right.jpg,E:\Main project\Batch 15\dataset\normal\3407_right.jpg,normal
3408_left.jpg,E:\Main project\Batch 15\dataset\normal\3408_left.jpg,normal
3408_right.jpg,E:\Main project\Batch 15\dataset\normal\3408_right.jpg,normal
3410_left.jpg,E:\Main project\Batch 15\dataset\normal\3410_left.jpg,normal
3411_left.jpg,E:\Main project\Batch 15\dataset\normal\3411_left.jpg,normal
3411_right.jpg,E:\Main project\Batch 15\dataset\normal\3411_right.jpg,normal
3412_left.jpg,E:\Main project\Batch 15\dataset\normal\3412_left.jpg,normal
3412_right.jpg,E:\Main project\Batch 15\dataset\normal\3412_right.jpg,normal
3414_left.jpg,E:\Main project\Batch 15\dataset\normal\3414_left.jpg,normal
3414_right.jpg,E:\Main project\Batch 15\dataset\normal\3414_right.jpg,normal
3415_left.jpg,E:\Main project\Batch 15\dataset\normal\3415_left.jpg,normal
3415_right.jpg,E:\Main project\Batch 15\dataset\normal\3415_right.jpg,normal
3416_right.jpg,E:\Main project\Batch 15\dataset\normal\3416_right.jpg,normal
3417_left.jpg,E:\Main project\Batch 15\dataset\normal\3417_left.jpg,normal
3417_right.jpg,E:\Main project\Batch 15\dataset\normal\3417_right.jpg,normal
3418_left.jpg,E:\Main project\Batch 15\dataset\normal\3418_left.jpg,normal
3419_right.jpg,E:\Main project\Batch 15\dataset\normal\3419_right.jpg,normal
3420_left.jpg,E:\Main project\Batch 15\dataset\normal\3420_left.jpg,normal
3420_right.jpg,E:\Main project\Batch 15\dataset\normal\3420_right.jpg,normal
3421_left.jpg,E:\Main project\Batch 15\dataset\normal\3421_left.jpg,normal
3422_left.jpg,E:\Main project\Batch 15\dataset\normal\3422_left.jpg,normal
3422_right.jpg,E:\Main project\Batch 15\dataset\normal\3422_right.jpg,normal
3423_left.jpg,E:\Main project\Batch 15\dataset\normal\3423_left.jpg,normal
3424_left.jpg,E:\Main project\Batch 15\dataset\normal\3424_left.jpg,normal
3424_right.jpg,E:\Main project\Batch 15\dataset\normal\3424_right.jpg,normal
3425_left.jpg,E:\Main project\Batch 15\dataset\normal\3425_left.jpg,normal
3425_right.jpg,E:\Main project\Batch 15\dataset\normal\3425_right.jpg,normal
3426_right.jpg,E:\Main project\Batch 15\dataset\normal\3426_right.jpg,normal
3427_left.jpg,E:\Main project\Batch 15\dataset\normal\3427_left.jpg,normal
3428_right.jpg,E:\Main project\Batch 15\dataset\normal\3428_right.jpg,normal
3430_left.jpg,E:\Main project\Batch 15\dataset\normal\3430_left.jpg,normal
3431_left.jpg,E:\Main project\Batch 15\dataset\normal\3431_left.jpg,normal
3431_right.jpg,E:\Main project\Batch 15\dataset\normal\3431_right.jpg,normal
3432_left.jpg,E:\Main project\Batch 15\dataset\normal\3432_left.jpg,normal
3432_right.jpg,E:\Main project\Batch 15\dataset\normal\3432_right.jpg,normal
3433_left.jpg,E:\Main project\Batch 15\dataset\normal\3433_left.jpg,normal
3433_right.jpg,E:\Main project\Batch 15\dataset\normal\3433_right.jpg,normal
3434_left.jpg,E:\Main project\Batch 15\dataset\normal\3434_left.jpg,normal
3434_right.jpg,E:\Main project\Batch 15\dataset\normal\3434_right.jpg,normal
3436_right.jpg,E:\Main project\Batch 15\dataset\normal\3436_right.jpg,normal
3437_left.jpg,E:\Main project\Batch 15\dataset\normal\3437_left.jpg,normal
3438_right.jpg,E:\Main project\Batch 15\dataset\normal\3438_right.jpg,normal
3441_left.jpg,E:\Main project\Batch 15\dataset\normal\3441_left.jpg,normal
3442_left.jpg,E:\Main project\Batch 15\dataset\normal\3442_left.jpg,normal
3442_right.jpg,E:\Main project\Batch 15\dataset\normal\3442_right.jpg,normal
3443_left.jpg,E:\Main project\Batch 15\dataset\normal\3443_left.jpg,normal
3444_right.jpg,E:\Main project\Batch 15\dataset\normal\3444_right.jpg,normal
3445_left.jpg,E:\Main project\Batch 15\dataset\normal\3445_left.jpg,normal
3446_left.jpg,E:\Main project\Batch 15\dataset\normal\3446_left.jpg,normal
3446_right.jpg,E:\Main project\Batch 15\dataset\normal\3446_right.jpg,normal
3448_right.jpg,E:\Main project\Batch 15\dataset\normal\3448_right.jpg,normal
3485_left.jpg,E:\Main project\Batch 15\dataset\normal\3485_left.jpg,normal
4290_right.jpg,E:\Main project\Batch 15\dataset\normal\4290_right.jpg,normal
4637_left.jpg,E:\Main project\Batch 15\dataset\normal\4637_left.jpg,normal
4637_right.jpg,E:\Main project\Batch 15\dataset\normal\4637_right.jpg,normal
530_left.jpg,E:\Main project\Batch 15\dataset\normal\530_left.jpg,normal
530_right.jpg,E:\Main project\Batch 15\dataset\normal\530_right.jpg,normal
695_left.jpg,E:\Main project\Batch 15\dataset\normal\695_left.jpg,normal
695_right.jpg,E:\Main project\Batch 15\dataset\normal\695_right.jpg,normal
84_left.jpg,E:\Main project\Batch 15\dataset\normal\84_left.jpg,normal
84_right.jpg,E:\Main project\Batch 15\dataset\normal\84_right.jpg,normal
8_left.jpg,E:\Main project\Batch 15\dataset\normal\8_left.jpg,normal
8_right.jpg,E:\Main project\Batch 15\dataset\normal\8_right.jpg,normal
939_left.jpg,E:\Main project\Batch 15\dataset\normal\939_left.jpg,normal
939_right.jpg,E:\Main project\Batch 15\dataset\normal\939_right.jpg,normal
951_left.jpg,E:\Main project\Batch 15\dataset\normal\951_left.jpg,normal
951_right.jpg,E:\Main project\Batch 15\dataset\normal\951_right.jpg,normal
Healthy1.jpg,E:\Main project\Batch 15\dataset\normal\Healthy1.jpg,normal
Healthy100.jpg,E:\Main project\Batch 15\dataset\normal\Healthy100.jpg,normal
Healthy1000.jpg,E:\Main project\Batch 15\dataset\normal\Healthy1000.jpg,normal
Healthy1001.jpg,E:\Main project\Batch 15\dataset\normal\Healthy1001.jpg,normal
Healthy1002.jpg,E:\Main project\Batch 15\dataset\normal\Healthy1002.jpg,normal
Healthy1004.jpg,E:\Main project\Batch 15\dataset\normal\Healthy1004.jpg,normal
Healthy1006.jpg,E:\Main project\Batch 15\dataset\normal\Healthy1006.jpg,normal
Healthy101.jpg,E:\Main project\Batch 15\dataset\normal\Healthy101.jpg,normal
Healthy1010.jpg,E:\Main project\Batch 15\dataset\normal\Healthy1010.jpg,normal
Healthy1011.jpg,E:\Main project\Batch 15\dataset\normal\Healthy1011.jpg,normal
Healthy1012.jpg,E:\Main project\Batch 15\dataset\normal\Healthy1012.jpg,normal
Healthy1013.jpg,E:\Main project\Batch 15\dataset\normal\Healthy1013.jpg,normal
Healthy1014.jpg,E:\Main project\Batch 15\dataset\normal\Healthy1014.jpg,normal
Healthy1015.jpg,E:\Main project\Batch 15\dataset\normal\Healthy1015.jpg,normal
Healthy1016.jpg,E:\Main project\Batch 15\dataset\normal\Healthy1016.jpg,normal
Healthy1017.jpg,E:\Main project\Batch 15\dataset\normal\Healthy1017.jpg,normal
Healthy1018.jpg,E:\Main project\Batch 15\dataset\normal\Healthy1018.jpg,normal
Healthy1019.jpg,E:\Main project\Batch 15\dataset\normal\Healthy1019.jpg,normal
Healthy102.jpg,E:\Main project\Batch 15\dataset\normal\Healthy102.jpg,normal
Healthy1020.jpg,E:\Main project\Batch 15\dataset\normal\Healthy1020.jpg,normal
Healthy1023.jpg,E:\Main project\Batch 15\dataset\normal\Healthy1023.jpg,normal
Healthy1024.jpg,E:\Main project\Batch 15\dataset\normal\Healthy1024.jpg,normal
Healthy103.jpg,E:\Main project\Batch 15\dataset\normal\Healthy103.jpg,normal
Healthy104.jpg,E:\Main project\Batch 15\dataset\normal\Healthy104.jpg,normal
Healthy105.jpg,E:\Main project\Batch 15\dataset\normal\Healthy105.jpg,normal
Healthy106.jpg,E:\Main project\Batch 15\dataset\normal\Healthy106.jpg,normal
Healthy107.jpg,E:\Main project\Batch 15\dataset\normal\Healthy107.jpg,normal
Healthy108.jpg,E:\Main project\Batch 15\dataset\normal\Healthy108.jpg,normal
Healthy109.jpg,E:\Main project\Batch 15\dataset\normal\Healthy109.jpg,normal
Healthy110.jpg,E:\Main project\Batch 15\dataset\normal\Healthy110.jpg,normal
Healthy111.jpg,E:\Main project\Batch 15\dataset\normal\Healthy111.jpg,normal
Healthy113.jpg,E:\Main project\Batch 15\dataset\normal\Healthy113.jpg,normal
Healthy114.jpg,E:\Main project\Batch 15\dataset\normal\Healthy114.jpg,normal
Healthy116.jpg,E:\Main project\Batch 15\dataset\normal\Healthy116.jpg,normal
Healthy117.jpg,E:\Main project\Batch 15\dataset\normal\Healthy117.jpg,normal
Healthy119.jpg,E:\Main project\Batch 15\dataset\normal\Healthy119.jpg,normal
Healthy120.jpg,E:\Main project\Batch 15\dataset\normal\Healthy120.jpg,normal
Healthy121.jpg,E:\Main project\Batch 15\dataset\normal\Healthy121.jpg,normal
Healthy122.jpg,E:\Main project\Batch 15\dataset\normal\Healthy122.jpg,normal
Healthy124.jpg,E:\Main project\Batch 15\dataset\normal\Healthy124.jpg,normal
Healthy128.jpg,E:\Main project\Batch 15\dataset\normal\Healthy128.jpg,normal
Healthy129.jpg,E:\Main project\Batch 15\dataset\normal\Healthy129.jpg,normal
Healthy13.jpg,E:\Main project\Batch 15\dataset\normal\Healthy13.jpg,normal
Healthy130.jpg,E:\Main project\Batch 15\dataset\normal\Healthy130.jpg,normal
Healthy131.jpg,E:\Main project\Batch 15\dataset\normal\Healthy131.jpg,normal
Healthy132.jpg,E:\Main project\Batch 15\dataset\normal\Healthy132.jpg,normal
Healthy133.jpg,E:\Main project\Batch 15\dataset\normal\Healthy133.jpg,normal
Healthy134.jpg,E:\Main project\Batch 15\dataset\normal\Healthy134.jpg,normal
Healthy136.jpg,E:\Main project\Batch 15\dataset\normal\Healthy136.jpg,normal
Healthy137.jpg,E:\Main project\Batch 15\dataset\normal\Healthy137.jpg,normal
Healthy138.jpg,E:\Main project\Batch 15\dataset\normal\Healthy138.jpg,normal
Healthy139.jpg,E:\Main project\Batch 15\dataset\normal\Healthy139.jpg,normal
Healthy14.jpg,E:\Main project\Batch 15\dataset\normal\Healthy14.jpg,normal
Healthy140.jpg,E:\Main project\Batch 15\dataset\normal\Healthy140.jpg,normal
Healthy141.jpg,E:\Main project\Batch 15\dataset\normal\Healthy141.jpg,normal
Healthy142.jpg,E:\Main project\Batch 15\dataset\normal\Healthy142.jpg,normal
Healthy143.jpg,E:\Main project\Batch 15\dataset\normal\Healthy143.jpg,normal
Healthy144.jpg,E:\Main project\Batch 15\dataset\normal\Healthy144.jpg,normal
Healthy145.jpg,E:\Main project\Batch 15\dataset\normal\Healthy145.jpg,normal
Healthy146.jpg,E:\Main project\Batch 15\dataset\normal\Healthy146.jpg,normal
Healthy147.jpg,E:\Main project\Batch 15\dataset\normal\Healthy147.jpg,normal
Healthy148.jpg,E:\Main project\Batch 15\dataset\normal\Healthy148.jpg,normal
Healthy149.jpg,E:\Main project\Batch 15\dataset\normal\Healthy149.jpg,normal
Healthy15.jpg,E:\Main project\Batch 15\dataset\normal\Healthy15.jpg,normal
Healthy150.jpg,E:\Main project\Batch 15\dataset\normal\Healthy150.jpg,normal
Healthy151.jpg,E:\Main project\Batch 15\dataset\normal\Healthy151.jpg,normal
Healthy152.jpg,E:\Main project\Batch 15\dataset\normal\Healthy152.jpg,normal
Healthy153.jpg,E:\Main project\Batch 15\dataset\normal\Healthy153.jpg,normal
Healthy154.jpg,E:\Main project\Batch 15\dataset\normal\Healthy154.jpg,normal
Healthy155.jpg,E:\Main project\Batch 15\dataset\normal\Healthy155.jpg,normal
Healthy156.jpg,E:\Main project\Batch 15\dataset\normal\Healthy156.jpg,normal
Healthy157.jpg,E:\Main project\Batch 15\dataset\normal\Healthy157.jpg,normal
Healthy158.jpg,E:\Main project\Batch 15\dataset\normal\Healthy158.jpg,normal
Healthy159.jpg,E:\Main project\Batch 15\dataset\normal\Healthy159.jpg,normal
Healthy16.jpg,E:\Main project\Batch 15\dataset\normal\Healthy16.jpg,normal
Healthy160.jpg,E:\Main project\Batch 15\dataset\normal\Healthy160.jpg,normal
Healthy161.jpg,E:\Main project\Batch 15\dataset\normal\Healthy161.jpg,normal
Healthy162.jpg,E:\Main project\Batch 15\dataset\normal\Healthy162.jpg,normal
Healthy163.jpg,E:\Main project\Batch 15\dataset\normal\Healthy163.jpg,normal
Healthy164.jpg,E:\Main project\Batch 15\dataset\normal\Healthy164.jpg,normal
Healthy165.jpg,E:\Main project\Batch 15\dataset\normal\Healthy165.jpg,normal
Healthy166.jpg,E:\Main project\Batch 15\dataset\normal\Healthy166.jpg,normal
Healthy167.jpg,E:\Main project\Batch 15\dataset\normal\Healthy167.jpg,normal
Healthy168.jpg,E:\Main project\Batch 15\dataset\normal\Healthy168.jpg,normal
Healthy169.jpg,E:\Main project\Batch 15\dataset\normal\Healthy169.jpg,normal
Healthy170.jpg,E:\Main project\Batch 15\dataset\normal\Healthy170.jpg,normal
Healthy171.jpg,E:\Main project\Batch 15\dataset\normal\Healthy171.jpg,normal
Healthy172.jpg,E:\Main project\Batch 15\dataset\normal\Healthy172.jpg,normal
Healthy173.jpg,E:\Main project\Batch 15\dataset\normal\Healthy173.jpg,normal
Healthy174.jpg,E:\Main project\Batch 15\dataset\normal\Healthy174.jpg,normal
Healthy175.jpg,E:\Main project\Batch 15\dataset\normal\Healthy175.jpg,normal
Healthy177.jpg,E:\Main project\Batch 15\dataset\normal\Healthy177.jpg,normal
Healthy178.jpg,E:\Main project\Batch 15\dataset\normal\Healthy178.jpg,normal
Healthy179.jpg,E:\Main project\Batch 15\dataset\normal\Healthy179.jpg,normal
Healthy180.jpg,E:\Main project\Batch 15\dataset\normal\Healthy180.jpg,normal
Healthy181.jpg,E:\Main project\Batch 15\dataset\normal\Healthy181.jpg,normal
Healthy182.jpg,E:\Main project\Batch 15\dataset\normal\Healthy182.jpg,normal
Healthy183.jpg,E:\Main project\Batch 15\dataset\normal\Healthy183.jpg,normal
Healthy184.jpg,E:\Main project\Batch 15\dataset\normal\Healthy184.jpg,normal
Healthy185.jpg,E:\Main project\Batch 15\dataset\normal\Healthy185.jpg,normal
Healthy186.jpg,E:\Main project\Batch 15\dataset\normal\Healthy186.jpg,normal
Healthy187.jpg,E:\Main project\Batch 15\dataset\normal\Healthy187.jpg,normal
Healthy188.jpg,E:\Main project\Batch 15\dataset\normal\Healthy188.jpg,normal
Healthy189.jpg,E:\Main project\Batch 15\dataset\normal\Healthy189.jpg,normal
Healthy193.jpg,E:\Main project\Batch 15\dataset\normal\Healthy193.jpg,normal
Healthy194.jpg,E:\Main project\Batch 15\dataset\normal\Healthy194.jpg,normal
Healthy195.jpg,E:\Main project\Batch 15\dataset\normal\Healthy195.jpg,normal
Healthy196.jpg,E:\Main project\Batch 15\dataset\normal\Healthy196.jpg,normal
Healthy2.jpg,E:\Main project\Batch 15\dataset\normal\Healthy2.jpg,normal
Healthy20.jpg,E:\Main project\Batch 15\dataset\normal\Healthy20.jpg,normal
Healthy200.jpg,E:\Main project\Batch 15\dataset\normal\Healthy200.jpg,normal
Healthy201.jpg,E:\Main project\Batch 15\dataset\normal\Healthy201.jpg,normal
Healthy202.jpg,E:\Main project\Batch 15\dataset\normal\Healthy202.jpg,normal
Healthy204.jpg,E:\Main project\Batch 15\dataset\normal\Healthy204.jpg,normal
Healthy205.jpg,E:\Main project\Batch 15\dataset\normal\Healthy205.jpg,normal
Healthy208.jpg,E:\Main project\Batch 15\dataset\normal\Healthy208.jpg,normal
Healthy209.jpg,E:\Main project\Batch 15\dataset\normal\Healthy209.jpg,normal
Healthy21.jpg,E:\Main project\Batch 15\dataset\normal\Healthy21.jpg,normal
Healthy210.jpg,E:\Main project\Batch 15\dataset\normal\Healthy210.jpg,normal
Healthy211.jpg,E:\Main project\Batch 15\dataset\normal\Healthy211.jpg,normal
Healthy216.jpg,E:\Main project\Batch 15\dataset\normal\Healthy216.jpg,normal
Healthy217.jpg,E:\Main project\Batch 15\dataset\normal\Healthy217.jpg,normal
Healthy218.jpg,E:\Main project\Batch 15\dataset\normal\Healthy218.jpg,normal
Healthy219.jpg,E:\Main project\Batch 15\dataset\normal\Healthy219.jpg,normal
Healthy22.jpg,E:\Main project\Batch 15\dataset\normal\Healthy22.jpg,normal
Healthy220.jpg,E:\Main project\Batch 15\dataset\normal\Healthy220.jpg,normal
Healthy221.jpg,E:\Main project\Batch 15\dataset\normal\Healthy221.jpg,normal
Healthy222.jpg,E:\Main project\Batch 15\dataset\normal\Healthy222.jpg,normal
Healthy223.jpg,E:\Main project\Batch 15\dataset\normal\Healthy223.jpg,normal
Healthy224.jpg,E:\Main project\Batch 15\dataset\normal\Healthy224.jpg,normal
Healthy225.jpg,E:\Main project\Batch 15\dataset\normal\Healthy225.jpg,normal
Healthy23.jpg,E:\Main project\Batch 15\dataset\normal\Healthy23.jpg,normal
Healthy232.jpg,E:\Main project\Batch 15\dataset\normal\Healthy232.jpg,normal
Healthy233.jpg,E:\Main project\Batch 15\dataset\normal\Healthy233.jpg,normal
Healthy234.jpg,E:\Main project\Batch 15\dataset\normal\Healthy234.jpg,normal
Healthy235.jpg,E:\Main project\Batch 15\dataset\normal\Healthy235.jpg,normal
Healthy236.jpg,E:\Main project\Batch 15\dataset\normal\Healthy236.jpg,normal
Healthy237.jpg,E:\Main project\Batch 15\dataset\normal\Healthy237.jpg,normal
Healthy238.jpg,E:\Main project\Batch 15\dataset\normal\Healthy238.jpg,normal
Healthy24.jpg,E:\Main project\Batch 15\dataset\normal\Healthy24.jpg,normal
Healthy240.jpg,E:\Main project\Batch 15\dataset\normal\Healthy240.jpg,normal
Healthy241.jpg,E:\Main project\Batch 15\dataset\normal\Healthy241.jpg,normal
Healthy242.jpg,E:\Main project\Batch 15\dataset\normal\Healthy242.jpg,normal
Healthy243.jpg,E:\Main project\Batch 15\dataset\normal\Healthy243.jpg,normal
Healthy244.jpg,E:\Main project\Batch 15\dataset\normal\Healthy244.jpg,normal
Healthy249.jpg,E:\Main project\Batch 15\dataset\normal\Healthy249.jpg,normal
Healthy25.jpg,E:\Main project\Batch 15\dataset\normal\Healthy25.jpg,normal
Healthy252.jpg,E:\Main project\Batch 15\dataset\normal\Healthy252.jpg,normal
Healthy253.jpg,E:\Main project\Batch 15\dataset\normal\Healthy253.jpg,normal
Healthy257.jpg,E:\Main project\Batch 15\dataset\normal\Healthy257.jpg,normal
Healthy259.jpg,E:\Main project\Batch 15\dataset\normal\Healthy259.jpg,normal
Healthy26.jpg,E:\Main project\Batch 15\dataset\normal\Healthy26.jpg,normal
Healthy261.jpg,E:\Main project\Batch 15\dataset\normal\Healthy261.jpg,normal
Healthy262.jpg,E:\Main project\Batch 15\dataset\normal\Healthy262.jpg,normal
Healthy263.jpg,E:\Main project\Batch 15\dataset\normal\Healthy263.jpg,normal
Healthy264.jpg,E:\Main project\Batch 15\dataset\normal\Healthy264.jpg,normal
Healthy265.jpg,E:\Main project\Batch 15\dataset\normal\Healthy265.jpg,normal
Healthy266.jpg,E:\Main project\Batch 15\dataset\normal\Healthy266.jpg,normal
Healthy267.jpg,E:\Main project\Batch 15\dataset\normal\Healthy267.jpg,normal
Healthy268.jpg,E:\Main project\Batch 15\dataset\normal\Healthy268.jpg,normal
Healthy269.jpg,E:\Main project\Batch 15\dataset\normal\Healthy269.jpg,normal
Healthy27.jpg,E:\Main project\Batch 15\dataset\normal\Healthy27.jpg,normal
Healthy270.jpg,E:\Main project\Batch 15\dataset\normal\Healthy270.jpg,normal
Healthy271.jpg,E:\Main project\Batch 15\dataset\normal\Healthy271.jpg,normal
Healthy273.jpg,E:\Main project\Batch 15\dataset\normal\Healthy273.jpg,normal
Healthy275.jpg,E:\Main project\Batch 15\dataset\normal\Healthy275.jpg,normal
Healthy276.jpg,E:\Main project\Batch 15\dataset\normal\Healthy276.jpg,normal
Healthy278.jpg,E:\Main project\Batch 15\dataset\normal\Healthy278.jpg,normal
Healthy279.jpg,E:\Main project\Batch 15\dataset\normal\Healthy279.jpg,normal
Healthy28.jpg,E:\Main project\Batch 15\dataset\normal\Healthy28.jpg,normal
Healthy284.jpg,E:\Main project\Batch 15\dataset\normal\Healthy284.jpg,normal
Healthy285.jpg,E:\Main project\Batch 15\dataset\normal\Healthy285.jpg,normal
Healthy286.jpg,E:\Main project\Batch 15\dataset\normal\Healthy286.jpg,normal
Healthy287.jpg,E:\Main project\Batch 15\dataset\normal\Healthy287.jpg,normal
Healthy288.jpg,E:\Main project\Batch 15\dataset\normal\Healthy288.jpg,normal
Healthy29.jpg,E:\Main project\Batch 15\dataset\normal\Healthy29.jpg,normal
Healthy293.jpg,E:\Main project\Batch 15\dataset\normal\Healthy293.jpg,normal
Healthy294.jpg,E:\Main project\Batch 15\dataset\normal\Healthy294.jpg,normal
Healthy297.jpg,E:\Main project\Batch 15\dataset\normal\Healthy297.jpg,normal
Healthy298.jpg,E:\Main project\Batch 15\dataset\normal\Healthy298.jpg,normal
Healthy299.jpg,E:\Main project\Batch 15\dataset\normal\Healthy299.jpg,normal
Healthy3.jpg,E:\Main project\Batch 15\dataset\normal\Healthy3.jpg,normal
Healthy30.jpg,E:\Main project\Batch 15\dataset\normal\Healthy30.jpg,normal
Healthy300.jpg,E:\Main project\Batch 15\dataset\normal\Healthy300.jpg,normal
Healthy301.jpg,E:\Main project\Batch 15\dataset\normal\Healthy301.jpg,normal
Healthy302.jpg,E:\Main project\Batch 15\dataset\normal\Healthy302.jpg,normal
Healthy303.jpg,E:\Main project\Batch 15\dataset\normal\Healthy303.jpg,normal
Healthy304.jpg,E:\Main project\Batch 15\dataset\normal\Healthy304.jpg,normal
Healthy305.jpg,E:\Main project\Batch 15\dataset\normal\Healthy305.jpg,normal
Healthy306.jpg,E:\Main project\Batch 15\dataset\normal\Healthy306.jpg,normal
Healthy307.jpg,E:\Main project\Batch 15\dataset\normal\Healthy307.jpg,normal
Healthy308.jpg,E:\Main project\Batch 15\dataset\normal\Healthy308.jpg,normal
Healthy31.jpg,E:\Main project\Batch 15\dataset\normal\Healthy31.jpg,normal
Healthy312.jpg,E:\Main project\Batch 15\dataset\normal\Healthy312.jpg,normal
Healthy313.jpg,E:\Main project\Batch 15\dataset\normal\Healthy313.jpg,normal
Healthy314.jpg,E:\Main project\Batch 15\dataset\normal\Healthy314.jpg,normal
Healthy315.jpg,E:\Main project\Batch 15\dataset\normal\Healthy315.jpg,normal
Healthy316.jpg,E:\Main project\Batch 15\dataset\normal\Healthy316.jpg,normal
Healthy317.jpg,E:\Main project\Batch 15\dataset\normal\Healthy317.jpg,normal
Healthy318.jpg,E:\Main project\Batch 15\dataset\normal\Healthy318.jpg,normal
Healthy319.jpg,E:\Main project\Batch 15\dataset\normal\Healthy319.jpg,normal
Healthy32.jpg,E:\Main project\Batch 15\dataset\normal\Healthy32.jpg,normal
Healthy320.jpg,E:\Main project\Batch 15\dataset\normal\Healthy320.jpg,normal
Healthy322.jpg,E:\Main project\Batch 15\dataset\normal\Healthy322.jpg,normal
Healthy323.jpg,E:\Main project\Batch 15\dataset\normal\Healthy323.jpg,normal
Healthy324.jpg,E:\Main project\Batch 15\dataset\normal\Healthy324.jpg,normal
Healthy325.jpg,E:\Main project\Batch 15\dataset\normal\Healthy325.jpg,normal
Healthy326.jpg,E:\Main project\Batch 15\dataset\normal\Healthy326.jpg,normal
Healthy327.jpg,E:\Main project\Batch 15\dataset\normal\Healthy327.jpg,normal
Healthy328.jpg,E:\Main project\Batch 15\dataset\normal\Healthy328.jpg,normal
Healthy329.jpg,E:\Main project\Batch 15\dataset\normal\Healthy329.jpg,normal
Healthy330.jpg,E:\Main project\Batch 15\dataset\normal\Healthy330.jpg,normal
Healthy331.jpg,E:\Main project\Batch 15\dataset\normal\Healthy331.jpg,normal
Healthy332.jpg,E:\Main project\Batch 15\dataset\normal\Healthy332.jpg,normal
Healthy333.jpg,E:\Main project\Batch 15\dataset\normal\Healthy333.jpg,normal
Healthy334.jpg,E:\Main project\Batch 15\dataset\normal\Healthy334.jpg,normal
Healthy335.jpg,E:\Main project\Batch 15\dataset\normal\Healthy335.jpg,normal
Healthy336.jpg,E:\Main project\Batch 15\dataset\normal\Healthy336.jpg,normal
Healthy337.jpg,E:\Main project\Batch 15\dataset\normal\Healthy337.jpg,normal
Healthy338.jpg,E:\Main project\Batch 15\dataset\normal\Healthy338.jpg,normal
Healthy34.jpg,E:\Main project\Batch 15\dataset\normal\Healthy34.jpg,normal
Healthy340.jpg,E:\Main project\Batch 15\dataset\normal\Healthy340.jpg,normal
Healthy341.jpg,E:\Main project\Batch 15\dataset\normal\Healthy341.jpg,normal
Healthy342.jpg,E:\Main project\Batch 15\dataset\normal\Healthy342.jpg,normal
Healthy347.jpg,E:\Main project\Batch 15\dataset\normal\Healthy347.jpg,normal
Healthy348.jpg,E:\Main project\Batch 15\dataset\normal\Healthy348.jpg,normal
Healthy35.jpg,E:\Main project\Batch 15\dataset\normal\Healthy35.jpg,normal
Healthy350.jpg,E:\Main project\Batch 15\dataset\normal\Healthy350.jpg,normal
Healthy352.jpg,E:\Main project\Batch 15\dataset\normal\Healthy352.jpg,normal
Healthy353.jpg,E:\Main project\Batch 15\dataset\normal\Healthy353.jpg,normal
Healthy354.jpg,E:\Main project\Batch 15\dataset\normal\Healthy354.jpg,normal
Healthy355.jpg,E:\Main project\Batch 15\dataset\normal\Healthy355.jpg,normal
Healthy356.jpg,E:\Main project\Batch 15\dataset\normal\Healthy356.jpg,normal
Healthy36.jpg,E:\Main project\Batch 15\dataset\normal\Healthy36.jpg,normal
Healthy360.jpg,E:\Main project\Batch 15\dataset\normal\Healthy360.jpg,normal
Healthy361.jpg,E:\Main project\Batch 15\dataset\normal\Healthy361.jpg,normal
Healthy362.jpg,E:\Main project\Batch 15\dataset\normal\Healthy362.jpg,normal
Healthy363.jpg,E:\Main project\Batch 15\dataset\normal\Healthy363.jpg,normal
Healthy364.jpg,E:\Main project\Batch 15\dataset\normal\Healthy364.jpg,normal
Healthy365.jpg,E:\Main project\Batch 15\dataset\normal\Healthy365.jpg,normal
Healthy366.jpg,E:\Main project\Batch 15\dataset\normal\Healthy366.jpg,normal
Healthy367.jpg,E:\Main project\Batch 15\dataset\normal\Healthy367.jpg,normal
Healthy368.jpg,E:\Main project\Batch 15\dataset\normal\Healthy368.jpg,normal
Healthy37.jpg,E:\Main project\Batch 15\dataset\normal\Healthy37.jpg,normal
Healthy371.jpg,E:\Main project\Batch 15\dataset\normal\Healthy371.jpg,normal
Healthy372.jpg,E:\Main project\Batch 15\dataset\normal\Healthy372.jpg,normal
Healthy373.jpg,E:\Main project\Batch 15\dataset\normal\Healthy373.jpg,normal
Healthy374.jpg,E:\Main project\Batch 15\dataset\normal\Healthy374.jpg,normal
Healthy375.jpg,E:\Main project\Batch 15\dataset\normal\Healthy375.jpg,normal
Healthy376.jpg,E:\Main project\Batch 15\dataset\normal\Healthy376.jpg,normal
Healthy377.jpg,E:\Main project\Batch 15\dataset\normal\Healthy377.jpg,normal
Healthy378.jpg,E:\Main project\Batch 15\dataset\normal\Healthy378.jpg,normal
Healthy38.jpg,E:\Main project\Batch 15\dataset\normal\Healthy38.jpg,normal
Healthy382.jpg,E:\Main project\Batch 15\dataset\normal\Healthy382.jpg,normal
Healthy383.jpg,E:\Main project\Batch 15\dataset\normal\Healthy383.jpg,normal
Healthy384.jpg,E:\Main project\Batch 15\dataset\normal\Healthy384.jpg,normal
Healthy386.jpg,E:\Main project\Batch 15\dataset\normal\Healthy386.jpg,normal
Healthy387.jpg,E:\Main project\Batch 15\dataset\normal\Healthy387.jpg,normal
Healthy388.jpg,E:\Main project\Batch 15\dataset\normal\Healthy388.jpg,normal
Healthy389.jpg,E:\Main project\Batch 15\dataset\normal\Healthy389.jpg,normal
Healthy39.jpg,E:\Main project\Batch 15\dataset\normal\Healthy39.jpg,normal
Healthy390.jpg,E:\Main project\Batch 15\dataset\normal\Healthy390.jpg,normal
Healthy391.jpg,E:\Main project\Batch 15\dataset\normal\Healthy391.jpg,normal
Healthy392.jpg,E:\Main project\Batch 15\dataset\normal\Healthy392.jpg,normal
Healthy393.jpg,E:\Main project\Batch 15\dataset\normal\Healthy393.jpg,normal
Healthy394.jpg,E:\Main project\Batch 15\dataset\normal\Healthy394.jpg,normal
Healthy398.jpg,E:\Main project\Batch 15\dataset\normal\Healthy398.jpg,normal
Healthy4.jpg,E:\Main project\Batch 15\dataset\normal\Healthy4.jpg,normal
Healthy40.jpg,E:\Main project\Batch 15\dataset\normal\Healthy40.jpg,normal
Healthy400.jpg,E:\Main project\Batch 15\dataset\normal\Healthy400.jpg,normal
Healthy401.jpg,E:\Main project\Batch 15\dataset\normal\Healthy401.jpg,normal
Healthy403.jpg,E:\Main project\Batch 15\dataset\normal\Healthy403.jpg,normal
Healthy404.jpg,E:\Main project\Batch 15\dataset\normal\Healthy404.jpg,normal
Healthy405.jpg,E:\Main project\Batch 15\dataset\normal\Healthy405.jpg,normal
Healthy406.jpg,E:\Main project\Batch 15\dataset\normal\Healthy406.jpg,normal
Healthy408.jpg,E:\Main project\Batch 15\dataset\normal\Healthy408.jpg,normal
Healthy41.jpg,E:\Main project\Batch 15\dataset\normal\Healthy41.jpg,normal
Healthy410.jpg,E:\Main project\Batch 15\dataset\normal\Healthy410.jpg,normal
Healthy412.jpg,E:\Main project\Batch 15\dataset\normal\Healthy412.jpg,normal
Healthy413.jpg,E:\Main project\Batch 15\dataset\normal\Healthy413.jpg,normal
Healthy414.jpg,E:\Main project\Batch 15\dataset\normal\Healthy414.jpg,normal
Healthy415.jpg,E:\Main project\Batch 15\dataset\normal\Healthy415.jpg,normal
Healthy416.jpg,E:\Main project\Batch 15\dataset\normal\Healthy416.jpg,normal
Healthy417.jpg,E:\Main project\Batch 15\dataset\normal\Healthy417.jpg,normal
Healthy418.jpg,E:\Main project\Batch 15\dataset\normal\Healthy418.jpg,normal
Healthy419.jpg,E:\Main project\Batch 15\dataset\normal\Healthy419.jpg,normal
Healthy42.jpg,E:\Main project\Batch 15\dataset\normal\Healthy42.jpg,normal
Healthy420.jpg,E:\Main project\Batch 15\dataset\normal\Healthy420.jpg,normal
Healthy421.jpg,E:\Main project\Batch 15\dataset\normal\Healthy421.jpg,normal
Healthy422.jpg,E:\Main project\Batch 15\dataset\normal\Healthy422.jpg,normal
Healthy423.jpg,E:\Main project\Batch 15\dataset\normal\Healthy423.jpg,normal
Healthy424.jpg,E:\Main project\Batch 15\dataset\normal\Healthy424.jpg,normal
Healthy425.jpg,E:\Main project\Batch 15\dataset\normal\Healthy425.jpg,normal
Healthy426.jpg,E:\Main project\Batch 15\dataset\normal\Healthy426.jpg,normal
Healthy427.jpg,E:\Main project\Batch 15\dataset\normal\Healthy427.jpg,normal
Healthy428.jpg,E:\Main project\Batch 15\dataset\normal\Healthy428.jpg,normal
Healthy429.jpg,E:\Main project\Batch 15\dataset\normal\Healthy429.jpg,normal
Healthy43.jpg,E:\Main project\Batch 15\dataset\normal\Healthy43.jpg,normal
Healthy430.jpg,E:\Main project\Batch 15\dataset\normal\Healthy430.jpg,normal
Healthy431.jpg,E:\Main project\Batch 15\dataset\normal\Healthy431.jpg,normal
Healthy432.jpg,E:\Main project\Batch 15\dataset\normal\Healthy432.jpg,normal
Healthy433.jpg,E:\Main project\Batch 15\dataset\normal\Healthy433.jpg,normal
Healthy434.jpg,E:\Main project\Batch 15\dataset\normal\Healthy434.jpg,normal
Healthy435.jpg,E:\Main project\Batch 15\dataset\normal\Healthy435.jpg,normal
Healthy436.jpg,E:\Main project\Batch 15\dataset\normal\Healthy436.jpg,normal
Healthy437.jpg,E:\Main project\Batch 15\dataset\normal\Healthy437.jpg,normal
Healthy438.jpg,E:\Main project\Batch 15\dataset\normal\Healthy438.jpg,normal
Healthy439.jpg,E:\Main project\Batch 15\dataset\normal\Healthy439.jpg,normal
Healthy440.jpg,E:\Main project\Batch 15\dataset\normal\Healthy440.jpg,normal
Healthy441.jpg,E:\Main project\Batch 15\dataset\normal\Healthy441.jpg,normal
Healthy442.jpg,E:\Main project\Batch 15\dataset\normal\Healthy442.jpg,normal
Healthy443.jpg,E:\Main project\Batch 15\dataset\normal\Healthy443.jpg,normal
Healthy445.jpg,E:\Main project\Batch 15\dataset\normal\Healthy445.jpg,normal
Healthy446.jpg,E:\Main project\Batch 15\dataset\normal\Healthy446.jpg,normal
Healthy45.jpg,E:\Main project\Batch 15\dataset\normal\Healthy45.jpg,normal
Healthy451.jpg,E:\Main project\Batch 15\dataset\normal\Healthy451.jpg,normal
Healthy452.jpg,E:\Main project\Batch 15\dataset\normal\Healthy452.jpg,normal
Healthy453.jpg,E:\Main project\Batch 15\dataset\normal\Healthy453.jpg,normal
Healthy454.jpg,E:\Main project\Batch 15\dataset\normal\Healthy454.jpg,normal
Healthy459.jpg,E:\Main project\Batch 15\dataset\normal\Healthy459.jpg,normal
Healthy46.jpg,E:\Main project\Batch 15\dataset\normal\Healthy46.jpg,normal
Healthy460.jpg,E:\Main project\Batch 15\dataset\normal\Healthy460.jpg,normal
Healthy461.jpg,E:\Main project\Batch 15\dataset\normal\Healthy461.jpg,normal
Healthy462.jpg,E:\Main project\Batch 15\dataset\normal\Healthy462.jpg,normal
Healthy463.jpg,E:\Main project\Batch 15\dataset\normal\Healthy463.jpg,normal
Healthy465.jpg,E:\Main project\Batch 15\dataset\normal\Healthy465.jpg,normal
Healthy466.jpg,E:\Main project\Batch 15\dataset\normal\Healthy466.jpg,normal
Healthy467.jpg,E:\Main project\Batch 15\dataset\normal\Healthy467.jpg,normal
Healthy468.jpg,E:\Main project\Batch 15\dataset\normal\Healthy468.jpg,normal
Healthy47.jpg,E:\Main project\Batch 15\dataset\normal\Healthy47.jpg,normal
Healthy470.jpg,E:\Main project\Batch 15\dataset\normal\Healthy470.jpg,normal
Healthy471.jpg,E:\Main project\Batch 15\dataset\normal\Healthy471.jpg,normal
Healthy473.jpg,E:\Main project\Batch 15\dataset\normal\Healthy473.jpg,normal
Healthy474.jpg,E:\Main project\Batch 15\dataset\normal\Healthy474.jpg,normal
Healthy476.jpg,E:\Main project\Batch 15\dataset\normal\Healthy476.jpg,normal
Healthy477.jpg,E:\Main project\Batch 15\dataset\normal\Healthy477.jpg,normal
Healthy478.jpg,E:\Main project\Batch 15\dataset\normal\Healthy478.jpg,normal
Healthy479.jpg,E:\Main project\Batch 15\dataset\normal\Healthy479.jpg,normal
Healthy480.jpg,E:\Main project\Batch 15\dataset\normal\Healthy480.jpg,normal
Healthy481.jpg,E:\Main project\Batch 15\dataset\normal\Healthy481.jpg,normal
Healthy482.jpg,E:\Main project\Batch 15\dataset\normal\Healthy482.jpg,normal
Healthy483.jpg,E:\Main project\Batch 15\dataset\normal\Healthy483.jpg,normal
Healthy484.jpg,E:\Main project\Batch 15\dataset\normal\Healthy484.jpg,normal
Healthy485.jpg,E:\Main project\Batch 15\dataset\normal\Healthy485.jpg,normal
Healthy486.jpg,E:\Main project\Batch 15\dataset\normal\Healthy486.jpg,normal
Healthy487.jpg,E:\Main project\Batch 15\dataset\normal\Healthy487.jpg,normal
Healthy488.jpg,E:\Main project\Batch 15\dataset\normal\Healthy488.jpg,normal
Healthy489.jpg,E:\Main project\Batch 15\dataset\normal\Healthy489.jpg,normal
Healthy490.jpg,E:\Main project\Batch 15\dataset\normal\Healthy490.jpg,normal
Healthy491.jpg,E:\Main project\Batch 15\dataset\normal\Healthy491.jpg,normal
Healthy492.jpg,E:\Main project\Batch 15\dataset\normal\Healthy492.jpg,normal
Healthy493.jpg,E:\Main project\Batch 15\dataset\normal\Healthy493.jpg,normal
Healthy495.jpg,E:\Main project\Batch 15\dataset\normal\Healthy495.jpg,normal
Healthy496.jpg,E:\Main project\Batch 15\dataset\normal\Healthy496.jpg,normal
Healthy497.jpg,E:\Main project\Batch 15\dataset\normal\Healthy497.jpg,normal
Healthy498.jpg,E:\Main project\Batch 15\dataset\normal\Healthy498.jpg,normal
Healthy499.jpg,E:\Main project\Batch 15\dataset\normal\Healthy499.jpg,normal
Healthy5.jpg,E:\Main project\Batch 15\dataset\normal\Healthy5.jpg,normal
Healthy50.jpg,E:\Main project\Batch 15\dataset\normal\Healthy50.jpg,normal
Healthy500.jpg,E:\Main project\Batch 15\dataset\normal\Healthy500.jpg,normal
Healthy501.jpg,E:\Main project\Batch 15\dataset\normal\Healthy501.jpg,normal
Healthy502.jpg,E:\Main project\Batch 15\dataset\normal\Healthy502.jpg,normal
Healthy503.jpg,E:\Main project\Batch 15\dataset\normal\Healthy503.jpg,normal
Healthy504.jpg,E:\Main project\Batch 15\dataset\normal\Healthy504.jpg,normal
Healthy505.jpg,E:\Main project\Batch 15\dataset\normal\Healthy505.jpg,normal
Healthy506.jpg,E:\Main project\Batch 15\dataset\normal\Healthy506.jpg,normal
Healthy507.jpg,E:\Main project\Batch 15\dataset\normal\Healthy507.jpg,normal
Healthy509.jpg,E:\Main project\Batch 15\dataset\normal\Healthy509.jpg,normal
Healthy51.jpg,E:\Main project\Batch 15\dataset\normal\Healthy51.jpg,normal
Healthy511.jpg,E:\Main project\Batch 15\dataset\normal\Healthy511.jpg,normal
Healthy512.jpg,E:\Main project\Batch 15\dataset\normal\Healthy512.jpg,normal
Healthy513.jpg,E:\Main project\Batch 15\dataset\normal\Healthy513.jpg,normal
Healthy514.jpg,E:\Main project\Batch 15\dataset\normal\Healthy514.jpg,normal
Healthy515.jpg,E:\Main project\Batch 15\dataset\normal\Healthy515.jpg,normal
Healthy516.jpg,E:\Main project\Batch 15\dataset\normal\Healthy516.jpg,normal
Healthy517.jpg,E:\Main project\Batch 15\dataset\normal\Healthy517.jpg,normal
Healthy518.jpg,E:\Main project\Batch 15\dataset\normal\Healthy518.jpg,normal
Healthy519.jpg,E:\Main project\Batch 15\dataset\normal\Healthy519.jpg,normal
Healthy52.jpg,E:\Main project\Batch 15\dataset\normal\Healthy52.jpg,normal
Healthy520.jpg,E:\Main project\Batch 15\dataset\normal\Healthy520.jpg,normal
Healthy521.jpg,E:\Main project\Batch 15\dataset\normal\Healthy521.jpg,normal
Healthy522.jpg,E:\Main project\Batch 15\dataset\normal\Healthy522.jpg,normal
Healthy524.jpg,E:\Main project\Batch 15\dataset\normal\Healthy524.jpg,normal
Healthy525.jpg,E:\Main project\Batch 15\dataset\normal\Healthy525.jpg,normal
Healthy526.jpg,E:\Main project\Batch 15\dataset\normal\Healthy526.jpg,normal
Healthy528.jpg,E:\Main project\Batch 15\dataset\normal\Healthy528.jpg,normal
Healthy53.jpg,E:\Main project\Batch 15\dataset\normal\Healthy53.jpg,normal
Healthy531.jpg,E:\Main project\Batch 15\dataset\normal\Healthy531.jpg,normal
Healthy532.jpg,E:\Main project\Batch 15\dataset\normal\Healthy532.jpg,normal
Healthy533.jpg,E:\Main project\Batch 15\dataset\normal\Healthy533.jpg,normal
Healthy534.jpg,E:\Main project\Batch 15\dataset\normal\Healthy534.jpg,normal
Healthy535.jpg,E:\Main project\Batch 15\dataset\normal\Healthy535.jpg,normal
Healthy536.jpg,E:\Main project\Batch 15\dataset\normal\Healthy536.jpg,normal
Healthy537.jpg,E:\Main project\Batch 15\dataset\normal\Healthy537.jpg,normal
Healthy538.jpg,E:\Main project\Batch 15\dataset\normal\Healthy538.jpg,normal
Healthy539.jpg,E:\Main project\Batch 15\dataset\normal\Healthy539.jpg,normal
Healthy540.jpg,E:\Main project\Batch 15\dataset\normal\Healthy540.jpg,normal
Healthy541.jpg,E:\Main project\Batch 15\dataset\normal\Healthy541.jpg,normal
Healthy543.jpg,E:\Main project\Batch 15\dataset\normal\Healthy543.jpg,normal
Healthy544.jpg,E:\Main project\Batch 15\dataset\normal\Healthy544.jpg,normal
Healthy545.jpg,E:\Main project\Batch 15\dataset\normal\Healthy545.jpg,normal
Healthy546.jpg,E:\Main project\Batch 15\dataset\normal\Healthy546.jpg,normal
Healthy547.jpg,E:\Main project\Batch 15\dataset\normal\Healthy547.jpg,normal
Healthy548.jpg,E:\Main project\Batch 15\dataset\normal\Healthy548.jpg,normal
Healthy549.jpg,E:\Main project\Batch 15\dataset\normal\Healthy549.jpg,normal
Healthy55.jpg,E:\Main project\Batch 15\dataset\normal\Healthy55.jpg,normal
Healthy550.jpg,E:\Main project\Batch 15\dataset\normal\Healthy550.jpg,normal
Healthy551.jpg,E:\Main project\Batch 15\dataset\normal\Healthy551.jpg,normal
Healthy552.jpg,E:\Main project\Batch 15\dataset\normal\Healthy552.jpg,normal
Healthy553.jpg,E:\Main project\Batch 15\dataset\normal\Healthy553.jpg,normal
Healthy554.jpg,E:\Main project\Batch 15\dataset\normal\Healthy554.jpg,normal
Healthy555.jpg,E:\Main project\Batch 15\dataset\normal\Healthy555.jpg,normal
Healthy556.jpg,E:\Main project\Batch 15\dataset\normal\Healthy556.jpg,normal
Healthy557.jpg,E:\Main project\Batch 15\dataset\normal\Healthy557.jpg,normal
Healthy558.jpg,E:\Main project\Batch 15\dataset\normal\Healthy558.jpg,normal
Healthy559.jpg,E:\Main project\Batch 15\dataset\normal\Healthy559.jpg,normal
Healthy56.jpg,E:\Main project\Batch 15\dataset\normal\Healthy56.jpg,normal
Healthy561.jpg,E:\Main project\Batch 15\dataset\normal\Healthy561.jpg,normal
Healthy562.jpg,E:\Main project\Batch 15\dataset\normal\Healthy562.jpg,normal
Healthy563.jpg,E:\Main project\Batch 15\dataset\normal\Healthy563.jpg,normal
Healthy564.jpg,E:\Main project\Batch 15\dataset\normal\Healthy564.jpg,normal
Healthy565.jpg,E:\Main project\Batch 15\dataset\normal\Healthy565.jpg,normal
Healthy566.jpg,E:\Main project\Batch 15\dataset\normal\Healthy566.jpg,normal
Healthy567.jpg,E:\Main project\Batch 15\dataset\normal\Healthy567.jpg,normal
Healthy568.jpg,E:\Main project\Batch 15\dataset\normal\Healthy568.jpg,normal
Healthy569.jpg,E:\Main project\Batch 15\dataset\normal\Healthy569.jpg,normal
Healthy57.jpg,E:\Main project\Batch 15\dataset\normal\Healthy57.jpg,normal
Healthy573.jpg,E:\Main project\Batch 15\dataset\normal\Healthy573.jpg,normal
Healthy574.jpg,E:\Main project\Batch 15\dataset\normal\Healthy574.jpg,normal
Healthy575.jpg,E:\Main project\Batch 15\dataset\normal\Healthy575.jpg,normal
Healthy576.jpg,E:\Main project\Batch 15\dataset\normal\Healthy576.jpg,normal
Healthy577.jpg,E:\Main project\Batch 15\dataset\normal\Healthy577.jpg,normal
Healthy581.jpg,E:\Main project\Batch 15\dataset\normal\Healthy581.jpg,normal
Healthy582.jpg,E:\Main project\Batch 15\dataset\normal\Healthy582.jpg,normal
Healthy583.jpg,E:\Main project\Batch 15\dataset\normal\Healthy583.jpg,normal
Healthy584.jpg,E:\Main project\Batch 15\dataset\normal\Healthy584.jpg,normal
Healthy585.jpg,E:\Main project\Batch 15\dataset\normal\Healthy585.jpg,normal
Healthy586.jpg,E:\Main project\Batch 15\dataset\normal\Healthy586.jpg,normal
Healthy587.jpg,E:\Main project\Batch 15\dataset\normal\Healthy587.jpg,normal
Healthy588.jpg,E:\Main project\Batch 15\dataset\normal\Healthy588.jpg,normal
Healthy589.jpg,E:\Main project\Batch 15\dataset\normal\Healthy589.jpg,normal
Healthy59.jpg,E:\Main project\Batch 15\dataset\normal\Healthy59.jpg,normal
Healthy590.jpg,E:\Main project\Batch 15\dataset\normal\Healthy590.jpg,normal
Healthy592.jpg,E:\Main project\Batch 15\dataset\normal\Healthy592.jpg,normal
Healthy593.jpg,E:\Main project\Batch 15\dataset\normal\Healthy593.jpg,normal
Healthy594.jpg,E:\Main project\Batch 15\dataset\normal\Healthy594.jpg,normal
Healthy596.jpg,E:\Main project\Batch 15\dataset\normal\Healthy596.jpg,normal
Healthy597.jpg,E:\Main project\Batch 15\dataset\normal\Healthy597.jpg,normal
Healthy598.jpg,E:\Main project\Batch 15\dataset\normal\Healthy598.jpg,normal
Healthy599.jpg,E:\Main project\Batch 15\dataset\normal\Healthy599.jpg,normal
Healthy600.jpg,E:\Main project\Batch 15\dataset\normal\Healthy600.jpg,normal
Healthy601.jpg,E:\Main project\Batch 15\dataset\normal\Healthy601.jpg,normal
Healthy602.jpg,E:\Main project\Batch 15\dataset\normal\Healthy602.jpg,normal
Healthy603.jpg,E:\Main project\Batch 15\dataset\normal\Healthy603.jpg,normal
Healthy604.jpg,E:\Main project\Batch 15\dataset\normal\Healthy604.jpg,normal
Healthy605.jpg,E:\Main project\Batch 15\dataset\normal\Healthy605.jpg,normal
Healthy606.jpg,E:\Main project\Batch 15\dataset\normal\Healthy606.jpg,normal
Healthy609.jpg,E:\Main project\Batch 15\dataset\normal\Healthy609.jpg,normal
Healthy61.jpg,E:\Main project\Batch 15\dataset\normal\Healthy61.jpg,normal
Healthy610.jpg,E:\Main project\Batch 15\dataset\normal\Healthy610.jpg,normal
Healthy611.jpg,E:\Main project\Batch 15\dataset\normal\Healthy611.jpg,normal
Healthy612.jpg,E:\Main project\Batch 15\dataset\normal\Healthy612.jpg,normal
Healthy615.jpg,E:\Main project\Batch 15\dataset\normal\Healthy615.jpg,normal
Healthy616.jpg,E:\Main project\Batch 15\dataset\normal\Healthy616.jpg,normal
Healthy617.jpg,E:\Main project\Batch 15\dataset\normal\Healthy617.jpg,normal
Healthy618.jpg,E:\Main project\Batch 15\dataset\normal\Healthy618.jpg,normal
Healthy619.jpg,E:\Main project\Batch 15\dataset\normal\Healthy619.jpg,normal
Healthy62.jpg,E:\Main project\Batch 15\dataset\normal\Healthy62.jpg,normal
Healthy622.jpg,E:\Main project\Batch 15\dataset\normal\Healthy622.jpg,normal
Healthy623.jpg,E:\Main project\Batch 15\dataset\normal\Healthy623.jpg,normal
Healthy624.jpg,E:\Main project\Batch 15\dataset\normal\Healthy624.jpg,normal
Healthy625.jpg,E:\Main project\Batch 15\dataset\normal\Healthy625.jpg,normal
Healthy626.jpg,E:\Main project\Batch 15\dataset\normal\Healthy626.jpg,normal
Healthy627.jpg,E:\Main project\Batch 15\dataset\normal\Healthy627.jpg,normal
Healthy628.jpg,E:\Main project\Batch 15\dataset\normal\Healthy628.jpg,normal
Healthy629.jpg,E:\Main project\Batch 15\dataset\normal\Healthy629.jpg,normal
Healthy63.jpg,E:\Main project\Batch 15\dataset\normal\Healthy63.jpg,normal
Healthy630.jpg,E:\Main project\Batch 15\dataset\normal\Healthy630.jpg,normal
Healthy631.jpg,E:\Main project\Batch 15\dataset\normal\Healthy631.jpg,normal
Healthy632.jpg,E:\Main project\Batch 15\dataset\normal\Healthy632.jpg,normal
Healthy633.jpg,E:\Main project\Batch 15\dataset\normal\Healthy633.jpg,normal
Healthy634.jpg,E:\Main project\Batch 15\dataset\normal\Healthy634.jpg,normal
Healthy635.jpg,E:\Main project\Batch 15\dataset\normal\Healthy635.jpg,normal
Healthy636.jpg,E:\Main project\Batch 15\dataset\normal\Healthy636.jpg,normal
Healthy637.jpg,E:\Main project\Batch 15\dataset\normal\Healthy637.jpg,normal
Healthy638.jpg,E:\Main project\Batch 15\dataset\normal\Healthy638.jpg,normal
Healthy64.jpg,E:\Main project\Batch 15\dataset\normal\Healthy64.jpg,normal
Healthy640.jpg,E:\Main project\Batch 15\dataset\normal\Healthy640.jpg,normal
Healthy641.jpg,E:\Main project\Batch 15\dataset\normal\Healthy641.jpg,normal
Healthy642.jpg,E:\Main project\Batch 15\dataset\normal\Healthy642.jpg,normal
Healthy643.jpg,E:\Main project\Batch 15\dataset\normal\Healthy643.jpg,normal
Healthy644.jpg,E:\Main project\Batch 15\dataset\normal\Healthy644.jpg,normal
Healthy645.jpg,E:\Main project\Batch 15\dataset\normal\Healthy645.jpg,normal
Healthy646.jpg,E:\Main project\Batch 15\dataset\normal\Healthy646.jpg,normal
Healthy647.jpg,E:\Main project\Batch 15\dataset\normal\Healthy647.jpg,normal
Healthy648.jpg,E:\Main project\Batch 15\dataset\normal\Healthy648.jpg,normal
Healthy649.jpg,E:\Main project\Batch 15\dataset\normal\Healthy649.jpg,normal
Healthy65.jpg,E:\Main project\Batch 15\dataset\normal\Healthy65.jpg,normal
Healthy650.jpg,E:\Main project\Batch 15\dataset\normal\Healthy650.jpg,normal
Healthy652.jpg,E:\Main project\Batch 15\dataset\normal\Healthy652.jpg,normal
Healthy653.jpg,E:\Main project\Batch 15\dataset\normal\Healthy653.jpg,normal
Healthy654.jpg,E:\Main project\Batch 15\dataset\normal\Healthy654.jpg,normal
Healthy655.jpg,E:\Main project\Batch 15\dataset\normal\Healthy655.jpg,normal
Healthy656.jpg,E:\Main project\Batch 15\dataset\normal\Healthy656.jpg,normal
Healthy658.jpg,E:\Main project\Batch 15\dataset\normal\Healthy658.jpg,normal
Healthy659.jpg,E:\Main project\Batch 15\dataset\normal\Healthy659.jpg,normal
Healthy66.jpg,E:\Main project\Batch 15\dataset\normal\Healthy66.jpg,normal
Healthy660.jpg,E:\Main project\Batch 15\dataset\normal\Healthy660.jpg,normal
Healthy661.jpg,E:\Main project\Batch 15\dataset\normal\Healthy661.jpg,normal
Healthy663.jpg,E:\Main project\Batch 15\dataset\normal\Healthy663.jpg,normal
Healthy664.jpg,E:\Main project\Batch 15\dataset\normal\Healthy664.jpg,normal
Healthy665.jpg,E:\Main project\Batch 15\dataset\normal\Healthy665.jpg,normal
Healthy666.jpg,E:\Main project\Batch 15\dataset\normal\Healthy666.jpg,normal
Healthy667.jpg,E:\Main project\Batch 15\dataset\normal\Healthy667.jpg,normal
Healthy668.jpg,E:\Main project\Batch 15\dataset\normal\Healthy668.jpg,normal
Healthy669.jpg,E:\Main project\Batch 15\dataset\normal\Healthy669.jpg,normal
Healthy670.jpg,E:\Main project\Batch 15\dataset\normal\Healthy670.jpg,normal
Healthy671.jpg,E:\Main project\Batch 15\dataset\normal\Healthy671.jpg,normal
Healthy672.jpg,E:\Main project\Batch 15\dataset\normal\Healthy672.jpg,normal
Healthy674.jpg,E:\Main project\Batch 15\dataset\normal\Healthy674.jpg,normal
Healthy675.jpg,E:\Main project\Batch 15\dataset\normal\Healthy675.jpg,normal
Healthy676.jpg,E:\Main project\Batch 15\dataset\normal\Healthy676.jpg,normal
Healthy677.jpg,E:\Main project\Batch 15\dataset\normal\Healthy677.jpg,normal
Healthy678.jpg,E:\Main project\Batch 15\dataset\normal\Healthy678.jpg,normal
Healthy679.jpg,E:\Main project\Batch 15\dataset\normal\Healthy679.jpg,normal
Healthy68.jpg,E:\Main project\Batch 15\dataset\normal\Healthy68.jpg,normal
Healthy680.jpg,E:\Main project\Batch 15\dataset\normal\Healthy680.jpg,normal
Healthy682.jpg,E:\Main project\Batch 15\dataset\normal\Healthy682.jpg,normal
Healthy684.jpg,E:\Main project\Batch 15\dataset\normal\Healthy684.jpg,normal
Healthy685.jpg,E:\Main project\Batch 15\dataset\normal\Healthy685.jpg,normal
Healthy686.jpg,E:\Main project\Batch 15\dataset\normal\Healthy686.jpg,normal
Healthy687.jpg,E:\Main project\Batch 15\dataset\normal\Healthy687.jpg,normal
Healthy688.jpg,E:\Main project\Batch 15\dataset\normal\Healthy688.jpg,normal
Healthy689.jpg,E:\Main project\Batch 15\dataset\normal\Healthy689.jpg,normal
Healthy69.jpg,E:\Main project\Batch 15\dataset\normal\Healthy69.jpg,normal
Healthy690.jpg,E:\Main project\Batch 15\dataset\normal\Healthy690.jpg,normal
Healthy691.jpg,E:\Main project\Batch 15\dataset\normal\Healthy691.jpg,normal
Healthy692.jpg,E:\Main project\Batch 15\dataset\normal\Healthy692.jpg,normal
Healthy693.jpg,E:\Main project\Batch 15\dataset\normal\Healthy693.jpg,normal
Healthy694.jpg,E:\Main project\Batch 15\dataset\normal\Healthy694.jpg,normal
Healthy695.jpg,E:\Main project\Batch 15\dataset\normal\Healthy695.jpg,normal
Healthy696.jpg,E:\Main project\Batch 15\dataset\normal\Healthy696.jpg,normal
Healthy697.jpg,E:\Main project\Batch 15\dataset\normal\Healthy697.jpg,normal
Healthy698.jpg,E:\Main project\Batch 15\dataset\normal\Healthy698.jpg,normal
Healthy699.jpg,E:\Main project\Batch 15\dataset\normal\Healthy699.jpg,normal
Healthy7.jpg,E:\Main project\Batch 15\dataset\normal\Healthy7.jpg,normal
Healthy70.jpg,E:\Main project\Batch 15\dataset\normal\Healthy70.jpg,normal
Healthy700.jpg,E:\Main project\Batch 15\dataset\normal\Healthy700.jpg,normal
Healthy701.jpg,E:\Main project\Batch 15\dataset\normal\Healthy701.jpg,normal
Healthy702.jpg,E:\Main project\Batch 15\dataset\normal\Healthy702.jpg,normal
Healthy703.jpg,E:\Main project\Batch 15\dataset\normal\Healthy703.jpg,normal
Healthy704.jpg,E:\Main project\Batch 15\dataset\normal\Healthy704.jpg,normal
Healthy706.jpg,E:\Main project\Batch 15\dataset\normal\Healthy706.jpg,normal
Healthy707.jpg,E:\Main project\Batch 15\dataset\normal\Healthy707.jpg,normal
Healthy708.jpg,E:\Main project\Batch 15\dataset\normal\Healthy708.jpg,normal
Healthy709.jpg,E:\Main project\Batch 15\dataset\normal\Healthy709.jpg,normal
Healthy71.jpg,E:\Main project\Batch 15\dataset\normal\Healthy71.jpg,normal
Healthy710.jpg,E:\Main project\Batch 15\dataset\normal\Healthy710.jpg,normal
Healthy711.jpg,E:\Main project\Batch 15\dataset\normal\Healthy711.jpg,normal
Healthy712.jpg,E:\Main project\Batch 15\dataset\normal\Healthy712.jpg,normal
Healthy713.jpg,E:\Main project\Batch 15\dataset\normal\Healthy713.jpg,normal
Healthy714.jpg,E:\Main project\Batch 15\dataset\normal\Healthy714.jpg,normal
Healthy715.jpg,E:\Main project\Batch 15\dataset\normal\Healthy715.jpg,normal
Healthy716.jpg,E:\Main project\Batch 15\dataset\normal\Healthy716.jpg,normal
Healthy717.jpg,E:\Main project\Batch 15\dataset\normal\Healthy717.jpg,normal
Healthy718.jpg,E:\Main project\Batch 15\dataset\normal\Healthy718.jpg,normal
Healthy719.jpg,E:\Main project\Batch 15\dataset\normal\Healthy719.jpg,normal
Healthy720.jpg,E:\Main project\Batch 15\dataset\normal\Healthy720.jpg,normal
Healthy721.jpg,E:\Main project\Batch 15\dataset\normal\Healthy721.jpg,normal
Healthy722.jpg,E:\Main project\Batch 15\dataset\normal\Healthy722.jpg,normal
Healthy723.jpg,E:\Main project\Batch 15\dataset\normal\Healthy723.jpg,normal
Healthy724.jpg,E:\Main project\Batch 15\dataset\normal\Healthy724.jpg,normal
Healthy725.jpg,E:\Main project\Batch 15\dataset\normal\Healthy725.jpg,normal
Healthy726.jpg,E:\Main project\Batch 15\dataset\normal\Healthy726.jpg,normal
Healthy727.jpg,E:\Main project\Batch 15\dataset\normal\Healthy727.jpg,normal
Healthy728.jpg,E:\Main project\Batch 15\dataset\normal\Healthy728.jpg,normal
Healthy729.jpg,E:\Main project\Batch 15\dataset\normal\Healthy729.jpg,normal
Healthy73.jpg,E:\Main project\Batch 15\dataset\normal\Healthy73.jpg,normal
Healthy730.jpg,E:\Main project\Batch 15\dataset\normal\Healthy730.jpg,normal
Healthy731.jpg,E:\Main project\Batch 15\dataset\normal\Healthy731.jpg,normal
Healthy732.jpg,E:\Main project\Batch 15\dataset\normal\Healthy732.jpg,normal
Healthy733.jpg,E:\Main project\Batch 15\dataset\normal\Healthy733.jpg,normal
Healthy734.jpg,E:\Main project\Batch 15\dataset\normal\Healthy734.jpg,normal
Healthy735.jpg,E:\Main project\Batch 15\dataset\normal\Healthy735.jpg,normal
Healthy736.jpg,E:\Main project\Batch 15\dataset\normal\Healthy736.jpg,normal
Healthy737.jpg,E:\Main project\Batch 15\dataset\normal\Healthy737.jpg,normal
Healthy738.jpg,E:\Main project\Batch 15\dataset\normal\Healthy738.jpg,normal
Healthy739.jpg,E:\Main project\Batch 15\dataset\normal\Healthy739.jpg,normal
Healthy740.jpg,E:\Main project\Batch 15\dataset\normal\Healthy740.jpg,normal
Healthy741.jpg,E:\Main project\Batch 15\dataset\normal\Healthy741.jpg,normal
Healthy742.jpg,E:\Main project\Batch 15\dataset\normal\Healthy742.jpg,normal
Healthy743.jpg,E:\Main project\Batch 15\dataset\normal\Healthy743.jpg,normal
Healthy744.jpg,E:\Main project\Batch 15\dataset\normal\Healthy744.jpg,normal
Healthy745.jpg,E:\Main project\Batch 15\dataset\normal\Healthy745.jpg,normal
Healthy746.jpg,E:\Main project\Batch 15\dataset\normal\Healthy746.jpg,normal
Healthy747.jpg,E:\Main project\Batch 15\dataset\normal\Healthy747.jpg,normal
Healthy748.jpg,E:\Main project\Batch 15\dataset\normal\Healthy748.jpg,normal
Healthy749.jpg,E:\Main project\Batch 15\dataset\normal\Healthy749.jpg,normal
Healthy75.jpg,E:\Main project\Batch 15\dataset\normal\Healthy75.jpg,normal
Healthy750.jpg,E:\Main project\Batch 15\dataset\normal\Healthy750.jpg,normal
Healthy751.jpg,E:\Main project\Batch 15\dataset\normal\Healthy751.jpg,normal
Healthy752.jpg,E:\Main project\Batch 15\dataset\normal\Healthy752.jpg,normal
Healthy753.jpg,E:\Main project\Batch 15\dataset\normal\Healthy753.jpg,normal
Healthy754.jpg,E:\Main project\Batch 15\dataset\normal\Healthy754.jpg,normal
Healthy755.jpg,E:\Main project\Batch 15\dataset\normal\Healthy755.jpg,normal
Healthy756.jpg,E:\Main project\Batch 15\dataset\normal\Healthy756.jpg,normal
Healthy757.jpg,E:\Main project\Batch 15\dataset\normal\Healthy757.jpg,normal
Healthy758.jpg,E:\Main project\Batch 15\dataset\normal\Healthy758.jpg,normal
Healthy759.jpg,E:\Main project\Batch 15\dataset\normal\Healthy759.jpg,normal
Healthy760.jpg,E:\Main project\Batch 15\dataset\normal\Healthy760.jpg,normal
Healthy761.jpg,E:\Main project\Batch 15\dataset\normal\Healthy761.jpg,normal
Healthy762.jpg,E:\Main project\Batch 15\dataset\normal\Healthy762.jpg,normal
Healthy763.jpg,E:\Main project\Batch 15\dataset\normal\Healthy763.jpg,normal
Healthy764.jpg,E:\Main project\Batch 15\dataset\normal\Healthy764.jpg,normal
Healthy765.jpg,E:\Main project\Batch 15\dataset\normal\Healthy765.jpg,normal
Healthy766.jpg,E:\Main project\Batch 15\dataset\normal\Healthy766.jpg,normal
Healthy768.jpg,E:\Main project\Batch 15\dataset\normal\Healthy768.jpg,normal
Healthy769.jpg,E:\Main project\Batch 15\dataset\normal\Healthy769.jpg,normal
Healthy770.jpg,E:\Main project\Batch 15\dataset\normal\Healthy770.jpg,normal
Healthy771.jpg,E:\Main project\Batch 15\dataset\normal\Healthy771.jpg,normal
Healthy772.jpg,E:\Main project\Batch 15\dataset\normal\Healthy772.jpg,normal
Healthy773.jpg,E:\Main project\Batch 15\dataset\normal\Healthy773.jpg,normal
Healthy774.jpg,E:\Main project\Batch 15\dataset\normal\Healthy774.jpg,normal
Healthy775.jpg,E:\Main project\Batch 15\dataset\normal\Healthy775.jpg,normal
Healthy776.jpg,E:\Main project\Batch 15\dataset\normal\Healthy776.jpg,normal
Healthy777.jpg,E:\Main project\Batch 15\dataset\normal\Healthy777.jpg,normal
Healthy778.jpg,E:\Main project\Batch 15\dataset\normal\Healthy778.jpg,normal
Healthy779.jpg,E:\Main project\Batch 15\dataset\normal\Healthy779.jpg,normal
Healthy78.jpg,E:\Main project\Batch 15\dataset\normal\Healthy78.jpg,normal
Healthy780.jpg,E:\Main project\Batch 15\dataset\normal\Healthy780.jpg,normal
Healthy781.jpg,E:\Main project\Batch 15\dataset\normal\Healthy781.jpg,normal
Healthy782.jpg,E:\Main project\Batch 15\dataset\normal\Healthy782.jpg,normal
Healthy783.jpg,E:\Main project\Batch 15\dataset\normal\Healthy783.jpg,normal
Healthy784.jpg,E:\Main project\Batch 15\dataset\normal\Healthy784.jpg,normal
Healthy785.jpg,E:\Main project\Batch 15\dataset\normal\Healthy785.jpg,normal
Healthy786.jpg,E:\Main project\Batch 15\dataset\normal\Healthy786.jpg,normal
Healthy787.jpg,E:\Main project\Batch 15\dataset\normal\Healthy787.jpg,normal
Healthy788.jpg,E:\Main project\Batch 15\dataset\normal\Healthy788.jpg,normal
Healthy789.jpg,E:\Main project\Batch 15\dataset\normal\Healthy789.jpg,normal
Healthy79.jpg,E:\Main project\Batch 15\dataset\normal\Healthy79.jpg,normal
Healthy790.jpg,E:\Main project\Batch 15\dataset\normal\Healthy790.jpg,normal
Healthy791.jpg,E:\Main project\Batch 15\dataset\normal\Healthy791.jpg,normal
Healthy792.jpg,E:\Main project\Batch 15\dataset\normal\Healthy792.jpg,normal
Healthy793.jpg,E:\Main project\Batch 15\dataset\normal\Healthy793.jpg,normal
Healthy794.jpg,E:\Main project\Batch 15\dataset\normal\Healthy794.jpg,normal
Healthy795.jpg,E:\Main project\Batch 15\dataset\normal\Healthy795.jpg,normal
Healthy796.jpg,E:\Main project\Batch 15\dataset\normal\Healthy796.jpg,normal
Healthy797.jpg,E:\Main project\Batch 15\dataset\normal\Healthy797.jpg,normal
Healthy798.jpg,E:\Main project\Batch 15\dataset\normal\Healthy798.jpg,normal
Healthy799.jpg,E:\Main project\Batch 15\dataset\normal\Healthy799.jpg,normal
Healthy8.jpg,E:\Main project\Batch 15\dataset\normal\Healthy8.jpg,normal
Healthy800.jpg,E:\Main project\Batch 15\dataset\normal\Healthy800.jpg,normal
Healthy802.jpg,E:\Main project\Batch 15\dataset\normal\Healthy802.jpg,normal
Healthy803.jpg,E:\Main project\Batch 15\dataset\normal\Healthy803.jpg,normal
Healthy804.jpg,E:\Main project\Batch 15\dataset\normal\Healthy804.jpg,normal
Healthy806.jpg,E:\Main project\Batch 15\dataset\normal\Healthy806.jpg,normal
Healthy807.jpg,E:\Main project\Batch 15\dataset\normal\Healthy807.jpg,normal
Healthy808.jpg,E:\Main project\Batch 15\dataset\normal\Healthy808.jpg,normal
Healthy809.jpg,E:\Main project\Batch 15\dataset\normal\Healthy809.jpg,normal
Healthy81.jpg,E:\Main project\Batch 15\dataset\normal\Healthy81.jpg,normal
Healthy810.jpg,E:\Main project\Batch 15\dataset\normal\Healthy810.jpg,normal
Healthy811.jpg,E:\Main project\Batch 15\dataset\normal\Healthy811.jpg,normal
Healthy812.jpg,E:\Main project\Batch 15\dataset\normal\Healthy812.jpg,normal
Healthy813.jpg,E:\Main project\Batch 15\dataset\normal\Healthy813.jpg,normal
Healthy814.jpg,E:\Main project\Batch 15\dataset\normal\Healthy814.jpg,normal
Healthy815.jpg,E:\Main project\Batch 15\dataset\normal\Healthy815.jpg,normal
Healthy816.jpg,E:\Main project\Batch 15\dataset\normal\Healthy816.jpg,normal
Healthy817.jpg,E:\Main project\Batch 15\dataset\normal\Healthy817.jpg,normal
Healthy818.jpg,E:\Main project\Batch 15\dataset\normal\Healthy818.jpg,normal
Healthy822.jpg,E:\Main project\Batch 15\dataset\normal\Healthy822.jpg,normal
Healthy823.jpg,E:\Main project\Batch 15\dataset\normal\Healthy823.jpg,normal
Healthy824.jpg,E:\Main project\Batch 15\dataset\normal\Healthy824.jpg,normal
Healthy825.jpg,E:\Main project\Batch 15\dataset\normal\Healthy825.jpg,normal
Healthy826.jpg,E:\Main project\Batch 15\dataset\normal\Healthy826.jpg,normal
Healthy828.jpg,E:\Main project\Batch 15\dataset\normal\Healthy828.jpg,normal
Healthy829.jpg,E:\Main project\Batch 15\dataset\normal\Healthy829.jpg,normal
Healthy83.jpg,E:\Main project\Batch 15\dataset\normal\Healthy83.jpg,normal
Healthy830.jpg,E:\Main project\Batch 15\dataset\normal\Healthy830.jpg,normal
Healthy832.jpg,E:\Main project\Batch 15\dataset\normal\Healthy832.jpg,normal
Healthy833.jpg,E:\Main project\Batch 15\dataset\normal\Healthy833.jpg,normal
Healthy834.jpg,E:\Main project\Batch 15\dataset\normal\Healthy834.jpg,normal
Healthy835.jpg,E:\Main project\Batch 15\dataset\normal\Healthy835.jpg,normal
Healthy837.jpg,E:\Main project\Batch 15\dataset\normal\Healthy837.jpg,normal
Healthy838.jpg,E:\Main project\Batch 15\dataset\normal\Healthy838.jpg,normal
Healthy839.jpg,E:\Main project\Batch 15\dataset\normal\Healthy839.jpg,normal
Healthy84.jpg,E:\Main project\Batch 15\dataset\normal\Healthy84.jpg,normal
Healthy840.jpg,E:\Main project\Batch 15\dataset\normal\Healthy840.jpg,normal
Healthy841.jpg,E:\Main project\Batch 15\dataset\normal\Healthy841.jpg,normal
Healthy842.jpg,E:\Main project\Batch 15\dataset\normal\Healthy842.jpg,normal
Healthy843.jpg,E:\Main project\Batch 15\dataset\normal\Healthy843.jpg,normal
Healthy844.jpg,E:\Main project\Batch 15\dataset\normal\Healthy844.jpg,normal
Healthy845.jpg,E:\Main project\Batch 15\dataset\normal\Healthy845.jpg,normal
Healthy846.jpg,E:\Main project\Batch 15\dataset\normal\Healthy846.jpg,normal
Healthy848.jpg,E:\Main project\Batch 15\dataset\normal\Healthy848.jpg,normal
Healthy849.jpg,E:\Main project\Batch 15\dataset\normal\Healthy849.jpg,normal
Healthy85.jpg,E:\Main project\Batch 15\dataset\normal\Healthy85.jpg,normal
Healthy854.jpg,E:\Main project\Batch 15\dataset\normal\Healthy854.jpg,normal
Healthy855.jpg,E:\Main project\Batch 15\dataset\normal\Healthy855.jpg,normal
Healthy856.jpg,E:\Main project\Batch 15\dataset\normal\Healthy856.jpg,normal
Healthy857.jpg,E:\Main project\Batch 15\dataset\normal\Healthy857.jpg,normal
Healthy858.jpg,E:\Main project\Batch 15\dataset\normal\Healthy858.jpg,normal
Healthy859.jpg,E:\Main project\Batch 15\dataset\normal\Healthy859.jpg,normal
Healthy86.jpg,E:\Main project\Batch 15\dataset\normal\Healthy86.jpg,normal
Healthy860.jpg,E:\Main project\Batch 15\dataset\normal\Healthy860.jpg,normal
Healthy862.jpg,E:\Main project\Batch 15\dataset\normal\Healthy862.jpg,normal
Healthy863.jpg,E:\Main project\Batch 15\dataset\normal\Healthy863.jpg,normal
Healthy864.jpg,E:\Main project\Batch 15\dataset\normal\Healthy864.jpg,normal
Healthy87.jpg,E:\Main project\Batch 15\dataset\normal\Healthy87.jpg,normal
Healthy870.jpg,E:\Main project\Batch 15\dataset\normal\Healthy870.jpg,normal
Healthy871.jpg,E:\Main project\Batch 15\dataset\normal\Healthy871.jpg,normal
Healthy872.jpg,E:\Main project\Batch 15\dataset\normal\Healthy872.jpg,normal
Healthy873.jpg,E:\Main project\Batch 15\dataset\normal\Healthy873.jpg,normal
Healthy874.jpg,E:\Main project\Batch 15\dataset\normal\Healthy874.jpg,normal
Healthy875.jpg,E:\Main project\Batch 15\dataset\normal\Healthy875.jpg,normal
Healthy876.jpg,E:\Main project\Batch 15\dataset\normal\Healthy876.jpg,normal
Healthy877.jpg,E:\Main project\Batch 15\dataset\normal\Healthy877.jpg,normal
Healthy878.jpg,E:\Main project\Batch 15\dataset\normal\Healthy878.jpg,normal
Healthy879.jpg,E:\Main project\Batch 15\dataset\normal\Healthy879.jpg,normal
Healthy88.jpg,E:\Main project\Batch 15\dataset\normal\Healthy88.jpg,normal
Healthy880.jpg,E:\Main project\Batch 15\dataset\normal\Healthy880.jpg,normal
Healthy881.jpg,E:\Main project\Batch 15\dataset\normal\Healthy881.jpg,normal
Healthy882.jpg,E:\Main project\Batch 15\dataset\normal\Healthy882.jpg,normal
Healthy883.jpg,E:\Main project\Batch 15\dataset\normal\Healthy883.jpg,normal
Healthy884.jpg,E:\Main project\Batch 15\dataset\normal\Healthy884.jpg,normal
Healthy885.jpg,E:\Main project\Batch 15\dataset\normal\Healthy885.jpg,normal
Healthy886.jpg,E:\Main project\Batch 15\dataset\normal\Healthy886.jpg,normal
Healthy887.jpg,E:\Main project\Batch 15\dataset\normal\Healthy887.jpg,normal
Healthy889.jpg,E:\Main project\Batch 15\dataset\normal\Healthy889.jpg,normal
Healthy89.jpg,E:\Main project\Batch 15\dataset\normal\Healthy89.jpg,normal
Healthy890.jpg,E:\Main project\Batch 15\dataset\normal\Healthy890.jpg,normal
Healthy891.jpg,E:\Main project\Batch 15\dataset\normal\Healthy891.jpg,normal
Healthy892.jpg,E:\Main project\Batch 15\dataset\normal\Healthy892.jpg,normal
Healthy893.jpg,E:\Main project\Batch 15\dataset\normal\Healthy893.jpg,normal
Healthy894.jpg,E:\Main project\Batch 15\dataset\normal\Healthy894.jpg,normal
Healthy895.jpg,E:\Main project\Batch 15\dataset\normal\Healthy895.jpg,normal
Healthy896.jpg,E:\Main project\Batch 15\dataset\normal\Healthy896.jpg,normal
Healthy897.jpg,E:\Main project\Batch 15\dataset\normal\Healthy897.jpg,normal
Healthy898.jpg,E:\Main project\Batch 15\dataset\normal\Healthy898.jpg,normal
Healthy899.jpg,E:\Main project\Batch 15\dataset\normal\Healthy899.jpg,normal
Healthy9.jpg,E:\Main project\Batch 15\dataset\normal\Healthy9.jpg,normal
Healthy90.jpg,E:\Main project\Batch 15\dataset\normal\Healthy90.jpg,normal
Healthy900.jpg,E:\Main project\Batch 15\dataset\normal\Healthy900.jpg,normal
Healthy901.jpg,E:\Main project\Batch 15\dataset\normal\Healthy901.jpg,normal
Healthy902.jpg,E:\Main project\Batch 15\dataset\normal\Healthy902.jpg,normal
Healthy904.jpg,E:\Main project\Batch 15\dataset\normal\Healthy904.jpg,normal
Healthy905.jpg,E:\Main project\Batch 15\dataset\normal\Healthy905.jpg,normal
Healthy906.jpg,E:\Main project\Batch 15\dataset\normal\Healthy906.jpg,normal
Healthy907.jpg,E:\Main project\Batch 15\dataset\normal\Healthy907.jpg,normal
Healthy909.jpg,E:\Main project\Batch 15\dataset\normal\Healthy909.jpg,normal
Healthy91.jpg,E:\Main project\Batch 15\dataset\normal\Healthy91.jpg,normal
Healthy910.jpg,E:\Main project\Batch 15\dataset\normal\Healthy910.jpg,normal
Healthy911.jpg,E:\Main project\Batch 15\dataset\normal\Healthy911.jpg,normal
Healthy912.jpg,E:\Main project\Batch 15\dataset\normal\Healthy912.jpg,normal
Healthy913.jpg,E:\Main project\Batch 15\dataset\normal\Healthy913.jpg,normal
Healthy914.jpg,E:\Main project\Batch 15\dataset\normal\Healthy914.jpg,normal
Healthy915.jpg,E:\Main project\Batch 15\dataset\normal\Healthy915.jpg,normal
Healthy916.jpg,E:\Main project\Batch 15\dataset\normal\Healthy916.jpg,normal
Healthy917.jpg,E:\Main project\Batch 15\dataset\normal\Healthy917.jpg,normal
Healthy918.jpg,E:\Main project\Batch 15\dataset\normal\Healthy918.jpg,normal
Healthy919.jpg,E:\Main project\Batch 15\dataset\normal\Healthy919.jpg,normal
Healthy920.jpg,E:\Main project\Batch 15\dataset\normal\Healthy920.jpg,normal
Healthy921.jpg,E:\Main project\Batch 15\dataset\normal\Healthy921.jpg,normal
Healthy922.jpg,E:\Main project\Batch 15\dataset\normal\Healthy922.jpg,normal
Healthy923.jpg,E:\Main project\Batch 15\dataset\normal\Healthy923.jpg,normal
Healthy924.jpg,E:\Main project\Batch 15\dataset\normal\Healthy924.jpg,normal
Healthy925.jpg,E:\Main project\Batch 15\dataset\normal\Healthy925.jpg,normal
Healthy926.jpg,E:\Main project\Batch 15\dataset\normal\Healthy926.jpg,normal
Healthy927.jpg,E:\Main project\Batch 15\dataset\normal\Healthy927.jpg,normal
Healthy928.jpg,E:\Main project\Batch 15\dataset\normal\Healthy928.jpg,normal
Healthy929.jpg,E:\Main project\Batch 15\dataset\normal\Healthy929.jpg,normal
Healthy93.jpg,E:\Main project\Batch 15\dataset\normal\Healthy93.jpg,normal
Healthy930.jpg,E:\Main project\Batch 15\dataset\normal\Healthy930.jpg,normal
Healthy931.jpg,E:\Main project\Batch 15\dataset\normal\Healthy931.jpg,normal
Healthy933.jpg,E:\Main project\Batch 15\dataset\normal\Healthy933.jpg,normal
Healthy934.jpg,E:\Main project\Batch 15\dataset\normal\Healthy934.jpg,normal
Healthy935.jpg,E:\Main project\Batch 15\dataset\normal\Healthy935.jpg,normal
Healthy936.jpg,E:\Main project\Batch 15\dataset\normal\Healthy936.jpg,normal
Healthy939.jpg,E:\Main project\Batch 15\dataset\normal\Healthy939.jpg,normal
Healthy94.jpg,E:\Main project\Batch 15\dataset\normal\Healthy94.jpg,normal
Healthy940.jpg,E:\Main project\Batch 15\dataset\normal\Healthy940.jpg,normal
Healthy941.jpg,E:\Main project\Batch 15\dataset\normal\Healthy941.jpg,normal
Healthy942.jpg,E:\Main project\Batch 15\dataset\normal\Healthy942.jpg,normal
Healthy943.jpg,E:\Main project\Batch 15\dataset\normal\Healthy943.jpg,normal
Healthy944.jpg,E:\Main project\Batch 15\dataset\normal\Healthy944.jpg,normal
Healthy945.jpg,E:\Main project\Batch 15\dataset\normal\Healthy945.jpg,normal
Healthy946.jpg,E:\Main project\Batch 15\dataset\normal\Healthy946.jpg,normal
Healthy947.jpg,E:\Main project\Batch 15\dataset\normal\Healthy947.jpg,normal
Healthy948.jpg,E:\Main project\Batch 15\dataset\normal\Healthy948.jpg,normal
Healthy949.jpg,E:\Main project\Batch 15\dataset\normal\Healthy949.jpg,normal
Healthy95.jpg,E:\Main project\Batch 15\dataset\normal\Healthy95.jpg,normal
Healthy950.jpg,E:\Main project\Batch 15\dataset\normal\Healthy950.jpg,normal
Healthy951.jpg,E:\Main project\Batch 15\dataset\normal\Healthy951.jpg,normal
Healthy952.jpg,E:\Main project\Batch 15\dataset\normal\Healthy952.jpg,normal
Healthy953.jpg,E:\Main project\Batch 15\dataset\normal\Healthy953.jpg,normal
Healthy954.jpg,E:\Main project\Batch 15\dataset\normal\Healthy954.jpg,normal
Healthy955.jpg,E:\Main project\Batch 15\dataset\normal\Healthy955.jpg,normal
Healthy956.jpg,E:\Main project\Batch 15\dataset\normal\Healthy956.jpg,normal
Healthy957.jpg,E:\Main project\Batch 15\dataset\normal\Healthy957.jpg,normal
Healthy958.jpg,E:\Main project\Batch 15\dataset\normal\Healthy958.jpg,normal
Healthy959.jpg,E:\Main project\Batch 15\dataset\normal\Healthy959.jpg,normal
Healthy96.jpg,E:\Main project\Batch 15\dataset\normal\Healthy96.jpg,normal
Healthy960.jpg,E:\Main project\Batch 15\dataset\normal\Healthy960.jpg,normal
Healthy961.jpg,E:\Main project\Batch 15\dataset\normal\Healthy961.jpg,normal
Healthy962.jpg,E:\Main project\Batch 15\dataset\normal\Healthy962.jpg,normal
Healthy963.jpg,E:\Main project\Batch 15\dataset\normal\Healthy963.jpg,normal
Healthy964.jpg,E:\Main project\Batch 15\dataset\normal\Healthy964.jpg,normal
Healthy965.jpg,E:\Main project\Batch 15\dataset\normal\Healthy965.jpg,normal
Healthy966.jpg,E:\Main project\Batch 15\dataset\normal\Healthy966.jpg,normal
Healthy967.jpg,E:\Main project\Batch 15\dataset\normal\Healthy967.jpg,normal
Healthy968.jpg,E:\Main project\Batch 15\dataset\normal\Healthy968.jpg,normal
Healthy969.jpg,E:\Main project\Batch 15\dataset\normal\Healthy969.jpg,normal
Healthy97.jpg,E:\Main project\Batch 15\dataset\normal\Healthy97.jpg,normal
Healthy970.jpg,E:\Main project\Batch 15\dataset\normal\Healthy970.jpg,normal
Healthy971.jpg,E:\Main project\Batch 15\dataset\normal\Healthy971.jpg,normal
Healthy972.jpg,E:\Main project\Batch 15\dataset\normal\Healthy972.jpg,normal
Healthy973.jpg,E:\Main project\Batch 15\dataset\normal\Healthy973.jpg,normal
Healthy974.jpg,E:\Main project\Batch 15\dataset\normal\Healthy974.jpg,normal
Healthy975.jpg,E:\Main project\Batch 15\dataset\normal\Healthy975.jpg,normal
Healthy976.jpg,E:\Main project\Batch 15\dataset\normal\Healthy976.jpg,normal
Healthy977.jpg,E:\Main project\Batch 15\dataset\normal\Healthy977.jpg,normal
Healthy978.jpg,E:\Main project\Batch 15\dataset\normal\Healthy978.jpg,normal
Healthy979.jpg,E:\Main project\Batch 15\dataset\normal\Healthy979.jpg,normal
Healthy98.jpg,E:\Main project\Batch 15\dataset\normal\Healthy98.jpg,normal
Healthy980.jpg,E:\Main project\Batch 15\dataset\normal\Healthy980.jpg,normal
Healthy981.jpg,E:\Main project\Batch 15\dataset\normal\Healthy981.jpg,normal
Healthy983.jpg,E:\Main project\Batch 15\dataset\normal\Healthy983.jpg,normal
Healthy984.jpg,E:\Main project\Batch 15\dataset\normal\Healthy984.jpg,normal
Healthy985.jpg,E:\Main project\Batch 15\dataset\normal\Healthy985.jpg,normal
Healthy986.jpg,E:\Main project\Batch 15\dataset\normal\Healthy986.jpg,normal
Healthy987.jpg,E:\Main project\Batch 15\dataset\normal\Healthy987.jpg,normal
Healthy988.jpg,E:\Main project\Batch 15\dataset\normal\Healthy988.jpg,normal
Healthy989.jpg,E:\Main project\Batch 15\dataset\normal\Healthy989.jpg,normal
Healthy990.jpg,E:\Main project\Batch 15\dataset\normal\Healthy990.jpg,normal
Healthy991.jpg,E:\Main project\Batch 15\dataset\normal\Healthy991.jpg,normal
Healthy992.jpg,E:\Main project\Batch 15\dataset\normal\Healthy992.jpg,normal
Healthy993.jpg,E:\Main project\Batch 15\dataset\normal\Healthy993.jpg,normal
Healthy994.jpg,E:\Main project\Batch 15\dataset\normal\Healthy994.jpg,normal
Healthy996.jpg,E:\Main project\Batch 15\dataset\normal\Healthy996.jpg,normal
Healthy998.jpg,E:\Main project\Batch 15\dataset\normal\Healthy998.jpg,normal
Healthy999.jpg,E:\Main project\Batch 15\dataset\normal\Healthy999.jpg,normal
